One Model With Late Self Training,Two Models With Late Self Training,Zipf Two Models With Late Self Training,"Zipf Two Models With q(t), S(t), and C(x,f)",Zipf_Two_Models_q_S_C,Zipf_n2_qS_ramp_KLJS,Zipf_n1_qS_ramp_KLJS,Zipf_n10_qS_ramp_KLJS
5.3019122270711725e-05,5.3019122270711725e-05,1.117950135797807e-05,1.03961577609876e-05,1.0365513173701997e-05,7.756641637554141e-05,1.0755700472297282e-05,1.6597454775239535e-05
5.291313704529257e-05,5.291313704529257e-05,1.1451007052370245e-05,9.910033727011725e-06,9.88090599679725e-06,7.406856016643107e-05,1.028185808933928e-05,1.5859735116174335e-05
5.270888537806814e-05,5.270888537806814e-05,1.172767718143026e-05,9.466458439178084e-06,9.438790255168018e-06,7.07596385311099e-05,9.84360607337564e-06,1.5171457030121824e-05
5.2413907029938754e-05,5.2413907029938754e-05,1.2001852479854823e-05,9.059607635818624e-06,9.033346662010704e-06,6.762505238497775e-05,9.437484917490092e-06,1.4528108957679376e-05
5.2035525049945774e-05,5.2035525049945774e-05,1.2267311269719602e-05,8.685659953365906e-06,8.66075505374557e-06,6.465242502281497e-05,9.060621432109852e-06,1.3925919651580796e-05
5.158081618224916e-05,5.158081618224916e-05,1.2519073821036664e-05,8.34144225528854e-06,8.317843411537247e-06,6.183092559551248e-05,8.710576969230972e-06,1.3361658818481399e-05
5.105658825036403e-05,5.105658825036403e-05,1.2753229924361996e-05,8.024277122398532e-06,8.001935433346878e-06,5.9150922234969125e-05,8.385254543525787e-06,1.2832520686025571e-05
5.046936353258227e-05,5.046936353258227e-05,1.296678711453578e-05,7.731877793157881e-06,7.710745499942176e-06,5.660375938378422e-05,8.082832652921074e-06,1.2336043036750945e-05
4.982536726067675e-05,4.982536726067675e-05,1.315753725536066e-05,7.462270833774043e-06,7.442301349996455e-06,5.418159850582284e-05,7.801715093746103e-06,1.1870046561746527e-05
4.913052047907628e-05,4.913052047907628e-05,1.3323939437879364e-05,7.213737200953815e-06,7.194885139678919e-06,5.187729699910061e-05,7.540491691611634e-06,1.1432587659142692e-05
4.839043659509804e-05,4.839043659509803e-05,1.3465017362722395e-05,6.9847663657577e-06,6.966987560305394e-06,4.968431262199794e-05,7.297907011624357e-06,1.1021920860851162e-05
4.7610421033768586e-05,4.7610421033768586e-05,1.358026957229528e-05,6.7740200958594585e-06,6.757271613603387e-06,4.759662613980315e-05,7.0728351366387796e-06,1.0636468485077696e-05
4.679547348436977e-05,4.679547348436977e-05,1.3669591073647866e-05,6.580303568393172e-06,6.564543717774912e-06,4.5608677592174414e-05,6.864259174533241e-06,1.0274795874482781e-05
4.595029229111074e-05,4.595029229111074e-05,1.3733205049768576e-05,6.402542147084292e-06,6.3877304784759864e-06,4.371531307819426e-05,6.671254511071304e-06,9.935591038441429e-06
4.507928059814469e-05,4.507928059814469e-05,1.3771603497624006e-05,6.2397625934276645e-06,6.225859894620838e-06,4.191173985750771e-05,6.492975062984404e-06,9.617647816404803e-06
4.4186553910323005e-05,4.4186553910323005e-05,1.378549575718065e-05,6.0910777833829965e-06,6.078046070492771e-06,4.019348814554358e-05,6.328641953923608e-06,9.319851885231753e-06
4.327594877632732e-05,4.327594877632732e-05,1.3775764008398148e-05,5.955674217213477e-06,5.943476721736995e-06,3.8556378372553885e-05,6.177534159027608e-06,9.04116908141384e-06
4.2351032340784986e-05,4.2351032340784986e-05,1.3743424914115802e-05,5.832801769000106e-06,5.821402921692282e-06,3.699649295192402e-05,6.038980756536744e-06,8.780635618973029e-06
4.141511254723354e-05,4.141511254723354e-05,1.3689596677078284e-05,5.721765241496914e-06,5.711130653644087e-06,3.551015180368281e-05,5.912354496090178e-06,8.537349867263575e-06
4.047124880486731e-05,4.047124880486731e-05,1.3615470860148214e-05,5.621917382683865e-06,5.61201382527589e-06,3.4093891028804925e-05,5.797066448898817e-06,8.31046541746081e-06
3.9522262959340086e-05,3.9522262959340086e-05,1.352228839101302e-05,5.532653090268096e-06,5.523448471495996e-06,3.2744444244064505e-05,5.692561548852515e-06,8.099185217162244e-06
3.857075043192042e-05,3.857075043192042e-05,1.341131923728834e-05,5.4534045847963565e-06,5.444867926237607e-06,3.145872617585669e-05,5.598314868588038e-06,7.90275659270921e-06
3.7619091412373175e-05,3.7619091412373175e-05,1.3283845295642586e-05,5.383637374762356e-06,5.375738786559333e-06,3.023381818128485e-05,5.5138285026358675e-06,7.720467011015545e-06
3.666946200939963e-05,3.666946200939963e-05,1.3141146090125852e-05,5.322846870878926e-06,5.315557526167557e-06,2.9066955420588902e-05,5.438628952476852e-06,7.551640458655208e-06
3.5723845278605584e-05,3.5723845278605584e-05,1.2984486920920586e-05,5.270555533574405e-06,5.263847642378881e-06,2.795551544998647e-05,5.372264926802962e-06,7.395634337047452e-06
3.385676608679168e-05,3.4784042062044864e-05,1.281510914581393e-05,5.226310459292546e-06,5.220157242067197e-06,2.689700804063509e-05,5.3143054853542685e-06,7.251836789796517e-06
3.211401469818759e-05,3.385168158563875e-05,1.2634222313338148e-05,5.1896813284832896e-06,5.184056989453402e-06,2.58890660594887e-05,5.264338467065902e-06,7.119664392368553e-06
3.048865476413052e-05,3.292823177141201e-05,1.244299789919824e-05,5.160258652153487e-06,5.155138352582341e-06,2.4929437272666425e-05,5.221969153427848e-06,6.998560145924358e-06
2.8973793259890296e-05,3.201500923069795e-05,1.2242564426720528e-05,5.137652265186525e-06,5.1330120966753145e-06,2.401597695260698e-05,5.186819126350459e-06,6.887991726744941e-06
2.7562653311544387e-05,3.111318891241639e-05,1.2034003777985347e-05,5.121490023869197e-06,5.117306981779255e-06,2.3146641187547303e-05,5.15852528676811e-06,6.787449950662825e-06
2.624863310604915e-05,3.0223813387368583e-05,1.1818348525385982e-05,5.111416672600085e-06,5.107668629672372e-06,2.2319480806363295e-05,5.136739005965544e-06,6.696447418543045e-06
2.50253522423225e-05,2.9347801755352723e-05,1.1596580133885254e-05,5.107092850923885e-06,5.1037585311585465e-06,2.153263584403915e-05,5.1211253863879635e-06,6.614517314383998e-06
2.38866868670177e-05,2.8485958166901554e-05,1.1369627902489872e-05,5.108194217100807e-06,5.1052531699493654e-06,2.0784330483383335e-05,5.111362612668103e-06,6.541212332222696e-06
2.2826794920457497e-05,2.763897995568461e-05,1.1138368529673137e-05,5.114410668586308e-06,5.111843243500449e-06,2.00728684174023e-05,5.107141376910733e-06,6.47610371188876e-06
2.184013278867455e-05,2.680746538119348e-05,1.09036262018655e-05,5.125445643229721e-06,5.123232964603289e-06,1.939662858423398e-05,5.108164365030911e-06,6.418780366884411e-06
2.09214646118663e-05,2.599192098432346e-05,1.0666173116894403e-05,5.141015487834005e-06,5.139139430368629e-06,1.8754061232942027e-05,5.114145793240046e-06,6.368848090378917e-06
2.0065865435901266e-05,2.519276856095119e-05,1.0426730365564031e-05,5.160848883060484e-06,5.159292047579937e-06,1.814368428395155e-05,5.124810985690189e-06,6.325928827581309e-06
1.926871931261321e-05,2.441035176065031e-05,1.018596910457855e-05,5.184686315599151e-06,5.183432005332988e-06,1.756407995260937e-05,5.139895985884973e-06,6.289660004666378e-06
1.852571335942654e-05,2.3644942319344777e-05,9.944511962868909e-06,5.21227959012797e-06,5.2113117874810834e-06,1.7013891608395836e-05,5.1591471957979115e-06,6.259693906034337e-06
1.7832828683653393e-05,2.289674593602124e-05,9.702934631208911e-06,5.243391374911392e-06,5.242694718732703e-06,1.649182084579755e-05,5.182321037748486e-06,6.23569709303377e-06
1.7186328966406464e-05,2.216590780465409e-05,9.461767591913054e-06,5.277795247493116e-06,5.2773550141639595e-06,1.5996624745856113e-05,5.2091836350100145e-06,6.217349858410819e-06
1.6582747390162012e-05,2.1452517813279363e-05,9.22149795149756e-06,5.315274433057435e-06,5.315076510773863e-06,1.552711331000427e-05,5.239510507890685e-06,6.204345711699491e-06
1.6018872486648174e-05,2.0756615422720694e-05,8.982571344546523e-06,5.355621709827933e-06,5.355652577053019e-06,1.5082147050047282e-05,5.273086282665713e-06,6.196390891566959e-06
1.5491733381103948e-05,2.0078194237853666e-05,8.745393881738184e-06,5.3986391305842305e-06,5.398885835653774e-06,1.4660631360654238e-05,5.309704718658766e-06,6.19320389035644e-06
1.4998584817262487e-05,1.94172062845215e-05,8.510334119123282e-06,5.4441376837643385e-06,5.444587824967204e-06,1.4261522064116798e-05,5.349167837325873e-06,6.194515130313982e-06
1.4536892265944884e-05,1.8773566005308203e-05,8.27772502937365e-06,5.491936967033471e-06,5.492578673176425e-06,1.3883819019232208e-05,5.391285921982759e-06,6.200066400786742e-06
1.4104317349400716e-05,1.814715398735671e-05,8.047865958890779e-06,5.541864872181454e-06,5.542686783645281e-06,1.3526564042445072e-05,5.43587728096e-06,6.209610453892234e-06
1.369870375336867e-05,1.7537820435307292e-05,7.821024557433706e-06,5.593757280428633e-06,5.594748530719696e-06,1.3188839137864383e-05,5.48276800030341e-06,6.222910618419387e-06
1.3318063748676507e-05,1.694538840224154e-05,7.597438669338225e-06,5.6474577673974265e-06,5.648607965196572e-06,1.2869764812168991e-05,5.531791701135859e-06,6.239740426239265e-06
1.296056540318524e-05,1.6369656791263803e-05,7.377318177496258e-06,5.702817317150277e-06,5.704116528859056e-06,1.256849846878846e-05,5.582789301406584e-06,6.259883250396617e-06
1.2624520531983172e-05,1.5810403140046657e-05,7.160846793082014e-06,5.759694044810449e-06,5.761132777592967e-06,1.2284232876278672e-05,5.635608781852095e-06,6.283131954198115e-06
1.2308373407870676e-05,1.5267386200321263e-05,6.948183785582346e-06,5.817952927374785e-06,5.819522112692032e-06,1.201619470628357e-05,5.690104956068688e-06,6.3092885507317e-06
1.201069023428562e-05,1.4740348323915563e-05,6.739465649041892e-06,5.877465542401031e-06,5.879156520033361e-06,1.176364313689274e-05,5.74613924465447e-06,6.338163872347979e-06
1.1730149367907387e-05,1.4229017666541633e-05,6.534807701594793e-06,5.938109814310265e-06,5.9399143168625975e-06,1.152586851757536e-05,5.803579453421946e-06,6.369577249712749e-06
1.146553226734647e-05,1.3733110220114576e-05,6.334305616347144e-06,5.999769768089927e-06,6.001679905973406e-06,1.1302191092200922e-05,5.8622995557131754e-06,6.403356200102571e-06
1.1215715136785509e-05,1.3252331683955444e-05,6.138036882517962e-06,6.062335290217407e-06,6.064343537100432e-06,1.109195977695e-05,5.922179478870553e-06,6.4393361246653135e-06
1.0979661228507574e-05,1.2786379184793596e-05,5.946062196459981e-06,6.125701896650076e-06,6.1278010753710265e-06,1.0894550990179503e-05,5.983104894929461e-06,6.477360014407033e-06
1.0756413765355517e-05,1.2334942855045583e-05,5.758426782780737e-06,6.189770507746587e-06,6.191953776679998e-06,1.070936753153926e-05,6.04496701560581e-06,6.517278164697287e-06
1.0545089442836389e-05,1.1897707278409708e-05,5.5751616462839e-06,6.254447229997781e-06,6.256708069865295e-06,1.0535837507844642e-05,6.107662391653181e-06,6.5589478981084625e-06
1.0344872470430147e-05,1.147435281138226e-05,5.3962847558628235e-06,6.319643144454477e-06,6.321975345571514e-06,1.0373413303395676e-05,6.171092716662206e-06,6.602233295422401e-06
1.0155009112367131e-05,1.106455678887468e-05,5.2218021618146215e-06,6.3852741017450735e-06,6.3876717516938805e-06,1.022157059259928e-05,6.235164635369575e-06,6.647004934650462e-06
9.974802689456816e-06,1.0667994621692915e-05,5.051709048313462e-06,6.451260523578708e-06,6.453717995298205e-06,1.0079807392900815e-05,6.299789556536751e-06,6.693139637922324e-06
9.803609005283683e-06,1.0284340793232411e-05,4.885990722994828e-06,6.51752721063057e-06,6.520039150913249e-06,9.947643156165142e-06,6.364883470449438e-06,6.740520226104792e-06
9.640832162084347e-06,9.549016633534171e-06,4.72462354576636e-06,6.584003156705349e-06,6.586564475091318e-06,9.824617896768486e-06,6.430366771078793e-06,6.7890352810155914e-06
9.48592073376625e-06,8.875392879195664e-06,4.567575799082277e-06,6.650621369072953e-06,6.653227227131163e-06,9.710291354771555e-06,6.496164082934723e-06,6.838578915098937e-06
9.338364265736331e-06,8.257283218128704e-06,4.414808502003118e-06,6.71731869486824e-06,6.719964495854883e-06,9.604242192643312e-06,6.562204092630455e-06,6.889050548430085e-06
9.197690073413007e-06,7.689212685836467e-06,4.266276170416577e-06,6.784035653443541e-06,6.786717032327582e-06,9.506067224094443e-06,6.628419385166542e-06,6.940354692915484e-06
9.0634603134511e-06,7.166331037189004e-06,4.121927525822309e-06,6.850716274559625e-06,6.853429088405434e-06,9.415380673661308e-06,6.694746284931596e-06,6.99240074355386e-06
8.9352693037849e-06,6.684336460909288e-06,3.9817061550888655e-06,6.917307942297513e-06,6.920048260994657e-06,9.331813465755576e-06,6.761124701406321e-06,7.0451027766217565e-06
8.812741070567821e-06,6.239408621375876e-06,3.8455511235771334e-06,6.983761244570538e-06,6.986525341900807e-06,9.255012541962993e-06,6.827497979547431e-06,7.098379354645064e-06
8.695527101945857e-06,5.828150030003654e-06,3.713397543995512e-06,7.050029828113075e-06,7.052814173144924e-06,9.18464020543709e-06,6.8938127548183264e-06,7.152153338015893e-06
8.583304290338944e-06,5.44753479750335e-06,3.58517710331005e-06,7.116070258819726e-06,7.118871507620437e-06,9.120373491291516e-06,6.9600188128245945e-06,7.206351703112068e-06
8.475773046517718e-06,5.094863886515484e-06,3.460818549980216e-06,7.181841887306509e-06,7.1846568749624844e-06,9.06190356194739e-06,7.026068953503946e-06,7.260905366774486e-06
8.372655570254036e-06,4.767726062169724e-06,3.3402481437303504e-06,7.247306719563584e-06,7.250132452499316e-06,9.008935126441626e-06,7.091918859812721e-06,7.3157490169958245e-06
8.273694263695551e-06,4.46396381936496e-06,3.2233900699993708e-06,7.312429292567563e-06,7.315262941153962e-06,8.961185882747594e-06,7.157526970844129e-06,7.370820949672503e-06
8.178650274872796e-06,4.181643645480959e-06,3.110166821139045e-06,7.377176554720185e-06,7.3800154461631775e-06,8.918385982202136e-06,7.222854359307162e-06,7.4260629112705395e-06
8.087302159897769e-06,3.919030052966534e-06,3.0004995463551763e-06,7.441517750979516e-06,7.4443593624798704e-06,8.8802775151726e-06,7.287864613289653e-06,7.481419947255039e-06
7.999444653462524e-06,3.674562886174473e-06,2.8943083723075143e-06,7.505424312549306e-06,7.508266264724944e-06,8.846614017134756e-06,7.352523722223998e-06,7.536840256132369e-06
7.914887538201915e-06,3.446837470165794e-06,2.791512696204205e-06,7.568869750992232e-06,7.571709801554368e-06,8.817159994367395e-06,7.4167999669699425e-06,7.592275048953833e-06
7.833454604353245e-06,3.234587225802909e-06,2.6920314531459246e-06,7.631829556633005e-06,7.634665594307734e-06,8.791690468502289e-06,7.480663813925121e-06,7.647678414129681e-06
7.754982691934171e-06,3.036668425481795e-06,2.5957833593939924e-06,7.694281101118138e-06,7.697111139805168e-06,8.769990539199104e-06,7.54408781307109e-06,7.703007187402648e-06
7.679320808375186e-06,2.85204680772689e-06,2.5026871331567845e-06,7.756203543999977e-06,7.759025717160524e-06,8.751854964244381e-06,7.607046499860049e-06,7.758220826830911e-06
7.60632931519104e-06,2.679785807114904e-06,2.4126616944095747e-06,7.817577743214077e-06,7.82039029848003e-06,8.737087756401324e-06,7.669516300845514e-06,7.813281292631294e-06
7.535879177861907e-06,2.519036189176862e-06,2.3256263451853892e-06,7.878386169320359e-06,7.881187463317101e-06,8.725501796363671e-06,7.7314754429587e-06,7.868152931734865e-06
7.46785127362616e-06,2.3690269086242763e-06,2.241500931698687e-06,7.938612823380438e-06,7.941401316755837e-06,8.716918461191964e-06,7.792903866331298e-06,7.922802366908464e-06
7.402135752366758e-06,2.2290570340022906e-06,2.1602059895898883e-06,7.998243158345349e-06,8.001017410997684e-06,8.71116726763461e-06,7.853783140564693e-06,7.977198390297574e-06
7.338631446207747e-06,2.0984886031953133e-06,2.081662873507353e-06,8.0572640038302e-06,8.060022670327977e-06,8.708085529758826e-06,7.914096384345408e-06,8.031311861247856e-06
7.27724532383015e-06,1.9767402925562517e-06,2.0057938721742996e-06,8.115663494154562e-06,8.118405319341335e-06,8.707518030338584e-06,7.973828188306569e-06,8.085115608264784e-06
7.217891985871835e-06,1.8632817982059908e-06,1.93252231002164e-06,8.173430999529912e-06,8.176154814307469e-06,8.70931670546751e-06,8.032964541035625e-06,8.138584334973296e-06
7.160493198097272e-06,1.7576288416130249e-06,1.86177263640376e-06,8.230557060278052e-06,8.233261777561495e-06,8.713340341884743e-06,8.091492758129128e-06,8.191694529941705e-06
7.1049774593136845e-06,1.659338723226727e-06,1.7934705033529962e-06,8.287033323967162e-06,8.289717934805589e-06,8.719454286521067e-06,8.149401414196309e-06,8.244424380236894e-06
7.051279601273176e-06,1.5680063579719571e-06,1.7275428327698953e-06,8.34285248535492e-06,8.34551605521165e-06,8.727530167790985e-06,8.206680277714284e-06,8.296753688580496e-06
6.9993404180383375e-06,1.483260735051e-06,1.6639178738904118e-06,8.398008229030967e-06,8.400649894217378e-06,8.737445628174303e-06,8.263320248639043e-06,8.348663793978628e-06
6.949106322504374e-06,1.404761751941647e-06,1.6025252518178356e-06,8.452495174653949e-06,8.455114138911238e-06,8.749084067647717e-06,8.31931329867783e-06,8.400137495700695e-06
6.900529027965977e-06,1.3321973788993548e-06,1.5432960078565476e-06,8.50630882468127e-06,8.508904355904593e-06,8.762334397543386e-06,8.374652414130161e-06,8.451158980485797e-06
6.85356525279404e-06,1.2652811158135878e-06,1.4861626323364735e-06,8.559445514492704e-06,8.56201694159232e-06,8.777090804427295e-06,8.429331541206481e-06,8.501713752858302e-06
6.808176446447654e-06,1.203749708059377e-06,1.4310590905714558e-06,8.611902364811919e-06,8.614449074706172e-06,8.793252523605391e-06,8.483345533735311e-06,8.551788568437244e-06
6.764328535192371e-06,1.1473610921316722e-06,1.3779208425515025e-06,8.663677236332992e-06,8.666198671068125e-06,8.810723621880148e-06,8.536690103171715e-06,8.601371370127398e-06
6.721991686027671e-06,1.0958925454436758e-06,1.3266848569279183e-06,8.714768686461954e-06,8.717264340453879e-06,8.829412789194395e-06,8.589361770821906e-06,8.650451227082893e-06
6.681140087446625e-06,1.049139017789016e-06,1.2772896198117235e-06,8.765175928086303e-06,8.767645345479659e-06,8.849233138812795e-06,8.641357822200946e-06,8.699018276337486e-06
6.64175174575967e-06,1.0069116246777853e-06,1.2296751388692691e-06,8.814898790288344e-06,8.817341562428323e-06,8.870102015704516e-06,8.6926762634426e-06,8.747063666998698e-06
6.603808295813626e-06,9.69036285114994e-07,1.1837829431646283e-06,8.863937680921133e-06,8.866353443933681e-06,8.891940812803365e-06,8.74331577968256e-06,8.794579506906106e-06
6.567294825027281e-06,9.353524884453192e-07,1.139556079165998e-06,8.912293550968527e-06,8.914681983444726e-06,8.914674794833712e-06,8.793275695338509e-06,8.841558811657257e-06
6.5321997097471496e-06,9.057121766818348e-07,1.096939103302905e-06,8.959967860613757e-06,8.962328681394274e-06,8.938232929402498e-06,8.842555936212626e-06,8.887995455907637e-06
6.498514463001884e-06,8.799787303039676e-07,1.055878071432506e-06,9.006962546943538e-06,9.009295512999262e-06,8.962547725068783e-06,8.891156993344392e-06,8.933884126854253e-06
6.466233592802253e-06,8.580260468818874e-07,1.0163205255463855e-06,9.053279993217476e-06,9.05558489762251e-06,8.987555076113404e-06,8.939079888543782e-06,8.97922027981527e-06
6.435354470195989e-06,8.397377030868957e-07,9.78215478024163e-07,9.098922999635174e-06,9.10119966962852e-06,9.013194113741731e-06,8.986326141537039e-06,9.024000095821185e-06
6.405877206343954e-06,8.250061917025835e-07,9.415133937166712e-07,9.143894755535838e-06,9.146143050668306e-06,9.039407063462811e-06,9.032897738659505e-06,9.0682204411358e-06
6.377804537936232e-06,8.137322261788697e-07,9.061661701193984e-07,9.188198812967892e-06,9.190418623330752e-06,9.066139108397926e-06,9.078797103032089e-06,9.111878828628192e-06
6.351141720314557e-06,8.058241060871023e-07,8.721271158762972e-07,9.231839061568318e-06,9.234030306100514e-06,9.093338258281058e-06,9.124027066160066e-06,9.154973380919547e-06
6.32589642771141e-06,8.011971375535283e-07,8.393509278347941e-07,9.274819704693938e-06,9.276982329564594e-06,9.12095522392296e-06,9.168590840895058e-06,9.197502795231509e-06
6.302078660056239e-06,7.997731033829588e-07,8.077936668548727e-07,9.31714523674905e-06,9.319279213812342e-06,9.148943296919206e-06,9.21249199570301e-06,9.239466309865303e-06
6.279700655836278e-06,8.014797781450665e-07,7.774127325582903e-07,9.35882042165607e-06,9.360925746975477e-06,9.17725823439118e-06,9.255734430183114e-06,9.280863672243496e-06
6.258776810533439e-06,8.062504839917087e-07,7.481668371884172e-07,9.39985027241803e-06,9.401926964857128e-06,9.20585814855706e-06,9.298322351784523e-06,9.321695108448732e-06
6.239323600190009e-06,8.140236834129621e-07,7.200159787365701e-07,9.440240031723763e-06,9.442288131600929e-06,9.234703400937768e-06,9.340260253669666e-06,9.361961294196309e-06
6.221359509684832e-06,8.247426055291677e-07,6.929214134772109e-07,9.479995153548708e-06,9.482014721353014e-06,9.263756501010414e-06,9.381552893674858e-06,9.401663327179729e-06
6.2049049653282725e-06,8.383549028622523e-07,6.668456280417673e-07,9.519121285706123e-06,9.52111240087202e-06,9.29298200912911e-06,9.42220527432078e-06,9.440802700730772e-06
6.189982271408948e-06,8.548123358371782e-07,6.417523111491378e-07,9.557624253305496e-06,9.559587013043774e-06,9.322346443539992e-06,9.462222623827114e-06,9.479381278737837e-06
6.176615550348092e-06,8.740704825381704e-07,6.176063251000821e-07,9.595510043076573e-06,9.59744456125934e-06,9.35181819132416e-06,9.501610378087469e-06,9.517401271768453e-06
6.164830686138581e-06,8.960884714883638e-07,5.943736771326296e-07,9.63278478851938e-06,9.634691194616792e-06,9.381367423108716e-06,9.540374163562343e-06,9.554865214344025e-06
6.154655270765453e-06,9.208287354392292e-07,5.720214907263082e-07,9.66945475584209e-06,9.671333193908678e-06,9.41096601139234e-06,9.578519781049584e-06,9.59177594331687e-06
6.146118553323056e-06,9.482567843505916e-07,5.505179769343485e-07,9.705526330650365e-06,9.707376958358924e-06,9.440587452338008e-06,9.616053190293349e-06,9.628136577301599e-06
6.139251391561174e-06,9.783409959159731e-07,5.298324058150334e-07,9.741006005353304e-06,9.742828993074323e-06,9.470206790891106e-06,9.652980495394135e-06,9.663950497114827e-06
6.134086205608548e-06,1.011052422143692e-06,5.099350780259713e-07,9.77590036725259e-06,9.777695897177333e-06,9.499800549086969e-06,9.689307930984014e-06,9.699221327178967e-06
6.130656933637228e-06,1.0463646106436845e-06,4.907972966382596e-07,9.810216087282947e-06,9.81198435258832e-06,9.529346657417135e-06,9.725041849132504e-06,9.73395291784776e-06
6.128998989245407e-06,1.0842534393952498e-06,4.7239133922120233e-07,9.843959909373333e-06,9.845701113426818e-06,9.55882438912892e-06,9.760188706950083e-06,9.76814932861279e-06
6.129149220349748e-06,1.1246969638833797e-06,4.5469043024246676e-07,9.877138640399673e-06,9.878852996002615e-06,9.588214297337735e-06,9.794755054857604e-06,9.80181481215201e-06
6.131145869390806e-06,1.1676752755924685e-06,4.376687138232043e-07,9.909759140701248e-06,9.911446869368853e-06,9.617498154836574e-06,9.828747525491166e-06,9.834953799182802e-06
6.135028534667172e-06,1.2131703709372625e-06,4.213012268827886e-07,9.941828315133936e-06,9.94348964641042e-06,9.646658896491564e-06,9.862172823213356e-06,9.86757088408369e-06
6.1408381326253504e-06,1.2611660297929097e-06,4.0556387270328066e-07,9.973353104634906e-06,9.97498827544231e-06,9.675680564116965e-06,9.895037714202864e-06,9.899670811250343e-06
6.148616860943188e-06,1.311647702860024e-06,3.904333949396268e-07,1.0004340478274246e-05,1.0005949732293486e-05,9.7045482537273e-06,9.92734901709575e-06,9.931258462152829e-06
6.158408162255172e-06,1.3646024071674355e-06,3.75887352097794e-07,1.0034797425770336e-05,1.0036381012853045e-05,9.73324806506836e-06,9.959113594152733e-06,9.962338843062582e-06
6.170256688377764e-06,1.4200186290757973e-06,3.619040924995864e-07,1.006473095044659e-05,1.0066289126056487e-05,9.761767053332767e-06,9.990338342927923e-06,9.992917073418793e-06
6.184208264902625e-06,1.4778862341997525e-06,3.484627297497228e-07,1.009414806260838e-05,1.0095681087290864e-05,9.790093182969676e-06,1.002103018841553e-05,1.0022998374805184e-05
6.200309856034793e-06,1.5381963837159909e-06,3.355431187178627e-07,1.0123055773319724e-05,1.012456391219847e-05,9.81821528350165e-06,1.0051196075652043e-05,1.0052588060509492e-05
6.218609529561868e-06,1.600941456569292e-06,3.2312583204564897e-07,1.0151461088560462e-05,1.0152944610859822e-05,9.846123007265473e-06,1.0080842962752373e-05,1.0081691525638966e-05
6.239156421848896e-06,1.6661149771294728e-06,3.111921371864248e-07,1.0179371003745212e-05,1.0180830182337348e-05,9.873806788996842e-06,1.0109977814359304e-05,1.0110314237766479e-05
6.26200070276218e-06,1.7337115478890588e-06,2.997239739831429e-07,1.0206792498586597e-05,1.0208227609562208e-05,9.90125780718221e-06,1.0138607595486656e-05,1.0138461728082845e-05
6.287193540433392e-06,1.8037267868252351e-06,2.8870393278798925e-07,1.023373253228569e-05,1.0235143854547324e-05,9.92846794710418e-06,1.0166739265737196e-05,1.0166139583032065e-05
6.3147870657834895e-06,1.8761572690801393e-06,2.781152331254886e-07,1.0260198039033646e-05,1.0261585853910598e-05,9.955429765509728e-06,1.019437977387739e-05,1.019335343640709e-05
6.344834336733752e-06,1.9510004726415254e-06,2.6794170289925653e-07,1.0286195923809094e-05,1.028756051469292e-05,9.982136456833551e-06,1.0221536052751654e-05,1.0220108961884793e-05
6.377389302038997e-06,2.028254727731198e-06,2.5816775814111125e-07,1.0311733058456585e-05,1.0313074710456342e-05,1.0008581820911448e-05,1.0248215014519751e-05,1.0246411865979716e-05
6.41250676468562e-06,2.1079191696318545e-06,2.4877838329999466e-07,1.0336816278032086e-05,1.0338135277648402e-05,1.0034760232121378e-05,1.0274423546201495e-05,1.0272267881396985e-05
6.45024234480448e-06,2.1899936947040974e-06,2.39759112066975e-07,1.0361452377402171e-05,1.0362749012219305e-05,1.006066660989235e-05,1.0300168505513762e-05,1.029768276076571e-05
6.490652442056006e-06,2.274478919364836e-06,2.3109600873159e-07,1.0385648108084098e-05,1.0386922666479154e-05,1.008629639052376e-05,1.0325456716985423e-05,1.032266227073502e-05
6.533794197452067e-06,2.361376141815948e-06,2.227756500638955e-07,1.040941017531458e-05,1.0410662946183191e-05,1.011164550026007e-05,1.0350294968336502e-05,1.0347212186415513e-05
6.579725454586188e-06,2.4506873063282935e-06,2.1478510771575114e-07,1.0432745235335723e-05,1.0433976507833348e-05,1.0136710329568083e-05,1.037469000710834e-05,1.0371338286149918e-05
6.6285047202506365e-06,2.542414969901112e-06,2.071119311342103e-07,1.0455659892886949e-05,1.045686995618514e-05,1.0161487708566112e-05,1.039864853753237e-05,1.0395046346597128e-05
6.680191124425717e-06,2.636562271130401e-06,1.9974413097924077e-07,1.0478160698892402e-05,1.047934984194935e-05,1.0185974883556463e-05,1.0422177217625428e-05,1.0418342138114834e-05
6.73484437963328e-06,2.733132901132405e-06,1.926701630374891e-07,1.0500254148333708e-05,1.0501422659678408e-05,1.0210169494614736e-05,1.0445282656500223e-05,1.044123142042636e-05
6.792524739653025e-06,2.8321310763798685e-06,1.8587891262334477e-07,1.0521946678298535e-05,1.0523094845827934e-05,1.0234069554191153e-05,1.0467971411880065e-05,1.0463719938558035e-05
6.853292957606536e-06,2.933561513319256e-06,1.7935967945817705e-07,1.054324466619574e-05,1.0544372776984277e-05,1.02576734266811e-05,1.0490249987807405e-05,1.0485813419034075e-05
6.917210243420281e-06,3.037429404646836e-06,1.731021630182945e-07,1.056415442812838e-05,1.0565262768249362e-05,1.028097980892392e-05,1.0512124832536291e-05,1.0507517566316491e-05
6.984338220684915e-06,3.14374039713055e-06,1.6709644834191918e-07,1.058468221741627e-05,1.0585771071774508e-05,1.0303987711590347e-05,1.053360233659921e-05,1.0528838059478078e-05
7.054738882934063e-06,3.252500570872738e-06,1.6133299228525322e-07,1.0604834223260169e-05,1.0605903875435328e-05,1.0326696441421047e-05,1.0554688831039316e-05,1.0549780549097093e-05
7.128474549371651e-06,3.3637164199164507e-06,1.5580261021755506e-07,1.0624616569539936e-05,1.062566730164017e-05,1.0349105584279848e-05,1.0575390585799377e-05,1.0570350654362748e-05
7.205607820082226e-06,3.477394834105096e-06,1.5049646314502298e-07,1.0644035313739571e-05,1.064506740626486e-05,1.0371214988987082e-05,1.059571380825918e-05,1.0590553960381119e-05
7.286201530764179e-06,3.5935430821115646e-06,1.4540604525320309e-07,1.0663096445992192e-05,1.0664110177706991e-05,1.0393024751899698e-05,1.0615664641913638e-05,1.0610396015671526e-05
7.370318707030836e-06,3.712168795559064e-06,1.405231718575939e-07,1.0681805888238371e-05,1.0682801536053112e-05,1.04145352022062e-05,1.0635249165183976e-05,1.0629882329843914e-05
7.458022518329223e-06,3.83327995416127e-06,1.3583996775210828e-07,1.0700169493491697e-05,1.070114733235268e-05,1.0435746887905871e-05,1.065447339035494e-05,1.0649018371448147e-05
7.549376231531018e-06,3.956884871814679e-06,1.313488559450679e-07,1.071819304520552e-05,1.0719153347992848e-05,1.0456660562442908e-05,1.0673343262631194e-05,1.0667809565986617e-05
7.644443164254481e-06,4.082992183580595e-06,1.2704254677244492e-07,1.0735882256735262e-05,1.0736825294168392e-05,1.04772771719674e-05,1.0691864659306416e-05,1.0686261294081845e-05
7.743286637980238e-06,4.211610833498683e-06,1.2291402737813576e-07,1.0753242770890917e-05,1.0754168811441448e-05,1.0497597843196164e-05,1.0710043389038863e-05,1.0704378889791243e-05
7.845969931027649e-06,4.342750063177988e-06,1.1895655155112996e-07,1.0770280159574552e-05,1.0771189469385931e-05,1.0517623871847594e-05,1.072788519122758e-05,1.0722167639061475e-05
7.95255623146181e-06,4.476419401115163e-06,1.1516362990954217e-07,1.0786999923497989e-05,1.0787892766311751e-05,1.05373567116258e-05,1.0745395735483552e-05,1.0739632778315247e-05
8.06310859000454e-06,4.612628652692969e-06,1.1152902042159745e-07,1.080340749197594e-05,1.0804284129064205e-05,1.0556797963730305e-05,1.0762580621190514e-05,1.0756779493163674e-05
8.177689873025444e-06,4.75138789081553e-06,1.080467192537874e-07,1.0819508222790252e-05,1.0820368912894089e-05,1.0575949366868488e-05,1.0779445377150251e-05,1.0773612917237673e-05
8.296362715691619e-06,4.892707447139646e-06,1.0471095193656116e-07,1.0835307402120937e-05,1.0836152401394413e-05,1.0594812787749074e-05,1.0795995461307603e-05,1.0790138131132116e-05
8.419189475356705e-06,5.036597903864332e-06,1.0151616483807573e-07,1.0850810244540084e-05,1.0851639806499598e-05,1.061339021203569e-05,1.0812236260550445e-05,1.080636016145684e-05
8.546232185271803e-06,5.183070086043353e-06,9.84570169366849e-08,1.086602189306475e-05,1.0866836268543431e-05,1.0631683735740516e-05,1.082817309058032e-05,1.0822283979988793e-05
8.677552508702033e-06,5.3321350543878255e-06,9.55283718830284e-08,1.0880947419265234e-05,1.0881746856372175e-05,1.0649695557038838e-05,1.084381119584954e-05,1.0837914502919868e-05
8.813211693533742e-06,5.483804098528231e-06,9.27252903427546e-08,1.0895591823425288e-05,1.0896376567509282e-05,1.0667427968486087e-05,1.0859155749560647e-05,1.0853256590195337e-05
8.95327052745781e-06,5.6380887307073266e-06,9.004302261109718e-08,1.0909960034750936e-05,1.0910730328368549e-05,1.0684883349619796e-05,1.087421185372456e-05,1.0868315044937854e-05
9.097789293814948e-06,5.7950006798772305e-06,8.747700149071366e-08,1.0924056911624816e-05,1.0924812994512548e-05,1.0702064159929545e-05,1.0888984539273716e-05,1.0883094612952429e-05
9.246827728188732e-06,5.95455188617584e-06,8.502283542438504e-08,1.0937887241903062e-05,1.0938629350953368e-05,1.071897293217876e-05,1.0903478766226792e-05,1.0897599982307786e-05
9.40044497583152e-06,6.116754495759355e-06,8.26763018743708e-08,1.095145574325188e-05,1.0952184112492844e-05,1.0735612266062844e-05,1.0917699423901714e-05,1.0911835782989911e-05
9.558699550007832e-06,6.281620855969328e-06,8.04333409404079e-08,1.0964767063521164e-05,1.096548192409964e-05,1.075198482218879e-05,1.0931651331173875e-05,1.0925806586623678e-05
9.721649291338266e-06,6.449163510813881e-06,7.829004920854094e-08,1.097782578115257e-05,1.0978527361320591e-05,1.0768093316362085e-05,1.0945339236776556e-05,1.0939516906258695e-05
9.889351328225638e-06,6.6193951967444315e-06,7.624267382316399e-08,1.0990636405619668e-05,1.0991324930723953e-05,1.078394051416724e-05,1.095876781964076e-05,1.0952971196215625e-05
1.0061862038443074e-05,6.792328838710096e-06,7.42876067748591e-08,1.1003203377897808e-05,1.1003879070372148e-05,1.0799529225828913e-05,1.097194168927179e-05,1.0966173851989531e-05
1.0239237011961548e-05,6.967977546473508e-06,7.242137939680266e-08,1.1015531070961576e-05,1.1016194150322027e-05,1.0814862301341122e-05,1.0984865386160023e-05,1.0979129210206809e-05
1.0421531015091674e-05,7.146354611172548e-06,7.064065706271563e-08,1.1027623790307714e-05,1.1028274473150336e-05,1.0829942625852544e-05,1.099754338222345e-05,1.0991841548632562e-05
1.060879795601187e-05,7.327473502113721e-06,6.894223407951949e-08,1.1039485774501567e-05,1.1040124274502631e-05,1.0844773115296496e-05,1.1009980081279704e-05,1.1004315086225367e-05
1.0801090851751571e-05,7.511347863783757e-06,6.732302876805759e-08,1.1051121195745197e-05,1.1051747723663676e-05,1.0859356712254507e-05,1.1022179819545392e-05,1.10165539832365e-05
1.0998461796695024e-05,7.697991513066865e-06,6.578007872542644e-08,1.1062534160465328e-05,1.1063148924147566e-05,1.0873696382043062e-05,1.1034146866160692e-05,1.1028562341350897e-05
1.1200961932667024e-05,7.887418436656044e-06,6.431053626265153e-08,1.1073728709919525e-05,1.107433191430592e-05,1.0887795109013366e-05,1.1045885423737196e-05,1.1040344203867214e-05
1.140864142065854e-05,8.07964278864736e-06,6.291166401162366e-08,1.1084708820818973e-05,1.1085300667952564e-05,1.0901655893054515e-05,1.1057399628927151e-05,1.1051903555914459e-05
1.162154941424546e-05,8.274678888307176e-06,6.158083069539812e-08,1.1095478405966294e-05,1.109605909500317e-05,1.0915281746290825e-05,1.1068693553012431e-05,1.1063244324702858e-05
1.1839734034749666e-05,8.472541218002467e-06,6.03155070561301e-08,1.11060413149071e-05,1.110661104212844e-05,1.092867568996445e-05,1.1079771202511376e-05,1.1074370379806668e-05
1.206324234818686e-05,8.673244421285716e-06,5.911326193510057e-08,1.11164013345938e-05,1.11169602934195e-05,1.0941840751494856e-05,1.109063651980211e-05,1.1085285533476779e-05
1.2292120344041092e-05,8.876803301125582e-06,5.7971758499458344e-08,1.1126562190060425e-05,1.1127110571064188e-05,1.0954779961706998e-05,1.1101293383760676e-05,1.1095993540981084e-05
1.2526412915900748e-05,9.08323281827584e-06,5.688875061046477e-08,1.1136527545107275e-05,1.1137065536033084e-05,1.096749635222046e-05,1.1111745610412688e-05,1.1106498100970644e-05
1.2766163843986163e-05,9.292548089775244e-06,5.586207932820349e-08,1.1146301002994258e-05,1.1146828788774068e-05,1.0979992952992096e-05,1.1121996953597033e-05,1.1116802855869814e-05
1.3011415779593754e-05,9.504764387571252e-06,5.4889669547868223e-08,1.1155886107141714e-05,1.11564038699144e-05,1.0992272790005109e-05,1.1132051105640452e-05,1.1126911392288575e-05
1.3262210231476588e-05,9.71989713726158e-06,5.39695267629056e-08,1.1165286341837876e-05,1.1165794260969216e-05,1.1004338883097677e-05,1.1141911698041748e-05,1.1136827241455395e-05
1.351858755417611e-05,9.937961916947328e-06,5.309973395043896e-08,1.1174505132951857e-05,1.1175003385055574e-05,1.1016194243924672e-05,1.1151582302164427e-05,1.1146553879669043e-05
1.3780586938314723e-05,1.0158974456192077e-05,5.2278448574550214e-08,1.11835458486513e-05,1.118403460761104e-05,1.1027841874046209e-05,1.1161066429936791e-05,1.1156094728767832e-05
1.4048246402853714e-05,1.0382950635082002e-05,5.15038997031458e-08,1.1192411800123854e-05,1.1192891237116012e-05,1.1039284763137011e-05,1.11703675345584e-05,1.1165453156614887e-05
1.4321602789315854e-05,1.060990648338172e-05,5.0774385234268735e-08,1.1201106242301608e-05,1.1201576525818976e-05,1.1050525887310992e-05,1.117948901121194e-05,1.1174632477598096e-05
1.4600691757967303e-05,1.0839858179781538e-05,5.008826922786257e-08,1.1209632374587742e-05,1.121009367046389e-05,1.10615682075554e-05,1.1188434197779624e-05,1.118363595314338e-05
1.4885547785948098e-05,1.1072822051231707e-05,4.9443979339124734e-08,1.1217993341584689e-05,1.1218445813019008e-05,1.10724146682695e-05,1.1197206375563202e-05,1.1192466792240177e-05
1.5176204167335909e-05,1.1308814572359674e-05,4.884000434971928e-08,1.1226192233823083e-05,1.122663604140644e-05,1.1083068195902623e-05,1.1205808770006877e-05,1.1201128151977899e-05
1.547269301512306e-05,1.1547852364966516e-05,4.82748917932445e-08,1.1234232088490897e-05,1.1234667390231866e-05,1.1093531697686893e-05,1.1214244551422217e-05,1.1209623138092296e-05
1.577504526508206e-05,1.1789952197599088e-05,4.7747245671475455e-08,1.124211589016214e-05,1.1242542841513724e-05,1.1103808060459964e-05,1.1222516835714515e-05,1.1217954805520695e-05
1.6083290681490558e-05,1.203513098519453e-05,4.7255724258024144e-08,1.1249846571524584e-05,1.1250265325411363e-05,1.1113900149573503e-05,1.1230628685109784e-05,1.1226126158965137e-05
1.6397457864682426e-05,1.2283405788794022e-05,4.6799037986171314e-08,1.1257427014105911e-05,1.1257837720951656e-05,1.1123810807883102e-05,1.1238583108881789e-05,1.1234140153462462e-05
1.6717574260387516e-05,1.2534793815322885e-05,4.637594741773891e-08,1.1264860048997902e-05,1.1265262856753477e-05,1.1133542854815677e-05,1.12463830640786e-05,1.1241999694960468e-05
1.7043666170818893e-05,1.2789312417434276e-05,4.5985261289987267e-08,1.1272148457578087e-05,1.127254351174972e-05,1.1143099085510531e-05,1.125403145624797e-05,1.1249707640899357e-05
1.737575876746247e-05,1.3046979093413988e-05,4.5625834637617744e-08,1.1279294972228507e-05,1.1279682415906303e-05,1.1152482270030391e-05,1.1261531140161115e-05,1.1257266800797601e-05
1.7713876105520794e-05,1.3307811487143828e-05,4.5296566987071593e-08,1.128630227705112e-05,1.128668225093784e-05,1.116169515263888e-05,1.1268884920534385e-05,1.126467993684157e-05
1.805804113995945e-05,1.3571827388121393e-05,4.4996400620414275e-08,1.1293173008579504e-05,1.129354565101951e-05,1.1170740451141188e-05,1.1276095552748312e-05,1.1271949764478162e-05
1.840827574310128e-05,1.3839044731534106e-05,4.472431890618917e-08,1.1299909756486516e-05,1.1300275203494911e-05,1.1179620856284577e-05,1.1283165743563683e-05,1.1279078953009812e-05
1.876460072371158e-05,1.4109481598385549e-05,4.44793446947197e-08,1.130651506428754e-05,1.1306873449579404e-05,1.1188339031215816e-05,1.1290098151834178e-05,1.1286070126191234e-05
1.912703584751415e-05,1.4383156215672143e-05,4.4260538775430056e-08,1.1312991430039016e-05,1.1313342885058784e-05,1.1196897610992534e-05,1.1296895389215215e-05,1.1292925862827332e-05
1.949559985907637e-05,1.466008695660851e-05,4.40669983938382e-08,1.131934130703204e-05,1.1319685960982924e-05,1.1205299202145678e-05,1.130356002086868e-05,1.1299648697371691e-05
1.9870310504999565e-05,1.4940292340899665e-05,4.389785582596857e-08,1.1325567104480667e-05,1.1325905084354127e-05,1.1213546382290504e-05,1.1310094566163136e-05,1.1306241120525174e-05
2.0251184558348523e-05,1.5223791035058889e-05,4.3752277008001344e-08,1.133167118820477e-05,1.1332002618810013e-05,1.1221641699783435e-05,1.1316501499369348e-05,1.1312705579834117e-05
2.063823784425369e-05,1.551060185276926e-05,4.362946021906655e-08,1.1337655881307138e-05,1.13379808853006e-05,1.1229587673422433e-05,1.1322783250350675e-05,1.1319044480287625e-05
2.1031485266617128e-05,1.580074375528792e-05,4.3528634815157716e-08,1.13435234648447e-05,1.134384216275951e-05,1.1237386792188498e-05,1.1328942205248234e-05,1.132526018491363e-05
2.143094083585334e-05,1.6094235851891557e-05,4.3449060012223427e-08,1.1349276178493645e-05,1.1349588688769011e-05,1.1245041515026132e-05,1.1334980707160451e-05,1.1331355015373194e-05
2.183661769759463e-05,1.6391097400361905e-05,4.339002371655516e-08,1.1354916221208217e-05,1.1355222660218792e-05,1.1252554270660592e-05,1.134090105681694e-05,1.1337331252552777e-05
2.224852816229085e-05,1.669134780751008e-05,4.3350841400673856e-08,1.1360445751873133e-05,1.136074623395824e-05,1.1259927457449909e-05,1.1346705513246283e-05,1.134319113715406e-05
2.266668373563242e-05,1.699500662973881e-05,4.3330855022965865e-08,1.136586688994939e-05,1.1366161527442152e-05,1.1267163443269788e-05,1.1352396294437818e-05,1.1348936870280992e-05
2.309109514972596e-05,1.7302093573641184e-05,4.3329431989400676e-08,1.1371181716113375e-05,1.1371470619369752e-05,1.1274264565429503e-05,1.1357975577996976e-05,1.1354570614023805e-05
2.352177239495213e-05,1.7612628496635364e-05,4.3345964155716127e-08,1.137639227288916e-05,1.1376675550316803e-05,1.1281233130617009e-05,1.1363445501794236e-05,1.136009449203963e-05
2.395872475243504e-05,1.7926631407634074e-05,4.33798668685138e-08,1.1381500565273874e-05,1.1381778323360857e-05,1.1288071414871617e-05,1.1368808164607437e-05,1.1365510590129518e-05
2.4401960827054064e-05,1.8244122467747965e-05,4.3430578043774985e-08,1.1386508561356051e-05,1.13867809046994e-05,1.1294781663582664e-05,1.1374065626757307e-05,1.1370820956811568e-05
2.485148858092894e-05,1.856512199102217e-05,4.34975572813556e-08,1.13914181929269e-05,1.1391685224260969e-05,1.1301366091512554e-05,1.1379219910736269e-05,1.1376027603889964e-05
2.5307315367310293e-05,1.8889650445205216e-05,4.358028501407302e-08,1.1396231356084383e-05,1.1396493176309042e-05,1.130782688284278e-05,1.1384273001830162e-05,1.1381132507019686e-05
2.5769447964809063e-05,1.9217728452549484e-05,4.367826169005521e-08,1.140094991183012e-05,1.140120662003871e-05,1.1314166191241552e-05,1.138922684873302e-05,1.13861376062667e-05
2.6237892611899084e-05,1.954937679064252e-05,4.3791006987065433e-08,1.1405575686658958e-05,1.1405827380166051e-05,1.1320386139951631e-05,1.1394083364154695e-05,1.1391044806663467e-05
2.6712655041629067e-05,1.9884616393268663e-05,4.3918059057569295e-08,1.1410110473141285e-05,1.141035724751022e-05,1.1326488821897171e-05,1.1398844425421327e-05,1.1395855978759565e-05
2.719374051648133e-05,2.0223468351300084e-05,4.405897380335503e-08,1.1414556030497937e-05,1.1414797979568126e-05,1.1332476299808331e-05,1.140351187506856e-05,1.1400572959167306e-05
2.768115386331671e-05,2.0565953913616965e-05,4.4213324178564615e-08,1.14189140851678e-05,1.1419151301081768e-05,1.1338350606362531e-05,1.1408087521427471e-05,1.14051975511022e-05
2.8174899508346543e-05,2.091209448805587e-05,4.438069952003264e-08,1.1423186331367955e-05,1.1423418904598174e-05,1.134411374434124e-05,1.141257313920321e-05,1.1409731524918095e-05
2.8674981512074805e-05,2.1261911642386e-05,4.456070490387829e-08,1.1427374431646473e-05,1.142760245102191e-05,1.1349767686801264e-05,1.1416970470046249e-05,1.141417661863698e-05
2.9181403604155333e-05,2.1615427105312867e-05,4.475296052732896e-08,1.1431480017427766e-05,1.1431703570160183e-05,1.1355314377259545e-05,1.1421281223116256e-05,1.1418534538473204e-05
2.9694169218111197e-05,2.1972662767508456e-05,4.49571011147974e-08,1.1435504689550568e-05,1.1435723861260567e-05,1.136075572989051e-05,1.142550707563864e-05,1.142280695935217e-05
3.021328152586531e-05,2.2333640682668052e-05,4.5172775347269176e-08,1.1439450018798498e-05,1.143966489354127e-05,1.136609362973512e-05,1.1429649673453606e-05,1.1426995525423272e-05
3.073874347203395e-05,2.269838306859252e-05,4.53996453140958e-08,1.1443317546423256e-05,1.1443528206714067e-05,1.1371329932920696e-05,1.1433710631557877e-05,1.1431101850567135e-05
3.127055780793641e-05,2.306691230829636e-05,4.563738598631721e-08,1.144710878466045e-05,1.1447315311499857e-05,1.1376466466890777e-05,1.1437691534638976e-05,1.143512751889698e-05
3.180872712527736e-05,2.3439250951140423e-05,4.5885684710683145e-08,1.1450825217238071e-05,1.1451027690136833e-05,1.1381505030644173e-05,1.1441593937602174e-05,1.1439074085254155e-05
3.235325388945939e-05,2.381542171398939e-05,4.6144240723558384e-08,1.1454468299877693e-05,1.1454666796881423e-05,1.1386447394982556e-05,1.1445419366089995e-05,1.1442943075697697e-05
3.2904140472487106e-05,2.419544748239327e-05,4.6412764683939874e-08,1.145803946078833e-05,1.145823405850186e-05,1.1391295302765817e-05,1.1449169316994444e-05,1.1446735987987948e-05
3.346138918542521e-05,2.4579351311792855e-05,4.669097822484505e-08,1.1461540101153144e-05,1.1461730874764545e-05,1.1396050469174566e-05,1.1452845258961827e-05,1.1450454292064159e-05
3.402500231037622e-05,2.4967156428748464e-05,4.69786135223438e-08,1.1464971595608847e-05,1.1465158618913227e-05,1.1400714581979154e-05,1.1456448632890366e-05,1.1454099430516066e-05
3.459498213194517e-05,2.535888623219186e-05,4.7275412881554566e-08,1.1468335292718018e-05,1.1468518638140978e-05,1.1405289301814575e-05,1.145998085242047e-05,1.145767281904941e-05
3.5171330968161534e-05,2.575456429470093e-05,4.7581128338934346e-08,1.147163251543426e-05,1.1471812254055088e-05,1.140977626246074e-05,1.1463443304417834e-05,1.1461175846945411e-05
3.5754051200830587e-05,2.615421436379673e-05,4.789552128023251e-08,1.147486456156032e-05,1.1475040763134853e-05,1.1414177071127556e-05,1.1466837349449315e-05,1.1464609877514136e-05
3.634314530528875e-05,2.6557860363262713e-05,4.8218362073486625e-08,1.1478032704199193e-05,1.1478205437182403e-05,1.1418493308744256e-05,1.1470164322251712e-05,1.1467976248541829e-05
3.693861587953959e-05,,4.8885261063245466e-08,1.148424438061405e-05,1.1484410308594178e-05,1.1422726530252614e-05,1.1473425532193395e-05,1.1471276272732125e-05
3.754046567275003e-05,,4.956366729195627e-08,1.1489138326010188e-05,1.148929753876137e-05,1.1426961331660922e-05,1.147668620587044e-05,1.1474575946938312e-05
3.814869761308735e-05,,5.0251426380447027e-08,1.1492843336746378e-05,1.1492995956771937e-05,1.143118901222994e-05,1.1479938132528232e-05,1.1477867040174219e-05
3.876331483488076e-05,,5.0946600147724754e-08,1.1495480289650554e-05,1.1495626465375278e-05,1.1435401056930336e-05,1.1483173315716962e-05,1.1481141533749693e-05
3.938432070509248e-05,,5.164746184497405e-08,1.1497161903990676e-05,1.1497301803972212e-05,1.143958915155064e-05,1.1486383986268127e-05,1.1484391634386595e-05
4.001171884908637e-05,,5.2352488782557224e-08,1.149799270820021e-05,1.1498126516223862e-05,1.1443745196917398e-05,1.1489562614168122e-05,1.1487609786245775e-05
4.064551317568281e-05,,5.3060352939012897e-08,1.1498069160849498e-05,1.1498197071787424e-05,1.1447861322211729e-05,1.1492701919347942e-05,1.1490788681881815e-05
4.128570790149133e-05,,5.376991006717197e-08,1.1497479885199615e-05,1.1497602101530264e-05,1.1451929897367884e-05,1.1495794881408083e-05,1.149392127214223e-05
4.193230757451408e-05,,5.4480187743073264e-08,1.1496305984804785e-05,1.1496422713701465e-05,1.1455943544538162e-05,1.1498834748295167e-05,1.1497000775025552e-05
4.258531709701482e-05,,5.51903727390424e-08,1.1494621414317766e-05,1.1494732865227037e-05,1.1459895148608832e-05,1.1501815043945877e-05,1.1500020683511698e-05
4.324474174765005e-05,,5.589979804336291e-08,1.1492493385135976e-05,1.1492599767776596e-05,1.1463777866752852e-05,1.15047295749135e-05,1.1502974772378013e-05
4.3910587202859895e-05,,5.66079297955416e-08,1.148998279000362e-05,1.1490084312725984e-05,1.1467585137007316e-05,1.150757243599291e-05,1.1505857104014816e-05
4.458285955751915e-05,,5.731435435822514e-08,1.1487144634326871e-05,1.1487241502780646e-05,1.1471310685866102e-05,1.15103380148606e-05,1.1508662033255382e-05
4.526156534484888e-05,,5.8018765704136e-08,1.1484028464907291e-05,1.1484120880972011e-05,1.1474948534881522e-05,1.1513020995748027e-05,1.151138421123693e-05
4.594671155559106e-05,,5.872095325880602e-08,1.1480678789173954e-05,1.148076695011329e-05,1.1478493006272277e-05,1.151561636216812e-05,1.1514018588310946e-05
4.6638305656450775e-05,,5.9420790306996615e-08,1.1477135479897248e-05,1.1477219577703071e-05,1.1481938727538924e-05,1.1518119398716876e-05,1.1516560416023435e-05
4.7336355607810026e-05,,6.011822304223817e-08,1.1473434161881758e-05,1.1473514382778664e-05,1.1485280635092284e-05,1.152052569197416e-05,1.1519005248187948e-05
4.804086988071991e-05,,6.081326031449884e-08,1.1469606578331922e-05,1.1469683102416974e-05,1.1488513976904285e-05,1.1522831130530128e-05,1.152134894107666e-05
4.875185747317845e-05,,6.150596411026014e-08,1.146568093552086e-05,1.1465753936516765e-05,1.1491634314195117e-05,1.152503190416595e-05,1.152358765275733e-05
4.946932792570212e-05,,6.219644078187592e-08,1.146168222511835e-05,1.1461751870221354e-05,1.14946375221747e-05,1.1527124502219893e-05,1.1525717841606253e-05
5.019329133620072e-05,,6.288483302863588e-08,1.1457632524088505e-05,1.1457698973894956e-05,1.1497519789860585e-05,1.152910571117196e-05,1.1527736264029794e-05
5.0923758374165366e-05,,6.357131262018916e-08,1.145355127248438e-05,1.1453614680982189e-05,1.1500277618998369e-05,1.1530972611482482e-05,1.1529639971429299e-05
5.166074029418087e-05,,6.42560738434993e-08,1.1449455529772948e-05,1.144951604438614e-05,1.150290782211439e-05,1.1532722573721913e-05,1.1531426306446209e-05
5.240424894877397e-05,,6.493932764708389e-08,1.144536021054174e-05,1.1445417972218103e-05,1.1505407519734008e-05,1.1534353254030872e-05,1.1533092898526151e-05
5.315429680061054e-05,,6.562129645063066e-08,1.1441278300586656e-05,1.144133344391983e-05,1.1507774136801812e-05,1.1535862588951122e-05,1.153463765884241e-05
5.3910896934053367e-05,,6.63022095839366e-08,1.1437221054473633e-05,1.1437273707852487e-05,1.1510005398343171e-05,1.1537248789669308e-05,1.1536058774620615e-05
5.4674063066096045e-05,,6.69822993162818e-08,1.1433198175717548e-05,1.1433248461496562e-05,1.1512099324408896e-05,1.153851033571656e-05,1.1537354702907694e-05
5.544380955668549e-05,,6.766179743559576e-08,1.1429217980739328e-05,1.1429266015424864e-05,1.1514054224347094e-05,1.1539645968167756e-05,1.153852416382902e-05
5.622015141844827e-05,,6.834093233594737e-08,1.1425287547755338e-05,1.1425333442203356e-05,1.1515868690448074e-05,1.1540654682384872e-05,1.1539566133378376e-05
5.700310432583613e-05,,6.901992657181762e-08,1.1421412851727372e-05,1.1421456711348988e-05,1.15175415910096e-05,1.154153572034914e-05,1.154047983578573e-05
5.779268462370512e-05,,6.969899483815309e-08,1.141759888646283e-05,1.141764081143457e-05,1.151907206287104e-05,1.1542288562626844e-05,1.1541264735507964e-05
5.858890933534467e-05,,7.037834233624326e-08,1.1413849774906313e-05,1.1413889860382618e-05,1.1520459503465554e-05,1.154291292001328e-05,1.154192052888758e-05
5.939179616997209e-05,,7.105816348687997e-08,1.1410168868609674e-05,1.1410207204935509e-05,1.1521703562440014e-05,1.1543408724899186e-05,1.1542447135523986e-05
6.020136352970862e-05,,7.173864095397899e-08,1.1406558837309572e-05,1.1406595510231409e-05,1.1522804132892358e-05,1.1543776122403051e-05,1.154284468940146e-05
6.101763051605321e-05,,7.24199449437756e-08,1.140302174948198e-05,1.1403056840355845e-05,1.1523761342275912e-05,1.1544015461312028e-05,1.1543113529816944e-05
6.184061693587029e-05,,7.31022327467789e-08,1.139955914468332e-05,1.139959273067875e-05,1.1524575543019668e-05,1.1544127284873068e-05,1.154325419214988e-05
6.267034330690812e-05,,7.378564849184714e-08,1.139617209842899e-05,1.1396204252728005e-05,1.1525247302912676e-05,1.1544112321474595e-05,1.154326739851507e-05
6.350683086286368e-05,,7.44703230839493e-08,1.1392861280302746e-05,1.1392892072293248e-05,1.152577739529972e-05,1.154397147525768e-05,1.1543154048338036e-05
6.435010155801087e-05,,7.515637429939774e-08,1.1389627005935593e-05,1.13896565013986e-05,1.1526166789134088e-05,1.1543705816694102e-05,1.1542915208890997e-05
6.52001780714083e-05,,7.584390701452167e-08,1.1386469283440474e-05,1.1386497544730892e-05,1.1526416638931749e-05,1.1543316573166998e-05,1.1542552105825734e-05
6.605708381070292e-05,,7.65330135458874e-08,1.1383387854839695e-05,1.1383414941060332e-05,1.1526528274669636e-05,1.1542805119587972e-05,1.1542066113737866e-05
6.692084291554557e-05,,7.722377408222455e-08,1.1380382232975688e-05,1.1380408200144425e-05,1.1526503191668786e-05,1.1542172969082697e-05,1.154145874679523e-05
6.779148026063492e-05,,7.791625719019865e-08,1.1377451734352485e-05,1.1377476635562478e-05,1.152634304050108e-05,1.1541421763775043e-05,1.1540731649460956e-05
6.866902145840525e-05,,7.861052037803482e-08,1.1374595508315076e-05,1.1374619393888066e-05,1.1526049616956329e-05,1.154055326569776e-05,1.153988658733991e-05
6.955349286137388e-05,,7.930661070276178e-08,1.1371812562936616e-05,1.1371835480569304e-05,1.152562485210411e-05,1.153956934785561e-05,1.1538925438174991e-05
7.044492156416463e-05,,8.000456540850352e-08,1.1369101787949098e-05,1.1369123782852814e-05,1.1525070802482586e-05,1.153847198546493e-05,1.1537850183017824e-05
7.134333540522117e-05,,8.070441258478562e-08,1.1366461975021632e-05,1.1366483090055329e-05,1.152438964044406e-05,1.1537263247391306e-05,1.153666289759602e-05
7.224876296822703e-05,,8.14061718352291e-08,1.1363891835661476e-05,1.136391211145826e-05,1.152358364468482e-05,1.1535945287805111e-05,1.1535365743897315e-05
7.316123358324532e-05,,8.210985494834662e-08,1.1361390016986424e-05,1.1361409492073844e-05,1.1522655190984357e-05,1.1534520338072482e-05,1.1533960961988702e-05
7.408077732759507e-05,,8.28154665633273e-08,1.135895511559314e-05,1.1358973826507349e-05,1.152160674317662e-05,1.1532990698897394e-05,1.1532450862086503e-05
7.500742502647611e-05,,8.352300482480708e-08,1.1356585689723758e-05,1.1356603671117855e-05,1.1520440844373716e-05,1.1531358732728371e-05,1.1530837816891518e-05
7.59412082533582e-05,,8.42324620216022e-08,1.135428026991324e-05,1.1354297554659968e-05,1.1519172738495651e-05,1.1529643935032584e-05,1.1529141152732017e-05
7.688215933014752e-05,,8.494382520528388e-08,1.1352037368281596e-05,1.1352053987570596e-05,1.1517816607345468e-05,1.1527859813584283e-05,1.152737440847966e-05
7.783031132714427e-05,,8.56570767852736e-08,1.134985548661862e-05,1.1349871470048564e-05,1.151638532431433e-05,1.1526018565840782e-05,1.1525549812694122e-05
7.878569806280375e-05,,8.637219509783865e-08,1.1347733123393884e-05,1.1347748499059598e-05,1.1514890556751226e-05,1.1524131186090232e-05,1.1523678390504123e-05
7.974835410331503e-05,,8.708915494702293e-08,1.1345668779811006e-05,1.1345683574385898e-05,1.15133428620572e-05,1.1522207565479387e-05,1.1521770063421172e-05
8.071831476200821e-05,,8.780792811609038e-08,1.1343660965013183e-05,1.1343675203827148e-05,1.1511751777604164e-05,1.1520256585140496e-05,1.1519833742296913e-05
8.169561609860376e-05,,8.85284838485494e-08,1.1341708200535705e-05,1.1341721907648752e-05,1.1510125904639948e-05,1.1518286202682348e-05,1.1517877413682413e-05
8.268029491831485e-05,,8.92507892982604e-08,1.1339809024091397e-05,1.1339822222363192e-05,1.1508472986386843e-05,1.15163035323426e-05,1.1515908219880415e-05
8.367238877081427e-05,,8.997480994848464e-08,1.133796199276574e-05,1.1337974703921287e-05,1.1506799980573307e-05,1.1514314919118974e-05,1.151393253300315e-05
8.467193594907793e-05,,9.07005100000546e-08,1.1336165685690502e-05,1.133617793038214e-05,1.1505113126660318e-05,1.151232600720847e-05,1.1511956023360432e-05
8.567897548811409e-05,,9.14278527291027e-08,1.133441870625724e-05,1.1334430504123176e-05,1.1503418008037352e-05,1.1510341803088056e-05,1.1509983722507757e-05
8.669354716359085e-05,,9.215680081501916e-08,1.1332719683925668e-05,1.1332731053645182e-05,1.1501719609469392e-05,1.1508366733569062e-05,1.1508020081283445e-05
8.771569149036961e-05,,9.288731663947953e-08,1.133106727567578e-05,1.133107823502136e-05,1.1500022370077778e-05,1.1506404699151826e-05,1.1506069023158618e-05
8.87454497209571e-05,,9.361936255753965e-08,1.132946016714754e-05,1.132947073303402e-05,1.149833023213474e-05,1.1504459122998368e-05,1.1504133993215458e-05
8.97828638438826e-05,,9.435290114190933e-08,1.1327897073507022e-05,1.1327907262037938e-05,1.1496646685945407e-05,1.1502532995829527e-05,1.1502218003058228e-05
9.08279765820118e-05,,9.50878954015999e-08,1.1326376740073672e-05,1.1326386566585011e-05,1.1494974811082688e-05,1.1500628917040152e-05,1.1500323671948903e-05
9.188083139080433e-05,,9.582430897622326e-08,1.1324897942739612e-05,1.1324907421841056e-05,1.1493317314230255e-05,1.1498749132311669e-05,1.1498453264445368e-05
9.294147245652462e-05,,9.65621063072365e-08,1.1323459488208395e-05,1.1323468633822205e-05,1.149167656387754e-05,1.149689556798681e-05,1.149660872480575e-05
9.40099446944135e-05,,9.73012527874784e-08,1.132206021407755e-05,1.1322069039475242e-05,1.1490054622098464e-05,1.1495069862456033e-05,1.1494791708407353e-05
9.508629374682914e-05,,9.804171489033681e-08,1.1320698988786584e-05,1.132070750662352e-05,1.1488453273633252e-05,1.1493273394790078e-05,1.149300361041387e-05
9.61705659813636e-05,,9.878346027989345e-08,1.1319374711449558e-05,1.131938293379757e-05,1.1486874052479745e-05,1.1491507310838238e-05,1.1491245591909699e-05
9.726280848894374e-05,,9.952645790336253e-08,1.131808631158924e-05,1.1318094249967374e-05,1.1485318266188289e-05,1.1489772546997246e-05,1.148951860370569e-05
9.836306908192188e-05,,1.0027067806713e-07,1.1316832748787816e-05,1.131684041419135e-05,1.1483787018041491e-05,1.1488069851841622e-05,1.148782340800666e-05
9.947139629216404e-05,,1.0101609249765997e-07,1.13156130122674e-05,1.1315620415195212e-05,1.1482281227288394e-05,1.1486399805792722e-05,1.1486160598117561e-05
0.0001005878393691,,1.0176267438849609e-07,1.131442612041206e-05,1.1314433270892404e-05,1.1480801647590605e-05,1.1484762838990834e-05,1.1484530616352318e-05
0.000101712448278,,1.0251039843453509e-07,1.1313271120241585e-05,1.1313278027856456e-05,1.1479348883827022e-05,1.14831592475224e-05,1.1482933770297109e-05
0.0001028452736978,,1.0325924085472122e-07,1.131214708684609e-05,1.1312153760754184e-05,1.1477923407392971e-05,1.1481589208142768e-05,1.1481370247568368e-05
0.0001039863670195,,1.0400917940422653e-07,1.1311053122789378e-05,1.1311059571747738e-05,1.1476525570119524e-05,1.1480052791624096e-05,1.1479840129194916e-05
0.0001051357803441,,1.0476019337716228e-07,1.1309988357487964e-05,1.130999458987245e-05,1.1475155616929144e-05,1.1478549974847708e-05,1.1478343401743404e-05
0.000106293566481,,1.0551226360078701e-07,1.1308951946571886e-05,1.1308957970396444e-05,1.1473813697335143e-05,1.1477080651750678e-05,1.1476879968296824e-05
0.0001074597789463,,1.0626537242213413e-07,1.1307943071232532e-05,1.1307948894167416e-05,1.147249987588357e-05,1.1475644643227528e-05,1.1475449658386798e-05
0.0001086344719606,,1.0701950368792253e-07,1.1306960937562115e-05,1.1306966566951068e-05,1.1471214141628763e-05,1.1474241706079633e-05,1.1474052236972307e-05
0.0001098177004478,,1.0777464271855796e-07,1.130600477588873e-05,1.1306010218765224e-05,1.1469956416726166e-05,1.1472871541097222e-05,1.147268741254968e-05
0.0001110095200333,,1.0853077627697813e-07,1.1305073840110464e-05,1.1305079103213028e-05,1.146872656421937e-05,1.1471533800351773e-05,1.1471354844471663e-05
0.0001122099870424,,1.0928789253305056e-07,1.1304167407031478e-05,1.130417249681816e-05,1.146752439509201e-05,1.1470228093770046e-05,1.1470054149546767e-05
0.0001134191584987,,1.1004598102416489e-07,1.1303284775702558e-05,1.1303289698364618e-05,1.1466349674649238e-05,1.1468953995054865e-05,1.1468784907984107e-05
0.0001146370921228,,1.1080503261262244e-07,1.1302425266768316e-05,1.1302430028243144e-05,1.146520212828814e-05,1.1467711047012216e-05,1.1467546668743258e-05
0.0001158638463307,,1.115650394403797e-07,1.130158822182281e-05,1.130159282780614e-05,1.1464081446711475e-05,1.1466498766339077e-05,1.1466338954343597e-05
0.0001170994802326,,1.1232599488164897e-07,1.1300773002775112e-05,1.1300777458732574e-05,1.1462987290634504e-05,1.1465316647921596e-05,1.1465161265182834e-05
0.0001183440536317,,1.1308789349381797e-07,1.1299978991226053e-05,1.1299983302404085e-05,1.146191929503035e-05,1.1464164168689018e-05,1.1464013083410078e-05
0.0001195976270225,,1.1385073096711597e-07,1.1299205587857178e-05,1.1299209759293358e-05,1.146087707295562e-05,1.1463040791064606e-05,1.1462893876394825e-05
0.0001208602615905,,1.1461450407339849e-07,1.1298452211832744e-05,1.129845624836556e-05,1.1459860218994216e-05,1.1461945966051294e-05,1.1461803099829566e-05
0.0001221320192104,,1.153792106144111e-07,1.1297718300215374e-05,1.1297722206493468e-05,1.1458868312354093e-05,1.146087913598632e-05,1.1460740200500422e-05
0.0001234129624455,,1.161448493698221e-07,1.1297003307395895e-05,1.1297007087886822e-05,1.1457900919648698e-05,1.1459839736996176e-05,1.1459704618757044e-05
0.0001247031545467,,1.1691142004532433e-07,1.1296306704537716e-05,1.1296310363536214e-05,1.1456957597391978e-05,1.1458827201180264e-05,1.145869579071035e-05
0.0001260026594516,,1.176789232210324e-07,1.1295627979035922e-05,1.1295631520671788e-05,1.145603789423336e-05,1.1457840958549145e-05,1.1457713150183942e-05
0.000127311541784,,1.184473603004061e-07,1.129496663399138e-05,1.1294970062236876e-05,1.145514135295679e-05,1.1456880438740968e-05,1.1456756130442906e-05
0.000128629866853,,1.1921673345988946e-07,1.129432218769973e-05,1.1294325506376658e-05,1.1454267512265727e-05,1.1455945072537431e-05,1.1455824165721304e-05
0.0001299577006526,,1.199870455994303e-07,1.129369417315539e-05,1.1293697385941748e-05,1.1453415908374112e-05,1.145503429319876e-05,1.1454916692567995e-05
0.0001312951098612,,1.2075830029402385e-07,1.1293082137570408e-05,1.129308524800673e-05,1.1452586076421484e-05,1.145414753763536e-05,1.1454033151028378e-05
0.0001326421618409,,1.21530501746413e-07,1.1292485641908074e-05,1.129248865340345e-05,1.1451777551728842e-05,1.1453284247432195e-05,1.1453172985678262e-05
0.000133998924638,,1.2230365474103458e-07,1.1291904260431078e-05,1.1291907176268847e-05,1.1450989870910365e-05,1.1452443869740484e-05,1.145233564652435e-05
0.0001353654669817,,1.230777645993141e-07,1.1291337580264036e-05,1.1291340403607195e-05,1.1450222572854636e-05,1.14516258580499e-05,1.145152058978471e-05
0.0001367418582849,,1.2385283713636705e-07,1.1290785200970055e-05,1.1290787934866411e-05,1.1449475199588e-05,1.1450829672853297e-05,1.14507272785612e-05
0.0001381281686438,,1.2462887861917418e-07,1.1290246734141216e-05,1.1290249381528246e-05,1.1448747297031264e-05,1.1450054782214838e-05,1.1449955183414774e-05
0.0001395244688378,,1.2540589572626068e-07,1.1289721803002422e-05,1.1289724366711936e-05,1.144803841566022e-05,1.144930066225139e-05,1.1449203782853571e-05
0.00014093083033,,1.2618389550892741e-07,1.1289210042028615e-05,1.128921252479114e-05,1.1447348111079283e-05,1.1448566797536092e-05,1.1448472563742752e-05
0.0001423473252674,,1.2696288535403553e-07,1.1288711096574744e-05,1.1288713501023735e-05,1.1446675944516797e-05,1.1447852681432253e-05,1.1447761021644215e-05
0.0001437740264808,,1.2774287294836974e-07,1.1288224622518342e-05,1.1288226951194152e-05,1.1446021483249814e-05,1.1447157816364856e-05,1.1447068661093533e-05
0.000145211007486,,1.285238662445765e-07,1.128775028591426e-05,1.1287752541267946e-05,1.144538430096534e-05,1.1446481714036348e-05,1.1446394995820806e-05
0.0001466583424836,,1.2930587342866897e-07,1.1287287762661283e-05,1.1287289947058212e-05,1.1444763978064428e-05,1.1445823895592678e-05,1.1445739548921414e-05
0.0001481161063602,,1.300889028890926e-07,1.1286836738180222e-05,1.1286838853903508e-05,1.144416010191498e-05,1.1445183891745049e-05,1.1445101852982182e-05
0.0001495843746887,,1.3087296318732608e-07,1.128639690710316e-05,1.128639895635695e-05,1.1443572267058496e-05,1.1444561242852278e-05,1.1444481450167837e-05
0.0001510632237294,,1.3165806303000396e-07,1.1285967972973526e-05,1.1285969957886108e-05,1.144300007537551e-05,1.1443955498968216e-05,1.1443877892272231e-05
0.0001525527304308,,1.3244421124251997e-07,1.12855496479566e-05,1.1285551570583376e-05,1.1442443136214126e-05,1.1443366219858208e-05,1.1443290740738383e-05
0.0001540529724305,,1.332314167440877e-07,1.128514165256013e-05,1.1285143514886474e-05,1.144190106648548e-05,1.1442792974988236e-05,1.1442719566650923e-05
0.0001555640280566,,1.3401968852422788e-07,1.1284743715364776e-05,1.1284745519308724e-05,1.1441373490729803e-05,1.1442235343489984e-05,1.144216395070426e-05
0.0001570859763287,,1.34809035620632e-07,1.1284355572763974e-05,1.12843573201788e-05,1.144086004115618e-05,1.14416929141048e-05,1.144162348314944e-05
0.0001586188969591,,1.3559946709837194e-07,1.1283976968712923e-05,1.1283978661389626e-05,1.144036035765904e-05,1.144116528510917e-05,1.1441097763722271e-05
0.0001601628703543,,1.3639099203041205e-07,1.128360765448642e-05,1.1283609294156063e-05,1.1439874087813928e-05,1.1440652064224124e-05,1.144058640155527e-05
0.0001617179776165,,1.371836194793791e-07,1.1283247388445175e-05,1.1283248976781146e-05,1.1439400886855e-05,1.1440152868510657e-05,1.1440089015075429e-05
0.0001632843005452,,1.3797735848054788e-07,1.1282895935810357e-05,1.1282897474430508e-05,1.1438940417636394e-05,1.143966732425322e-05,1.143960523188985e-05
0.0001648619216388,,1.3877221802599498e-07,1.1282553068446013e-05,1.1282554558914724e-05,1.143849235057937e-05,1.1439195066832865e-05,1.143913468866098e-05
0.0001664509240962,,1.395682070498772e-07,1.128221856464917e-05,1.1282220008479328e-05,1.1438056363607103e-05,1.1438735740591707e-05,1.1438677030972935e-05
0.0001680513918189,,1.403653344147962e-07,1.128189220894726e-05,1.1281893607602116e-05,1.1437632142068575e-05,1.143828899869006e-05,1.1438231913190444e-05
0.0001696634094128,,1.4116360889918602e-07,1.1281573791902632e-05,1.1281575146797603e-05,1.1437219378653102e-05,1.1437854502957497e-05,1.1437798998311555e-05
0.0001712870621902,,1.419630391857001e-07,1.1281263109923887e-05,1.1281264422428314e-05,1.1436817773296747e-05,1.143743192373894e-05,1.14373779578153e-05
0.0001729224361722,,1.4276363385053888e-07,1.1280959965083825e-05,1.1280961236522586e-05,1.1436427033081802e-05,1.143702093973682e-05,1.1436968471505295e-05
0.0001745696180902,,1.4356540135367956e-07,1.1280664164943671e-05,1.1280665396598788e-05,1.143604687213034e-05,1.1436621237850146e-05,1.1436570227350173e-05
0.000176228695389,,1.4436835002996462e-07,1.128037552238346e-05,1.12803767154956e-05,1.1435677011492851e-05,1.1436232513011285e-05,1.1436182921321674e-05
0.0001778997562287,,1.4517248808100514e-07,1.128009385543824e-05,1.1280095011208186e-05,1.1435317179032752e-05,1.1435854468021209e-05,1.143580625723105e-05
0.0001795828894872,,1.4597782356786058e-07,1.1279818987139977e-05,1.1279820106730014e-05,1.1434967109307528e-05,1.1435486813383758e-05,1.1435439946564483e-05
0.0001812781847628,,1.4678436440445225e-07,1.1279550745364876e-05,1.1279551829900133e-05,1.1434626543447218e-05,1.1435129267139529e-05,1.1435083708318016e-05
0.0001829857323769,,1.475921183516692e-07,1.127928896268596e-05,1.1279290013255688e-05,1.1434295229030827e-05,1.1434781554699831e-05,1.1434737268832532e-05
0.0001847056233764,,1.484010930121391e-07,1.1279033476230671e-05,1.1279034493889488e-05,1.1433972919961213e-05,1.1434443408681208e-05,1.1434400361629165e-05
0.0001864379495369,,1.4921129582561073e-07,1.1278784127543384e-05,1.1278785113312444e-05,1.1433659376338915e-05,1.1434114568740795e-05,1.1434072727245603e-05
0.0001881828033651,,1.500227340649285e-07,1.1278540762452506e-05,1.1278541717320667e-05,1.1433354364335404e-05,1.143379478141298e-05,1.1433754113073528e-05
0.0001899402781023,,1.508354148325532e-07,1.1278303230942185e-05,1.1278304155867075e-05,1.1433057656066072e-05,1.143348379994751e-05,1.143344427319754e-05
0.0001917104677265,,1.516493450576009e-07,1.1278071387028272e-05,1.1278072282937353e-05,1.143276902946334e-05,1.1433181384149414e-05,1.1433142968235802e-05
0.0001934934669567,,1.5246453149337284e-07,1.1277845088638483e-05,1.127784595643005e-05,1.143248826815017e-05,1.1432887300220863e-05,1.1432849965182631e-05
0.0001952893712547,,1.5328098071533204e-07,1.1277624197496585e-05,1.1277625038040762e-05,1.1432215161314263e-05,1.1432601320605224e-05,1.1432565037253194e-05
0.0001970982768293,,1.5409869911951238e-07,1.127740857901044e-05,1.1277409393150105e-05,1.143194950358314e-05,1.1432323223833403e-05,1.14322879637305e-05
0.0001989202806392,,1.54917692921323e-07,1.1277198102163778e-05,1.1277198890715457e-05,1.1431691094900326e-05,1.1432052794372666e-05,1.1432018529814812e-05
0.0002007554803963,,1.5573796815472386e-07,1.1276992639411555e-05,1.1276993403166297e-05,1.143143974040285e-05,1.1431789822477968e-05,1.1431756526475552e-05
0.0002026039745691,,1.5655953067174817e-07,1.127679206657876e-05,1.127679280630298e-05,1.1431195250300133e-05,1.1431534104045982e-05,1.1431501750305869e-05
0.0002044658623862,,1.5738238614234314e-07,1.1276596262762546e-05,1.1276596979198815e-05,1.1430957439754482e-05,1.1431285440471795e-05,1.1431254003379857e-05
0.0002063412438396,,1.582065400545105e-07,1.1276405110237589e-05,1.1276405804105426e-05,1.143072612876322e-05,1.1431043638508386e-05,1.1431013093112538e-05
0.0002082302196884,,1.590319977147235e-07,1.1276218494364486e-05,1.1276219166361094e-05,1.1430501142042644e-05,1.143080851012894e-05,1.1430778832122622e-05
0.0002101328914624,,1.5985876424859508e-07,1.1276036303501174e-05,1.127603695430216e-05,1.1430282308913775e-05,1.1430579872391953e-05,1.1430551038098093e-05
0.0002120493614654,,1.606868446017837e-07,1.127585842891718e-05,1.1275859059177262e-05,1.1430069463190094e-05,1.1430357547309225e-05,1.1430329533664615e-05
0.0002139797327793,,1.615162435411139e-07,1.1275684764710658e-05,1.1275685375064316e-05,1.1429862443067178e-05,1.1430141361716704e-05,1.143011414625681e-05
0.0002159241092671,,1.6234696565589369e-07,1.1275515207728042e-05,1.1275515798790188e-05,1.142966109101443e-05,1.14299311471482e-05,1.1429904707992341e-05
0.0002178825955773,,1.6317901535941414e-07,1.1275349657486316e-05,1.1275350229852904e-05,1.1429465253668786e-05,1.1429726739711916e-05,1.1429701055548874e-05
0.0002198552971468,,1.640123968906122e-07,1.1275188016097713e-05,1.1275188570346347e-05,1.1429274781730544e-05,1.142952797996988e-05,1.1429503030043823e-05
0.0002218423202053,,1.6484711431588517e-07,1.1275030188196826e-05,1.127503072488733e-05,1.1429089529861264e-05,1.1429334712820122e-05,1.142931047691692e-05
0.0002238437717783,,1.6568317153103717e-07,1.1274876080869976e-05,1.1274876600544978e-05,1.1428909356583748e-05,1.1429146787381671e-05,1.142912324581556e-05
0.0002258597596913,,1.665205722633512e-07,1.1274725603586853e-05,1.12747261067723e-05,1.1428734124184162e-05,1.1428964056882337e-05,1.1428941190482872e-05
0.000227890392573,,1.6735932007376768e-07,1.1274578668134226e-05,1.127457915533994e-05,1.1428563698616203e-05,1.1428786378549146e-05,1.1428764168648534e-05
0.000229935779859,,1.68199418359163e-07,1.1274435188551776e-05,1.1274435660271927e-05,1.1428397949407398e-05,1.1428613613501549e-05,1.1428592041922223e-05
0.0002319960317956,,1.690408703547107e-07,1.1274295081069868e-05,1.1274295537783478e-05,1.1428236749567468e-05,1.142844562664718e-05,1.1428424675689745e-05
0.0002340712594427,,1.6988367913632176e-07,1.1274158264049256e-05,1.1274158706220684e-05,1.142807997549872e-05,1.14282822865803e-05,1.1428261939011717e-05
0.0002361615746777,,1.707278476231511e-07,1.1274024657922672e-05,1.1274025086002048e-05,1.1427927506908544e-05,1.1428123465482756e-05,1.1428103704524814e-05
0.0002382670901987,,1.71573378580155e-07,1.1273894185138132e-05,1.1273894599561812e-05,1.142777922672388e-05,1.1427969039027448e-05,1.1427949848345538e-05
0.0002403879195274,,1.7242027462070732e-07,1.127376677010403e-05,1.1273767171295033e-05,1.1427635021007686e-05,1.1427818886284278e-05,1.1427800249976407e-05
0.0002425241770125,,1.73268538209247e-07,1.1273642339135878e-05,1.1273642727504269e-05,1.142749477887741e-05,1.1427672889628509e-05,1.142765479221457e-05
0.0002446759778325,,1.741181716639612e-07,1.127352082040462e-05,1.1273521196347943e-05,1.142735839242537e-05,1.1427530934651473e-05,1.1427513361062806e-05
0.0002468434379987,,1.749691771594969e-07,1.1273402143886556e-05,1.12734025077902e-05,1.1427225756641048e-05,1.142739291007364e-05,1.1427375845642778e-05
0.0002490266743573,,1.7582155672968966e-07,1.127328624131472e-05,1.1273286593552298e-05,1.142709676933528e-05,1.1427258707659905e-05,1.1427242138110597e-05
0.0002512258045926,,1.7667531227030609e-07,1.127317304613171e-05,1.1273173387065427e-05,1.142697133106629e-05,1.1427128222137114e-05,1.142711213357458e-05
0.0002534409472283,,1.775304455417973e-07,1.1273062493443956e-05,1.1273062823424951e-05,1.1426849345067527e-05,1.1427001351113771e-05,1.1426985730015166e-05
0.0002556722216302,,1.783869581720511e-07,1.1272954519977297e-05,1.1272954839345992e-05,1.1426730717177302e-05,1.142687799500184e-05,1.1426862828206954e-05
0.0002579197480076,,1.792448516591459e-07,1.127284906403388e-05,1.1272849373120296e-05,1.1426615355770153e-05,1.1426758056940628e-05,1.1426743331642785e-05
0.0002601836474146,,1.8010412737409916e-07,1.1272746065450331e-05,1.1272746364574413e-05,1.142650317168994e-05,1.142664144272268e-05,1.1426627146459878e-05
0.0002624640417513,,1.80964786563603e-07,1.1272645465557135e-05,1.1272645755029065e-05,1.1426394078184626e-05,1.142652806072168e-05,1.142651418136789e-05
0.0002647610537648,,1.8182683035274713e-07,1.127254720713921e-05,1.1272547487259689e-05,1.142628799084266e-05,1.14264178218222e-05,1.1426404347578918e-05
0.0002670748070488,,1.8269025974773026e-07,1.12724512343976e-05,1.1272451505458151e-05,1.1426184827531029e-05,1.1426310639351422e-05,1.142629755873937e-05
0.0002694054260446,,1.835550756385423e-07,1.1272357492912314e-05,1.1272357755195566e-05,1.1426084508334831e-05,1.1426206429012608e-05,1.1426193730863661e-05
0.0002717530360397,,1.844212788016328e-07,1.1272265929606184e-05,1.1272266183386124e-05,1.1425986955498424e-05,1.1426105108820412e-05,1.1426092782269694e-05
0.0002741177631671,,1.8528886990254776e-07,1.12721764927098e-05,1.1272176738252048e-05,1.1425892093368062e-05,1.1426006599037875e-05,1.1425994633516054e-05
0.0002764997344043,,1.861578494985439e-07,1.1272089131727416e-05,1.1272089369289482e-05,1.1425799848336006e-05,1.1425910822115189e-05,1.1425899207340922e-05
0.0002788990775704,,1.870282180411699e-07,1.1272003797403848e-05,1.127200402723537e-05,1.1425710148786084e-05,1.1425817702630042e-05,1.1425806428602627e-05
0.0002813159213242,,1.8789997587882085e-07,1.127192044169228e-05,1.127192066403527e-05,1.1425622925040633e-05,1.1425727167229602e-05,1.14257162242218e-05
0.0002837503951605,,1.8877312325925377e-07,1.1271839017723032e-05,1.1271839232812096e-05,1.1425538109308834e-05,1.1425639144574078e-05,1.1425628523125073e-05
0.0002862026294064,,1.896476603320744e-07,1.127175947977313e-05,1.1271759687835707e-05,1.1425455635636385e-05,1.14255535652818e-05,1.1425543256190353e-05
0.0002886727552163,,1.9052358715118625e-07,1.1271681783236796e-05,1.127168198449336e-05,1.1425375439856451e-05,1.1425470361875766e-05,1.142546035619352e-05
0.0002911609045669,,1.914009036772027e-07,1.1271605884596722e-05,1.1271606079261008e-05,1.1425297459541953e-05,1.1425389468731666e-05,1.1425379757756603e-05
0.0002936672102509,,1.9227960977982237e-07,1.1271531741396163e-05,1.1271531929675369e-05,1.1425221633959012e-05,1.142531082202729e-05,1.1425301397297363e-05
0.0002961918058693,,1.93159705240166e-07,1.127145931221181e-05,1.1271459494306773e-05,1.14251479040217e-05,1.142523435969334e-05,1.1425225212980223e-05
0.0002987348258243,,1.940411897530753e-07,1.127138855662736e-05,1.127138873273278e-05,1.142507621224791e-05,1.1425160021365538e-05,1.142515114466855e-05
0.0003012964053096,,1.949240629293668e-07,1.1271319435207912e-05,1.127131960551251e-05,1.1425006502716415e-05,1.142508774833806e-05,1.1425079133878227e-05
0.0003038766803008,,1.9580832429805817e-07,1.1271251909474948e-05,1.127125207416167e-05,1.1424938721025038e-05,1.1425017483518232e-05,1.1425009123732484e-05
0.0003064757875443,,1.966939733085362e-07,1.1271185941882108e-05,1.1271186101128283e-05,1.1424872814249924e-05,1.1424949171382448e-05,1.1424941058917965e-05
0.0003090938645449,,1.9758100933270266e-07,1.1271121495791546e-05,1.127112164976906e-05,1.1424808730905884e-05,1.1424882757933296e-05,1.1424874885641987e-05
0.000311731049553,,1.984694316670655e-07,1.1271058535450968e-05,1.1271058684326436e-05,1.14247464209078e-05,1.1424818190657849e-05,1.1424810551590944e-05
0.0003143874815494,,1.993592395347963e-07,1.1270997025971292e-05,1.1270997169906206e-05,1.1424685835533e-05,1.142475541848707e-05,1.1424748005889885e-05
0.0003170633002301,,2.0025043208774657e-07,1.127093693330489e-05,1.1270937072455778e-05,1.1424626927384688e-05,1.1424694391756365e-05,1.1424687199063151e-05
0.0003197586459887,,2.0114300840841673e-07,1.1270878224224445e-05,1.1270878358743026e-05,1.142456965035628e-05,1.1424635062167168e-05,1.1424628082996109e-05
0.0003224736598983,,2.020369675118985e-07,1.1270820866302342e-05,1.1270820996335666e-05,1.1424513959596729e-05,1.1424577382749582e-05,1.1424570610897909e-05
0.0003252084836911,,2.029323083477573e-07,1.1270764827890655e-05,1.1270764953581242e-05,1.1424459811476744e-05,1.142452130782606e-05,1.1424514737265279e-05
0.0003279632597373,,2.0382902980189402e-07,1.1270710078101624e-05,1.1270710199587604e-05,1.14244071635559e-05,1.1424466792976044e-05,1.1424460417847288e-05
0.000330738131022,,2.047271306983524e-07,1.1270656586788678e-05,1.1270656704203924e-05,1.142435597455064e-05,1.142441379500157e-05,1.1424407609611075e-05
0.0003335332411208,,2.056266098010953e-07,1.127060432452796e-05,1.127060443800222e-05,1.1424306204303103e-05,1.1424362271893852e-05,1.1424356270708513e-05
0.0003363487341734,,2.0652746581573778e-07,1.127055326260034e-05,1.1270553372259354e-05,1.1424257813750787e-05,1.1424312182800714e-05,1.1424306360443778e-05
0.0003391847548556,,2.0742969739124037e-07,1.127050337297389e-05,1.127050347893952e-05,1.1424210764897022e-05,1.1424263487994945e-05,1.1424257839241809e-05
0.0003420414483502,,2.0833330312157125e-07,1.1270454628286849e-05,1.1270454730677176e-05,1.142416502078223e-05,1.1424216148843511e-05,1.1424210668617623e-05
0.0003449189603153,,2.092382815473197e-07,1.1270407001830993e-05,1.127040710076047e-05,1.1424120545455936e-05,1.1424170127777623e-05,1.1424164811146461e-05
0.0003478174368513,,2.1014463115728133e-07,1.1270360467535504e-05,1.1270360563115024e-05,1.142407730394952e-05,1.142412538826357e-05,1.1424120230434762e-05
0.0003507370244654,,2.1105235039000057e-07,1.1270314999951188e-05,1.127031509228822e-05,1.142403526224973e-05,1.1424081894774397e-05,1.1424076891091909e-05
0.0003536778700356,,2.1196143763528146e-07,1.1270270574235167e-05,1.1270270663433847e-05,1.1423994387272852e-05,1.1424039612762333e-05,1.1424034758702773e-05
0.0003566401207712,,2.128718912356577e-07,1.1270227166135934e-05,1.1270227252297167e-05,1.14239546468396e-05,1.1423998508631966e-05,1.1423993799800966e-05
0.0003596239241723,,2.1378370948783037e-07,1.1270184751978804e-05,1.1270184835200362e-05,1.1423916009650666e-05,1.1423958549714186e-05,1.1423953981842866e-05
0.0003626294279871,,2.146968906440736e-07,1.1270143308651742e-05,1.1270143389028363e-05,1.1423878445262912e-05,1.1423919704240766e-05,1.1423915273182325e-05
0.0003656567801674,,2.1561143291359665e-07,1.1270102813591566e-05,1.127010289121505e-05,1.1423841924066226e-05,1.14238819413197e-05,1.1423877643046058e-05
0.0003687061288218,,2.1652733446388562e-07,1.1270063244770502e-05,1.127006331972978e-05,1.1423806417260958e-05,1.14238452309112e-05,1.1423841061509747e-05
0.0003717776221674,,2.17444593422002e-07,1.1270024580683067e-05,1.1270024653064316e-05,1.1423771896835989e-05,1.1423809543804314e-05,1.1423805499474735e-05
0.0003748714084787,,2.1836320787585186e-07,1.1269986800333324e-05,1.1269986870220026e-05,1.1423738335547365e-05,1.1423774851594228e-05,1.1423770928645402e-05
0.0003779876360355,,2.1928317587542538e-07,1.1269949883222433e-05,1.1269949950695464e-05,1.1423705706897517e-05,1.1423741126660154e-05,1.1423737321507147e-05
0.0003811264530685,,2.2020449543400306e-07,1.1269913809336518e-05,1.1269913874474247e-05,1.1423673985115037e-05,1.1423708342143832e-05,1.1423704651304961e-05
0.0003842880077022,,2.2112716452933218e-07,1.1269878559134892e-05,1.1269878622013226e-05,1.1423643145134968e-05,1.1423676471928614e-05,1.1423672892022586e-05
0.0003874724478972,,2.2205118110477313e-07,1.1269844113538518e-05,1.1269844174230991e-05,1.1423613162579666e-05,1.1423645490619128e-05,1.1423642018362256e-05
0.0003906799213895,,2.2297654307041674e-07,1.12698104539188e-05,1.1269810512496655e-05,1.1423584013740136e-05,1.1423615373521488e-05,1.1423612005724975e-05
0.0003939105756289,,2.239032483041736e-07,1.126977756208666e-05,1.1269777618618904e-05,1.1423555675557883e-05,1.1423586096624035e-05,1.1423582830191348e-05
0.0003971645577145,,2.248312946528332e-07,1.1269745420281864e-05,1.1269745474835343e-05,1.1423528125607264e-05,1.1423557636578636e-05,1.1423554468502906e-05
0.0004004420143297,,2.257606799330973e-07,1.126971401116266e-05,1.1269714063802125e-05,1.142350134207827e-05,1.142352997068244e-05,1.142352689804398e-05
0.0004037430916747,,2.2669140193258645e-07,1.1269683317795644e-05,1.1269683368583804e-05,1.1423475303759825e-05,1.142350307686019e-05,1.1423500096824052e-05
0.0004070679353976,,2.2762345841082058e-07,1.1269653323645878e-05,1.1269653372643476e-05,1.1423449990023492e-05,1.1423476933646968e-05,1.1423474043460563e-05
0.0004104166905243,,2.285568471001709e-07,1.1269624012567294e-05,1.126962405983317e-05,1.1423425380807627e-05,1.1423451520171448e-05,1.142344871716224e-05
0.0004137895013867,,2.29491565706792e-07,1.1269595368793305e-05,1.1269595414384436e-05,1.142340145660197e-05,1.1423426816139578e-05,1.1423424097712834e-05
0.0004171865115497,,2.30427611911522e-07,1.1269567376927643e-05,1.1269567420899224e-05,1.1423378198432645e-05,1.1423402801818729e-05,1.1423400165455323e-05
0.0004206078637369,,2.313649833707679e-07,1.126954002193549e-05,1.126954006434096e-05,1.1423355587847537e-05,1.1423379458022254e-05,1.1423376901276542e-05
0.000424053699756,,2.323036777173601e-07,1.126951328913474e-05,1.1269513330025858e-05,1.1423333606902112e-05,1.1423356766094497e-05,1.142335428659224e-05
0.0004275241604216,,2.332436925613858e-07,1.1269487164187544e-05,1.1269487203614434e-05,1.1423312238145575e-05,1.1423334707896175e-05,1.1423332303332523e-05
0.0004310193854794,,2.3418502549100225e-07,1.1269461633092048e-05,1.1269461671103251e-05,1.1423291464607412e-05,1.1423313265790204e-05,1.142331093392772e-05
0.0004345395135281,,2.351276740732261e-07,1.1269436682174336e-05,1.1269436718816853e-05,1.142327126978432e-05,1.1423292422627866e-05,1.1423290161294628e-05
0.0004380846819414,,2.360716358547025e-07,1.1269412298080556e-05,1.1269412333399892e-05,1.1423251637627438e-05,1.1423272161735378e-05,1.1423269968823119e-05
0.0004416550267899,,2.3701690836245145e-07,1.126938846776928e-05,1.1269388501809507e-05,1.142323255252998e-05,1.1423252466900835e-05,1.1423250340363122e-05
0.000445250682763,,2.3796348910459877e-07,1.1269365178504005e-05,1.1269365211307792e-05,1.1423213999315144e-05,1.1423233322361496e-05,1.1423231260211971e-05
0.0004488717830899,,2.3891137557107996e-07,1.1269342417845894e-05,1.1269342449454547e-05,1.14231959632244e-05,1.1423214712791406e-05,1.1423212713102082e-05
0.0004525184594624,,2.3986056523433105e-07,1.1269320173646635e-05,1.1269320204100156e-05,1.142317842990606e-05,1.1423196623289396e-05,1.1423194684188986e-05
0.0004561908419569,,2.408110555499576e-07,1.1269298434041536e-05,1.1269298463378644e-05,1.1423161385404153e-05,1.142317903936736e-05,1.1423177159039656e-05
0.000459889058958,,2.417628439573861e-07,1.1269277187442744e-05,1.1269277215700927e-05,1.142314481614764e-05,1.1423161946938895e-05,1.1423160123621187e-05
0.0004636132370822,,2.427159278804983e-07,1.126925642253266e-05,1.1269256449748208e-05,1.1423128708939862e-05,1.1423145332308236e-05,1.1423143564289777e-05
0.0004673635011036,,2.43670304728245e-07,1.1269236128257487e-05,1.1269236154465532e-05,1.1423113050948328e-05,1.1423129182159472e-05,1.1423127467780003e-05
0.0004711399738803,,2.4462597189524853e-07,1.1269216293820989e-05,1.1269216319055532e-05,1.1423097829694746e-05,1.14231134835461e-05,1.1423111821194383e-05
0.0004749427762828,,2.455829267623797e-07,1.1269196908678322e-05,1.126919693297229e-05,1.1423083033045324e-05,1.1423098223880824e-05,1.1423096611993242e-05
0.0004787720271245,,2.4654116669733113e-07,1.1269177962530102e-05,1.126917798591535e-05,1.142306864920136e-05,1.1423083390925672e-05,1.1423081827984845e-05
0.0004826278430935,,2.4750068905516156e-07,1.1269159445316554e-05,1.1269159467823922e-05,1.1423054666690046e-05,1.1423068972782335e-05,1.1423067457315801e-05
0.0004865103386877,,2.484614911788361e-07,1.1269141347211837e-05,1.1269141368871172e-05,1.1423041074355569e-05,1.1423054957882826e-05,1.1423053488461733e-05
0.0004904196261521,,2.494235703997407e-07,1.12691236586185e-05,1.126912367945869e-05,1.14230278613504e-05,1.142304133498034e-05,1.1423039910218192e-05
,,2.503869240381931e-07,1.1269106370162065e-05,1.1269106390211064e-05,1.1423015017126862e-05,1.1423028093140407e-05,1.1423026711691838e-05
,,2.513515494039335e-07,1.126908947268575e-05,1.1269089491970615e-05,1.1423002531428914e-05,1.1423015221732268e-05,1.1423013882291848e-05
,,2.5231744379659956e-07,1.1269072957245327e-05,1.1269072975792242e-05,1.1422990394284132e-05,1.1423002710420491e-05,1.1423001411721569e-05
,,2.5328460450619316e-07,1.1269056815104088e-05,1.1269056832938383e-05,1.1422978595995962e-05,1.1422990549156808e-05,1.1422989289970385e-05
,,2.5425302881353085e-07,1.1269041037727932e-05,1.1269041054874124e-05,1.1422967127136115e-05,1.1422978728172194e-05,1.1422977507305834e-05
,,2.552227139906824e-07,1.126902561678061e-05,1.1269025633262414e-05,1.1422955978537236e-05,1.1422967237969148e-05,1.1422966054265902e-05
,,2.561936573013964e-07,1.126901054411902e-05,1.1269010559959393e-05,1.1422945141285714e-05,1.1422956069314184e-05,1.1422954921651576e-05
,,2.571658560015168e-07,1.1268995811788684e-05,1.1268995827009823e-05,1.1422934606714731e-05,1.142294521323055e-05,1.1422944100519552e-05
,,2.581393073393794e-07,1.1268981412019283e-05,1.1268981426642674e-05,1.142292436639748e-05,1.1422934660991114e-05,1.142293358217518e-05
,,2.591140085562102e-07,1.1268967337220318e-05,1.1268967351266743e-05,1.1422914412140544e-05,1.142292440411147e-05,1.1422923358165591e-05
,,2.6008995688649896e-07,1.1268953579976888e-05,1.1268953593466457e-05,1.1422904735977536e-05,1.1422914434343229e-05,1.1422913420272999e-05
,,2.610671495583707e-07,1.1268940133045548e-05,1.1268940145997702e-05,1.1422895330162787e-05,1.142290474366748e-05,1.1422903760508212e-05
,,2.620455837939443e-07,1.1268926989350287e-05,1.1268927001783838e-05,1.142288618716533e-05,1.1422895324288454e-05,1.1422894371104301e-05
,,2.6302525680967857e-07,1.1268914141978582e-05,1.1268914153911726e-05,1.1422877299662971e-05,1.1422886168627336e-05,1.1422885244510456e-05
,,2.6400616581671346e-07,1.1268901584177562e-05,1.1268901595627898e-05,1.1422868660536536e-05,1.142287726931627e-05,1.1422876373385989e-05
,,2.649883080211926e-07,1.1268889309350262e-05,1.1268889320334813e-05,1.1422860262864304e-05,1.1422868619192512e-05,1.1422867750594536e-05
,,2.659716806245902e-07,1.1268877311051966e-05,1.1268877321587189e-05,1.1422852099916536e-05,1.1422860211292754e-05,1.1422859369198395e-05
,,2.669562808240136e-07,1.1268865582986629e-05,1.1268865593088442e-05,1.1422844165150234e-05,1.1422852038847603e-05,1.1422851222453017e-05
,,2.679421058125073e-07,1.1268854119003391e-05,1.1268854128687192e-05,1.1422836452203948e-05,1.1422844095276194e-05,1.142284330380166e-05
,,2.689291527793445e-07,1.1268842913093194e-05,1.126884292237387e-05,1.1422828954892808e-05,1.1422836374180996e-05,1.142283560687019e-05
,,2.699174189103094e-07,1.126883195938544e-05,1.1268831968277382e-05,1.1422821667203628e-05,1.1422828869342696e-05,1.1422828125462019e-05
,,2.709069013879752e-07,1.126882125214476e-05,1.1268821260661886e-05,1.14228145832902e-05,1.1422821574715286e-05,1.142282085355318e-05
,,2.718975973919678e-07,1.1268810785767854e-05,1.1268810793923612e-05,1.1422807697468665e-05,1.142281448442124e-05,1.1422813785287543e-05
,,2.7288950409922684e-07,1.1268800554780391e-05,1.1268800562587796e-05,1.142280100421304e-05,1.1422807592746868e-05,1.142280691497217e-05
,,2.7388261868425877e-07,1.1268790553834004e-05,1.126879056130563e-05,1.1422794498150871e-05,1.1422800894137734e-05,1.1422800237072782e-05
,,2.7487693831937954e-07,1.1268780777703351e-05,1.1268780784851352e-05,1.1422788174058986e-05,1.1422794383194263e-05,1.1422793746209356e-05
,,2.758724601749516e-07,1.1268771221283234e-05,1.126877122811936e-05,1.1422782026859368e-05,1.1422788054667456e-05,1.1422787437151845e-05
,,2.768691814196157e-07,1.1268761879585795e-05,1.1268761886121408e-05,1.1422776051615157e-05,1.1422781903454667e-05,1.1422781304816032e-05
,,2.77867099220513e-07,1.1268752747737796e-05,1.1268752753983864e-05,1.1422770243526746e-05,1.1422775924595598e-05,1.1422775344259465e-05
,,2.78866210743503e-07,1.1268743820977914e-05,1.1268743826945051e-05,1.142276459792798e-05,1.1422770113268291e-05,1.1422769550677526e-05
,,2.7986651315337314e-07,1.1268735094654168e-05,1.1268735100352628e-05,1.1422759110282488e-05,1.1422764464785337e-05,1.142276391939961e-05
,,2.808680036140432e-07,1.1268726564221349e-05,1.1268726569661032e-05,1.1422753776180073e-05,1.1422758974590095e-05,1.1422758445885403e-05
,,2.81870679288765e-07,1.1268718225238534e-05,1.1268718230429024e-05,1.1422748591333224e-05,1.1422753638253092e-05,1.1422753125721256e-05
,,2.828745373403095e-07,1.1268710073366684e-05,1.126871007831722e-05,1.1422743551573748e-05,1.1422748451468476e-05,1.1422747954616672e-05
,,2.838795749311626e-07,1.1268702104366233e-05,1.1268702109085765e-05,1.1422738652849432e-05,1.1422743410050582e-05,1.1422742928400885e-05
,,2.848857892236938e-07,1.1268694314094814e-05,1.1268694318591966e-05,1.1422733891220867e-05,1.1422738509930586e-05,1.1422738043019537e-05
,,2.858931773803445e-07,1.1268686698504976e-05,1.1268686702788093e-05,1.14227292628583e-05,1.1422733747153274e-05,1.1422733294531423e-05
,,2.869017365637879e-07,1.1268679253641989e-05,1.1268679257719122e-05,1.142272476403861e-05,1.142272911787386e-05,1.1422728679105379e-05
,,2.879114639370988e-07,1.1268671975641676e-05,1.126867197952061e-05,1.1422720391142356e-05,1.1422724618354943e-05,1.1422724193017185e-05
,,2.889223566639134e-07,1.126866486072833e-05,1.1268664864416588e-05,1.14227161406509e-05,1.1422720244963497e-05,1.1422719832646621e-05
,,2.899344119085837e-07,1.1268657905212656e-05,1.126865790871749e-05,1.1422712009143612e-05,1.1422715994167963e-05,1.1422715594474562e-05
,,2.909476268363281e-07,1.1268651105489756e-05,1.1268651108818184e-05,1.142270799329517e-05,1.142271186253546e-05,1.1422711475080163e-05
,,2.919619986133775e-07,1.1268644458037184e-05,1.1268644461195968e-05,1.1422704089872892e-05,1.1422707846729004e-05,1.142270747113813e-05
,,2.929775244071168e-07,1.1268637959413024e-05,1.1268637962408706e-05,1.1422700295734194e-05,1.1422703943504857e-05,1.1422703579416065e-05
,,2.939942013862213e-07,1.1268631606254038e-05,1.1268631609092924e-05,1.1422696607824067e-05,1.1422700149709922e-05,1.1422699796771866e-05
,,2.950120267207911e-07,1.1268625395273824e-05,1.1268625397962016e-05,1.142269302317267e-05,1.1422696462279231e-05,1.1422696120151233e-05
,,2.9603099758247724e-07,1.126861932326106e-05,1.126861932580444e-05,1.1422689538892956e-05,1.1422692878233477e-05,1.1422692546585204e-05
,,2.970511111446109e-07,1.1268613387077756e-05,1.1268613389482e-05,1.1422686152178371e-05,1.142268939467664e-05,1.1422689073187795e-05
,,2.980723645823169e-07,1.126860758365755e-05,1.1268607585928138e-05,1.1422682860300631e-05,1.1422686008793664e-05,1.1422685697153683e-05
,,2.990947550726401e-07,1.1268601910004062e-05,1.1268601912146284e-05,1.1422679660607544e-05,1.1422682717848187e-05,1.1422682415755955e-05
,,3.0011827979465234e-07,1.126859636318927e-05,1.1268596365208237e-05,1.1422676550520884e-05,1.1422679519180386e-05,1.1422679226343932e-05
,,3.01142935929564e-07,1.126859094035194e-05,1.126859094225257e-05,1.1422673527534369e-05,1.142267641020479e-05,1.1422676126341033e-05
,,3.0216872066083105e-07,1.1268585638696073e-05,1.126858564048312e-05,1.142267058921162e-05,1.1422673388408258e-05,1.142267311324273e-05
,,3.03195631174258e-07,1.1268580455489395e-05,1.1268580457167454e-05,1.1422667733184268e-05,1.1422670451347933e-05,1.1422670184614517e-05
,,3.042236646580969e-07,1.1268575388061908e-05,1.12685753896354e-05,1.1422664957150015e-05,1.142266759664929e-05,1.1422667338089978e-05
,,3.052528183031466e-07,1.1268570433804426e-05,1.126857043527762e-05,1.1422662258870842e-05,1.1422664822004236e-05,1.1422664571368875e-05
,,3.062830893028433e-07,1.126856559016719e-05,1.1268565591544202e-05,1.1422659636171184e-05,1.142266212516925e-05,1.1422661882215303e-05
,,3.073144748533503e-07,1.1268560854658492e-05,1.1268560855943291e-05,1.1422657086936217e-05,1.1422659503963585e-05,1.1422659268455911e-05
,,3.083469721536518e-07,1.126855622484334e-05,1.1268556226039757e-05,1.1422654609110168e-05,1.1422656956267517e-05,1.1422656727978141e-05
,,3.093805784056307e-07,1.126855169834214e-05,1.1268551699453868e-05,1.1422652200694655e-05,1.1422654480020645e-05,1.1422654258728542e-05
,,3.104152908141542e-07,1.1268547272829432e-05,1.1268547273860032e-05,1.142264985974712e-05,1.1422652073220229e-05,1.1422651858711112e-05
,,3.114511065871533e-07,1.1268542946032646e-05,1.1268542946985556e-05,1.1422647584379248e-05,1.142264973391958e-05,1.1422649525985709e-05
,,3.1248802293569817e-07,1.1268538715730876e-05,1.1268538716609395e-05,1.1422645372755464e-05,1.1422647460226514e-05,1.1422647258666472e-05
,,3.135260370740737e-07,1.126853457975369e-05,1.1268534580561014e-05,1.1422643223091484e-05,1.1422645250301805e-05,1.142264505492033e-05
,,3.145651462198503e-07,1.126853053597997e-05,1.1268530536719175e-05,1.142264113365286e-05,1.142264310235772e-05,1.1422642912965515e-05
,,3.156053475939539e-07,1.1268526582336796e-05,1.1268526583010845e-05,1.1422639102753616e-05,1.1422641014656582e-05,1.1422640831070124e-05
,,3.166466384207346e-07,1.1268522716798302e-05,1.1268522717410048e-05,1.1422637128754875e-05,1.1422638985509363e-05,1.1422638807550741e-05
,,3.1768901592802625e-07,1.1268518937384632e-05,1.1268518937936826e-05,1.1422635210063577e-05,1.1422637013274346e-05,1.1422636840771071e-05
,,3.187324773472172e-07,1.1268515242160858e-05,1.1268515242656149e-05,1.1422633345131169e-05,1.1422635096355777e-05,1.142263492914064e-05
,,3.19777019913303e-07,1.126851162923596e-05,1.1268511629676904e-05,1.142263153245239e-05,1.1422633233202589e-05,1.1422633071113493e-05
,,3.2082264086495164e-07,1.1268508096761816e-05,1.126850809715087e-05,1.1422629770564054e-05,1.1422631422307173e-05,1.1422631265186967e-05
,,3.218693374445524e-07,1.1268504642932217e-05,1.1268504643271748e-05,1.142262805804389e-05,1.1422629662204131e-05,1.1422629509900477e-05
,,3.229171068982785e-07,1.1268501265981896e-05,1.1268501266274184e-05,1.142262639350938e-05,1.1422627951469132e-05,1.1422627803834347e-05
,,3.239659464761347e-07,1.1268497964185607e-05,1.1268497964432856e-05,1.1422624775616664e-05,1.142262628871773e-05,1.1422626145608647e-05
,,3.2501585343200933e-07,1.1268494735857206e-05,1.1268494736061518e-05,1.1422623203059469e-05,1.1422624672604273e-05,1.1422624533882104e-05
,,3.2606682502372077e-07,1.1268491579348728e-05,1.126849157951214e-05,1.1422621674568044e-05,1.142262310182081e-05,1.1422622967351016e-05
,,3.271188585130714e-07,1.126848849304954e-05,1.1268488493174011e-05,1.1422620188908155e-05,1.1422621575096034e-05,1.1422621444748194e-05
,,3.28171951165886e-07,1.126848547538548e-05,1.1268485475472891e-05,1.1422618744880097e-05,1.1422620091194263e-05,1.1422619964841945e-05
,,3.292261002520592e-07,1.1268482524818016e-05,1.1268482524870186e-05,1.142261734131771e-05,1.1422618648914442e-05,1.1422618526435087e-05
,,3.302813030455969e-07,1.126847963984344e-05,1.1268479639862103e-05,1.142261597708746e-05,1.1422617247089178e-05,1.1422617128363972e-05
,,3.31337556824658e-07,1.1268476818992049e-05,1.126847681897889e-05,1.142261465108754e-05,1.142261588458378e-05,1.1422615769497561e-05
,,3.3239485887159226e-07,1.1268474060827402e-05,1.1268474060784027e-05,1.1422613362246944e-05,1.1422614560295376e-05,1.14226144487365e-05
,,3.334532064729788e-07,1.1268471363945524e-05,1.126847136387349e-05,1.1422612109524668e-05,1.1422613273152003e-05,1.1422613165012244e-05
,,3.345125969196624e-07,1.126846872697419e-05,1.1268468726874984e-05,1.1422610891908802e-05,1.1422612022111737e-05,1.1422611917286188e-05
,,3.355730275067886e-07,1.126846614857218e-05,1.1268466148447233e-05,1.1422609708415785e-05,1.1422610806161856e-05,1.1422610704548831e-05
,,3.366344955338365e-07,1.126846362742859e-05,1.126846362727928e-05,1.1422608558089556e-05,1.1422609624318047e-05,1.1422609525818971e-05
,,3.376969983046537e-07,1.1268461162262118e-05,1.1268461162089769e-05,1.1422607440000836e-05,1.1422608475623576e-05,1.142260838014289e-05
,,3.387605331274837e-07,1.1268458751820404e-05,1.1268458751626286e-05,1.1422606353246342e-05,1.1422607359148538e-05,1.1422607266593616e-05
,,3.398250973149982e-07,1.126845639487937e-05,1.1268456394664704e-05,1.1422605296948084e-05,1.1422606273989088e-05,1.1422606184270147e-05
,,3.408906881843245e-07,1.1268454090242556e-05,1.1268454090008514e-05,1.142260427025264e-05,1.142260521926674e-05,1.1422605132296746e-05
,,3.419573030570753e-07,1.1268451836740513e-05,1.126845183648822e-05,1.1422603272330492e-05,1.1422604194127628e-05,1.142260410982222e-05
,,3.430249392593715e-07,1.1268449633230174e-05,1.1268449632960712e-05,1.142260230237534e-05,1.1422603197741828e-05,1.1422603116019229e-05
,,3.440935941218699e-07,1.126844747859425e-05,1.1268447478308655e-05,1.1422601359603456e-05,1.14226022293027e-05,1.1422602150083642e-05
,,3.4516326497978777e-07,1.1268445371740651e-05,1.126844537143992e-05,1.1422600443253068e-05,1.1422601288026207e-05,1.1422601211233856e-05
,,3.462339491729241e-07,1.1268443311601911e-05,1.1268443311286998e-05,1.1422599552583724e-05,1.142260037315032e-05,1.1422600298710192e-05
,,3.47305644045683e-07,1.1268441297134624e-05,1.126844129680644e-05,1.1422598686875716e-05,1.1422599483934358e-05,1.1422599411774265e-05
,,3.483783469470949e-07,1.126843932731889e-05,1.1268439326978311e-05,1.1422597845429478e-05,1.1422598619658427e-05,1.142259854970839e-05
,,3.494520552308364e-07,1.1268437401157784e-05,1.1268437400805657e-05,1.1422597027565052e-05,1.1422597779622828e-05,1.1422597711815013e-05
,,3.505267662552498e-07,1.1268435517676843e-05,1.1268435517313976e-05,1.1422596232621514e-05,1.142259696314747e-05,1.142259689741613e-05
,,3.516024773833625e-07,1.1268433675923548e-05,1.1268433675550704e-05,1.1422595459956455e-05,1.1422596169571356e-05,1.1422596105852756e-05
,,3.526791859829026e-07,1.1268431874966812e-05,1.1268431874584734e-05,1.142259470894546e-05,1.1422595398252013e-05,1.1422595336484381e-05
,,3.5375688942631634e-07,1.1268430113896511e-05,1.1268430113505914e-05,1.142259397898161e-05,1.1422594648564998e-05,1.1422594588688462e-05
,,3.54835585090787e-07,1.1268428391823003e-05,1.126842839142456e-05,1.1422593269474974e-05,1.1422593919903389e-05,1.1422593861859904e-05
,,3.5591527035824297e-07,1.1268426707876655e-05,1.1268426707471016e-05,1.1422592579852162e-05,1.142259321167728e-05,1.1422593155410589e-05
,,3.569959426153814e-07,1.1268425061207394e-05,1.1268425060795175e-05,1.142259190955584e-05,1.1422592523313316e-05,1.1422592468768892e-05
,,3.5807759925367405e-07,1.1268423450984258e-05,1.1268423450566056e-05,1.1422591258044291e-05,1.142259185425424e-05,1.1422591801379218e-05
,,3.591602376693842e-07,1.1268421876394976e-05,1.1268421875971358e-05,1.1422590624790978e-05,1.14225912039584e-05,1.1422591152701557e-05
,,3.60243855263577e-07,1.1268420336645522e-05,1.1268420336217031e-05,1.1422590009284109e-05,1.1422590571899367e-05,1.142259052221104e-05
,,3.6132844944213363e-07,1.1268418830959716e-05,1.1268418830526872e-05,1.1422589411026242e-05,1.1422589957565471e-05,1.1422589909397525e-05
,,3.624140176157586e-07,1.1268417358578817e-05,1.126841735814211e-05,1.1422588829533863e-05,1.1422589360459392e-05,1.1422589313765178e-05
,,3.635005571999921e-07,1.1268415918761118e-05,1.1268415918321024e-05,1.1422588264337025e-05,1.1422588780097778e-05,1.1422588734832065e-05
,,3.645880656152189e-07,1.126841451078158e-05,1.1268414510338549e-05,1.1422587714978924e-05,1.1422588216010822e-05,1.142258817212978e-05
,,3.656765402866795e-07,1.1268413133931428e-05,1.1268413133485888e-05,1.142258718101558e-05,1.1422587667741913e-05,1.1422587625203052e-05
,,3.667659786444745e-07,1.1268411787517802e-05,1.126841178707016e-05,1.1422586662015449e-05,1.1422587134847238e-05,1.1422587093609383e-05
,,3.678563781235755e-07,1.1268410470863389e-05,1.1268410470414038e-05,1.1422586157559072e-05,1.1422586616895449e-05,1.1422586576918682e-05
,,3.689477361638308e-07,1.126840918330606e-05,1.1268409182855372e-05,1.1422585667238766e-05,1.1422586113467297e-05,1.1422586074712925e-05
,,3.7004005020997467e-07,1.126840792419856e-05,1.126840792374689e-05,1.142258519065825e-05,1.1422585624155296e-05,1.1422585586585822e-05
,,3.711333177116283e-07,1.1268406692908128e-05,1.1268406692455813e-05,1.1422584727432369e-05,1.14225851485634e-05,1.1422585112142472e-05
,,3.7222753612331233e-07,1.12684054888162e-05,1.1268405488363552e-05,1.1422584277186752e-05,1.1422584686306668e-05,1.1422584650999053e-05
,,3.733227029044468e-07,1.1268404311318067e-05,1.1268404310865404e-05,1.142258383955753e-05,1.1422584237010968e-05,1.1422584202782516e-05
,,3.744188155193576e-07,1.1268403159822586e-05,1.1268403159370188e-05,1.1422583414191029e-05,1.142258380031266e-05,1.1422583767130274e-05
,,3.755158714372823e-07,1.1268402033751848e-05,1.126840203329999e-05,1.1422583000743485e-05,1.1422583375858315e-05,1.142258334368991e-05
,,3.766138681323707e-07,1.1268400932540891e-05,1.1268400932089831e-05,1.1422582598880778e-05,1.1422582963304422e-05,1.14225829321189e-05
,,3.777128030836915e-07,1.1268399855637404e-05,1.1268399855187392e-05,1.142258220827815e-05,1.1422582562317103e-05,1.1422582532084327e-05
,,3.788126737752337e-07,1.126839880250145e-05,1.1268398802052716e-05,1.1422581828619946e-05,1.1422582172571862e-05,1.142258214326261e-05
,,3.799134776959093e-07,1.1268397772605166e-05,1.1268397772157934e-05,1.1422581459599363e-05,1.1422581793753294e-05,1.142258176533925e-05
,,3.810152123395537e-07,1.1268396765432517e-05,1.1268396764986993e-05,1.1422581100918197e-05,1.1422581425554858e-05,1.1422581398008572e-05
,,3.8211787520493105e-07,1.1268395780479006e-05,1.1268395780035384e-05,1.1422580752286605e-05,1.1422581067678608e-05,1.142258104097348e-05
,,3.8322146379573443e-07,1.1268394817251415e-05,1.126839481680989e-05,1.1422580413422872e-05,1.1422580719834963e-05,1.1422580693945206e-05
,,3.843259756205847e-07,1.1268393875267584e-05,1.1268393874828325e-05,1.1422580084053172e-05,1.1422580381742476e-05,1.1422580356643089e-05
,,3.854314081930349e-07,1.1268392954056107e-05,1.1268392953619276e-05,1.1422579763911363e-05,1.1422580053127582e-05,1.1422580028794345e-05
,,3.865377590315668e-07,1.1268392053156129e-05,1.1268392052721884e-05,1.1422579452738772e-05,1.1422579733724409e-05,1.1422579710133836e-05
,,3.876450256595932e-07,1.12683911721171e-05,1.1268391171685588e-05,1.1422579150283962e-05,1.1422579423274533e-05,1.1422579400403869e-05
,,3.887532056054569e-07,1.1268390310498527e-05,1.1268390310069886e-05,1.142257885630256e-05,1.1422579121526796e-05,1.1422579099353979e-05
,,3.898622964024321e-07,1.1268389467869775e-05,1.126838946744413e-05,1.1422578570557027e-05,1.1422578828237084e-05,1.1422578806740728e-05
,,3.9097229558872075e-07,1.1268388643809817e-05,1.1268388643387285e-05,1.1422578292816516e-05,1.1422578543168132e-05,1.142257852232751e-05
,,3.9208320070744993e-07,1.1268387837907034e-05,1.1268387837487728e-05,1.1422578022856616e-05,1.1422578266089337e-05,1.1422578245884355e-05
,,3.931950093066775e-07,1.1268387049758993e-05,1.1268387049343016e-05,1.1422577760459226e-05,1.1422577996776556e-05,1.142257797718775e-05
,,3.943077189393824e-07,1.1268386278972251e-05,1.12683862785597e-05,1.1422577505412366e-05,1.1422577735011952e-05,1.1422577716020447e-05
,,3.954213271634667e-07,1.126838552516215e-05,1.1268385524753116e-05,1.142257725750999e-05,1.14225774805838e-05,1.1422577462171302e-05
,,3.9653583154175396e-07,1.1268384787952604e-05,1.126838478754717e-05,1.142257701655183e-05,1.1422577233286313e-05,1.1422577215435085e-05
,,3.976512296419845e-07,1.1268384066975934e-05,1.1268384066574176e-05,1.1422576782343238e-05,1.1422576992919474e-05,1.1422576975612333e-05
,,3.987675190368113e-07,1.1268383361872649e-05,1.1268383361474636e-05,1.142257655469502e-05,1.1422576759288886e-05,1.142257674250917e-05
,,3.998846973038031e-07,1.126838267229128e-05,1.1268382671897076e-05,1.1422576333423289e-05,1.1422576532205608e-05,1.1422576515937176e-05
,,4.010027620254361e-07,1.1268381997888202e-05,1.1268381997497864e-05,1.1422576118349313e-05,1.1422576311486004e-05,1.1422576295713196e-05
,,4.021217107890909e-07,1.1268381338327446e-05,1.1268381337941028e-05,1.1422575909299369e-05,1.1422576096951583e-05,1.142257608165923e-05
,,4.032415411870499e-07,1.1268380693280523e-05,1.1268380692898076e-05,1.1422575706104616e-05,1.142257588842887e-05,1.142257587360227e-05
,,4.043622508164954e-07,1.126838006242628e-05,1.1268380062047842e-05,1.1422575508600936e-05,1.142257568574926e-05,1.1422575671374155e-05
,,4.054838372794994e-07,1.1268379445450712e-05,1.1268379445076325e-05,1.142257531662882e-05,1.142257548874887e-05,1.1422575474811447e-05
,,4.066062981830283e-07,1.1268378842046808e-05,1.1268378841676504e-05,1.1422575130033225e-05,1.142257529726843e-05,1.1422575283755298e-05
,,4.077296311389305e-07,1.1268378251914394e-05,1.12683782515482e-05,1.142257494866346e-05,1.1422575111153126e-05,1.1422575098051302e-05
,,4.088538337639363e-07,1.1268377674759984e-05,1.126837767439793e-05,1.1422574772373056e-05,1.14225749302525e-05,1.1422574917549404e-05
,,4.0997890367965147e-07,1.126837711029663e-05,1.1268377109938731e-05,1.1422574601019663e-05,1.142257475442031e-05,1.142257474210375e-05
,,4.111048385125525e-07,1.126837655824376e-05,1.126837655789004e-05,1.1422574434464903e-05,1.142257458351442e-05,1.142257457157257e-05
,,4.122316358939823e-07,1.1268376018327052e-05,1.1268376017977524e-05,1.1422574272574296e-05,1.1422574417396685e-05,1.1422574405818086e-05
,,4.1335929346014553e-07,1.1268375490278298e-05,1.1268375489932973e-05,1.1422574115217123e-05,1.1422574255932828e-05,1.1422574244706377e-05
,,4.144878088520982e-07,1.126837497383524e-05,1.1268374973494122e-05,1.1422573962266334e-05,1.1422574098992351e-05,1.1422574088107283e-05
,,4.156171797157499e-07,1.1268374468741464e-05,1.126837446840456e-05,1.1422573813598437e-05,1.1422573946448414e-05,1.142257393589429e-05
,,4.167474037018529e-07,1.1268373974746256e-05,1.1268373974413568e-05,1.1422573669093411e-05,1.1422573798177734e-05,1.1422573787944441e-05
,,4.1787847846599715e-07,1.1268373491604478e-05,1.1268373491276002e-05,1.1422573528634596e-05,1.1422573654060488e-05,1.1422573644138227e-05
,,4.190104016686053e-07,1.1268373019076435e-05,1.1268373018752173e-05,1.14225733921086e-05,1.142257351398022e-05,1.1422573504359483e-05
,,4.2014317097492546e-07,1.1268372556927772e-05,1.1268372556607712e-05,1.1422573259405211e-05,1.1422573377823738e-05,1.142257336849531e-05
,,4.21276784055028e-07,1.1268372104929336e-05,1.1268372104613469e-05,1.1422573130417316e-05,1.1422573245481023e-05,1.1422573236435978e-05
,,4.224112385837924e-07,1.126837166285706e-05,1.1268371662545376e-05,1.14225730050408e-05,1.1422573116845157e-05,1.1422573108074834e-05
,,4.235465322409102e-07,1.1268371230491856e-05,1.1268371230184344e-05,1.142257288317446e-05,1.1422572991812196e-05,1.1422572983308214e-05
,,4.246826627108709e-07,1.1268370807619511e-05,1.1268370807316157e-05,1.142257276471994e-05,1.1422572870281142e-05,1.1422572862035364e-05
,,4.2581962768295817e-07,1.1268370394030567e-05,1.1268370393731351e-05,1.1422572649581642e-05,1.1422572752153812e-05,1.1422572744158356e-05
,,4.26957424851243e-07,1.1268369989520209e-05,1.1268369989225116e-05,1.1422572537666642e-05,1.1422572637334784e-05,1.1422572629582008e-05
,,4.280960519145774e-07,1.1268369593888176e-05,1.1268369593597182e-05,1.1422572428884626e-05,1.1422572525731315e-05,1.1422572518213813e-05
,,4.292355065765866e-07,1.1268369206938649e-05,1.1268369206651732e-05,1.1422572323147814e-05,1.1422572417253264e-05,1.1422572409963851e-05
,,4.303757865456624e-07,1.1268368828480149e-05,1.126836882819729e-05,1.142257222037088e-05,1.142257231181301e-05,1.1422572304744731e-05
,,4.31516889534953e-07,1.1268368458325456e-05,1.1268368458046628e-05,1.14225721204709e-05,1.1422572209325404e-05,1.1422572202471508e-05
,,4.326588132623633e-07,1.12683680962915e-05,1.1268368096016678e-05,1.1422572023367264e-05,1.1422572109707672e-05,1.1422572103061627e-05
,,4.338015554505399e-07,1.1268367742199273e-05,1.1268367741928424e-05,1.1422571928981632e-05,1.142257201287938e-05,1.1422572006434841e-05
,,4.349451138268667e-07,1.1268367395873725e-05,1.1268367395606826e-05,1.1422571837237855e-05,1.1422571918762332e-05,1.1422571912513153e-05
,,4.360894861234594e-07,1.12683670571437e-05,1.1268367056880722e-05,1.1422571748061923e-05,1.142257182728054e-05,1.1422571821220765e-05
,,4.372346700771549e-07,1.126836672584184e-05,1.1268366725582748e-05,1.1422571661381894e-05,1.1422571738360137e-05,1.1422571732483991e-05
,,4.3838066342950193e-07,1.1268366401804475e-05,1.1268366401549246e-05,1.1422571577127847e-05,1.1422571651929334e-05,1.1422571646231224e-05
,,4.395274639267625e-07,1.126836608487159e-05,1.1268366084620186e-05,1.1422571495231828e-05,1.1422571567918358e-05,1.1422571562392857e-05
,,4.406750693198933e-07,1.12683657748867e-05,1.1268365774639086e-05,1.1422571415627778e-05,1.142257148625939e-05,1.1422571480901235e-05
,,4.418234773645435e-07,1.1268365471696785e-05,1.1268365471452926e-05,1.142257133825149e-05,1.142257140688651e-05,1.1422571401690607e-05
,,4.429726858210465e-07,1.1268365175152215e-05,1.1268365174912085e-05,1.1422571263040565e-05,1.1422571329735656e-05,1.1422571324697058e-05
,,4.441226924544111e-07,1.1268364885106687e-05,1.1268364884870238e-05,1.1422571189934344e-05,1.1422571254744554e-05,1.1422571249858472e-05
,,4.452734950343134e-07,1.1268364601417123e-05,1.1268364601184326e-05,1.142257111887388e-05,1.1422571181852684e-05,1.1422571177114471e-05
,,4.4642509133509083e-07,1.1268364323943614e-05,1.1268364323714436e-05,1.1422571049801868e-05,1.142257111100122e-05,1.1422571106406375e-05
,,4.47577479135731e-07,1.1268364052549358e-05,1.126836405232376e-05,1.1422570982662617e-05,1.1422571042132984e-05,1.1422571037677146e-05
,,4.487306562198654e-07,1.1268363787100576e-05,1.1268363786878518e-05,1.1422570917401986e-05,1.1422570975192408e-05,1.1422570970871342e-05
,,4.498846203757603e-07,1.126836352746644e-05,1.1268363527247888e-05,1.1422570853967366e-05,1.1422570910125471e-05,1.142257090593508e-05
,,4.510393693963123e-07,1.126836327351903e-05,1.1268363273303945e-05,1.1422570792307612e-05,1.1422570846879688e-05,1.142257084281599e-05
,,4.5219490107903195e-07,1.1268363025133254e-05,1.1268363024921596e-05,1.142257073237302e-05,1.1422570785404024e-05,1.1422570781463166e-05
,,4.533512132260431e-07,1.1268362782186774e-05,1.1268362781978508e-05,1.142257067411527e-05,1.1422570725648883e-05,1.1422570721827132e-05
,,4.545083036440733e-07,1.126836254455998e-05,1.1268362544355064e-05,1.1422570617487404e-05,1.142257066756607e-05,1.1422570663859795e-05
,,4.5566617014444107e-07,1.126836231213588e-05,1.126836231193428e-05,1.1422570562443785e-05,1.1422570611108724e-05,1.142257060751442e-05
,,4.5682481054305163e-07,1.1268362084800097e-05,1.1268362084601766e-05,1.142257050894004e-05,1.142257055623131e-05,1.1422570552745572e-05
,,4.579842226603875e-07,1.1268361862440756e-05,1.126836186224566e-05,1.142257045693305e-05,1.1422570502889564e-05,1.1422570499509098e-05
,,4.591444043215002e-07,1.1268361644948473e-05,1.1268361644756572e-05,1.1422570406380902e-05,1.1422570451040477e-05,1.1422570447762073e-05
,,4.603053533559999e-07,1.126836143221627e-05,1.1268361432027529e-05,1.142257035724286e-05,1.142257040064222e-05,1.1422570397462788e-05
,,4.614670675980489e-07,1.126836122413954e-05,1.1268361223953918e-05,1.1422570309479331e-05,1.1422570351654164e-05,1.1422570348570691e-05
,,4.626295448863526e-07,1.1268361020615988e-05,1.1268361020433442e-05,1.1422570263051822e-05,1.1422570304036807e-05,1.1422570301046376e-05
,,4.637927830641506e-07,1.1268360821545573e-05,1.1268360821366064e-05,1.142257021792293e-05,1.1422570257751747e-05,1.1422570254851535e-05
,,4.649567799792077e-07,1.1268360626830462e-05,1.1268360626653952e-05,1.1422570174056296e-05,1.1422570212761675e-05,1.142257020994894e-05
,,4.661215334838074e-07,1.1268360436374989e-05,1.126836043620144e-05,1.1422570131416572e-05,1.1422570169030316e-05,1.1422570166302408e-05
,,4.672870414347399e-07,1.1268360250085594e-05,1.126836024991497e-05,1.142257008996942e-05,1.142257012652242e-05,1.1422570123876759e-05
,,4.684533016932954e-07,1.126836006787079e-05,1.1268360067703046e-05,1.1422570049681445e-05,1.1422570085203718e-05,1.142257008263781e-05
,,4.6962031212525633e-07,1.1268359889641103e-05,1.12683598894762e-05,1.1422570010520193e-05,1.1422570045040903e-05,1.1422570042552327e-05
,,4.707880706008862e-07,1.1268359715309034e-05,1.126835971514694e-05,1.1422569972454129e-05,1.1422570006001607e-05,1.142257000358802e-05
,,4.719565749949227e-07,1.1268359544789016e-05,1.1268359544629688e-05,1.1422569935452584e-05,1.1422569968054369e-05,1.1422569965713493e-05
,,4.731258231865681e-07,1.1268359377997372e-05,1.126835937784077e-05,1.1422569899485772e-05,1.1422569931168606e-05,1.1422569928898236e-05
,,4.742958130594806e-07,1.126835921485227e-05,1.126835921469836e-05,1.1422569864524716e-05,1.1422569895314593e-05,1.1422569893112592e-05
,,4.754665425017655e-07,1.126835905527368e-05,1.126835905512242e-05,1.1422569830541272e-05,1.1422569860463432e-05,1.142256985832773e-05
,,4.76638009405969e-07,1.1268358899183331e-05,1.126835889903469e-05,1.1422569797508067e-05,1.1422569826587054e-05,1.142256982451564e-05
,,4.778102116690622e-07,1.1268358746504704e-05,1.1268358746358638e-05,1.1422569765398512e-05,1.142256979365816e-05,1.1422569791649083e-05
,,4.789831471924416e-07,1.1268358597162933e-05,1.1268358597019408e-05,1.1422569734186752e-05,1.142256976165022e-05,1.1422569759701594e-05
,,4.801568138819129e-07,1.1268358451084822e-05,1.12683584509438e-05,1.1422569703847657e-05,1.1422569730537446e-05,1.1422569728647441e-05
,,4.813312096476876e-07,1.126835830819879e-05,1.1268358308060234e-05,1.14225696743568e-05,1.142256970029478e-05,1.1422569698461623e-05
,,4.825063324043693e-07,1.1268358168434825e-05,1.1268358168298696e-05,1.142256964569045e-05,1.1422569670897863e-05,1.1422569669119826e-05
,,4.836821800709481e-07,1.1268358031724456e-05,1.1268358031590724e-05,1.1422569617825528e-05,1.1422569642323015e-05,1.1422569640598434e-05
,,4.848587505707899e-07,1.126835789800073e-05,1.126835789786936e-05,1.1422569590739598e-05,1.1422569614547225e-05,1.1422569612874475e-05
,,4.86036041831631e-07,1.1268357767198164e-05,1.1268357767069118e-05,1.1422569564410872e-05,1.1422569587548115e-05,1.1422569585925637e-05
,,4.872140517855622e-07,1.126835763925272e-05,1.126835763912596e-05,1.1422569538818154e-05,1.1422569561303957e-05,1.1422569559730224e-05
,,4.883927783690287e-07,1.1268357514101768e-05,1.1268357513977256e-05,1.1422569513940854e-05,1.1422569535793604e-05,1.1422569534267146e-05
,,4.895722195228144e-07,1.126835739168405e-05,1.126835739156176e-05,1.1422569489758944e-05,1.1422569510996529e-05,1.142256950951591e-05
,,4.907523731920371e-07,1.1268357271939671e-05,1.1268357271819569e-05,1.1422569466252969e-05,1.1422569486892754e-05,1.1422569485456595e-05
,,4.91933237326137e-07,1.1268357154810048e-05,1.1268357154692092e-05,1.1422569443404024e-05,1.1422569463462886e-05,1.1422569462069837e-05
,,4.931148098788692e-07,1.1268357040237885e-05,1.1268357040122044e-05,1.1422569421193713e-05,1.1422569440688056e-05,1.1422569439336816e-05
,,4.942970888082938e-07,1.1268356928167148e-05,1.1268356928053392e-05,1.1422569399604176e-05,1.1422569418549931e-05,1.1422569417239236e-05
,,4.954800720767699e-07,1.1268356818543038e-05,1.1268356818431337e-05,1.1422569378618042e-05,1.1422569397030692e-05,1.1422569395759322e-05
,,4.966637576509417e-07,1.1268356711311962e-05,1.126835671120228e-05,1.142256935821843e-05,1.1422569376113023e-05,1.1422569374879782e-05
,,4.978481435017354e-07,1.1268356606421507e-05,1.126835660631381e-05,1.142256933838893e-05,1.1422569355780084e-05,1.1422569354583823e-05
,,4.990332276043452e-07,1.126835650382041e-05,1.1268356503714668e-05,1.1422569319113591e-05,1.1422569336015514e-05,1.142256933485512e-05
,,5.002190079382277e-07,1.1268356403458535e-05,1.1268356403354718e-05,1.1422569300376918e-05,1.1422569316803409e-05,1.1422569315677792e-05
,,5.014054824870918e-07,1.1268356305286856e-05,1.1268356305184927e-05,1.1422569282163834e-05,1.14225692981283e-05,1.142256929703642e-05
,,5.025926492388892e-07,1.1268356209257413e-05,1.1268356209157344e-05,1.1422569264459697e-05,1.1422569279975175e-05,1.1422569278916006e-05
,,5.037805061858087e-07,1.1268356115323309e-05,1.1268356115225072e-05,1.1422569247250266e-05,1.142256926232942e-05,1.142256926130198e-05
,,5.049690513242628e-07,1.1268356023438676e-05,1.1268356023342244e-05,1.1422569230521707e-05,1.1422569245176844e-05,1.1422569244180171e-05
,,5.06158282654882e-07,1.1268355933558656e-05,1.1268355933463997e-05,1.1422569214260569e-05,1.142256922850364e-05,1.1422569227536814e-05
,,5.073481981825049e-07,1.1268355845639375e-05,1.1268355845546456e-05,1.1422569198453782e-05,1.142256921229641e-05,1.1422569211358522e-05
,,5.085387959161697e-07,1.1268355759637925e-05,1.126835575954672e-05,1.142256918308863e-05,1.1422569196542105e-05,1.1422569195632285e-05
,,5.097300738691044e-07,1.1268355675512335e-05,1.1268355675422816e-05,1.1422569168152764e-05,1.1422569181228054e-05,1.1422569180345459e-05
,,5.109220300587207e-07,1.1268355593221563e-05,1.1268355593133704e-05,1.1422569153634182e-05,1.1422569166341946e-05,1.1422569165485755e-05
,,5.121146625066013e-07,1.126835551272547e-05,1.1268355512639236e-05,1.1422569139521212e-05,1.142256915187181e-05,1.1422569151041224e-05
,,5.133079692384939e-07,1.1268355433984788e-05,1.126835543390016e-05,1.1422569125802507e-05,1.1422569137806006e-05,1.1422569137000257e-05
,,5.145019482843011e-07,1.1268355356961125e-05,1.1268355356878071e-05,1.1422569112467047e-05,1.1422569124133226e-05,1.1422569123351565e-05
,,5.156965976780732e-07,1.1268355281616922e-05,1.1268355281535416e-05,1.1422569099504111e-05,1.1422569110842476e-05,1.142256911008418e-05
,,5.168919154579975e-07,1.1268355207915444e-05,1.1268355207835464e-05,1.1422569086903285e-05,1.142256909792307e-05,1.1422569097187432e-05
,,5.1808789966639e-07,1.126835513582078e-05,1.1268355135742294e-05,1.1422569074654438e-05,1.142256908536462e-05,1.142256908465096e-05
,,5.192845483496873e-07,1.1268355065297782e-05,1.1268355065220763e-05,1.1422569062747736e-05,1.1422569073157033e-05,1.142256907246469e-05
,,5.204818595584382e-07,1.126835499631209e-05,1.126835499623652e-05,1.1422569051173604e-05,1.1422569061290496e-05,1.1422569060618828e-05
,,5.216798313472937e-07,1.1268354928830095e-05,1.1268354928755946e-05,1.1422569039922748e-05,1.1422569049755467e-05,1.1422569049103852e-05
,,5.228784617749985e-07,1.1268354862818929e-05,1.1268354862746172e-05,1.142256902898613e-05,1.142256903854268e-05,1.1422569037910516e-05
,,5.240777489043834e-07,1.1268354798246426e-05,1.1268354798175046e-05,1.1422569018354962e-05,1.142256902764312e-05,1.142256902702982e-05
,,5.252776908023554e-07,1.1268354735081156e-05,1.1268354735011123e-05,1.1422569008020707e-05,1.1422569017048029e-05,1.1422569016453029e-05
,,5.264782855398889e-07,1.1268354673292356e-05,1.126835467322365e-05,1.1422568997975064e-05,1.1422569006748892e-05,1.1422569006171641e-05
,,5.276795311920193e-07,1.1268354612849951e-05,1.1268354612782545e-05,1.142256898820996e-05,1.1422568996737434e-05,1.1422568996177398e-05
,,5.288814258378307e-07,1.1268354553724512e-05,1.1268354553658384e-05,1.1422568978717558e-05,1.142256898700561e-05,1.1422568986462272e-05
,,5.300839675604508e-07,1.1268354495887268e-05,1.1268354495822395e-05,1.1422568969490234e-05,1.14225689775456e-05,1.142256897701846e-05
,,5.31287154447039e-07,1.1268354439310072e-05,1.1268354439246434e-05,1.1422568960520575e-05,1.1422568968349807e-05,1.1422568967838379e-05
,,5.324909845887802e-07,1.1268354383965398e-05,1.1268354383902977e-05,1.1422568951801382e-05,1.1422568959410843e-05,1.1422568958914655e-05
,,5.336954560808751e-07,1.1268354329826323e-05,1.126835432976509e-05,1.1422568943325654e-05,1.1422568950721527e-05,1.1422568950240121e-05
,,5.349005670225326e-07,1.126835427686651e-05,1.1268354276806443e-05,1.1422568935086585e-05,1.1422568942274882e-05,1.142256894180781e-05
,,5.361063155169591e-07,1.1268354225060204e-05,1.1268354225001286e-05,1.1422568927077558e-05,1.1422568934064118e-05,1.1422568933610955e-05
,,5.373126996713523e-07,1.1268354174382211e-05,1.1268354174324423e-05,1.1422568919292144e-05,1.1422568926082643e-05,1.1422568925642974e-05
,,5.385197175968917e-07,1.12683541248079e-05,1.126835412475122e-05,1.1422568911724098e-05,1.1422568918324052e-05,1.1422568917897467e-05
,,5.397273674087271e-07,1.1268354076313157e-05,1.1268354076257566e-05,1.1422568904367342e-05,1.1422568910782113e-05,1.1422568910368217e-05
,,5.409356472259772e-07,1.126835402887442e-05,1.1268354028819896e-05,1.142256889721597e-05,1.142256890345076e-05,1.1422568903049183e-05
,,5.421445551717149e-07,1.126835398246863e-05,1.1268353982415158e-05,1.1422568890264247e-05,1.142256889632412e-05,1.1422568895934482e-05
,,5.433540893729597e-07,1.1268353937073236e-05,1.1268353937020794e-05,1.142256888350659e-05,1.1422568889396462e-05,1.1422568889018416e-05
,,5.445642479606709e-07,1.1268353892666188e-05,1.1268353892614758e-05,1.1422568876937576e-05,1.142256888266223e-05,1.1422568882295424e-05
,,5.457750290697392e-07,1.1268353849225902e-05,1.1268353849175466e-05,1.1422568870551936e-05,1.1422568876116015e-05,1.142256887576011e-05
,,5.469864308389754e-07,1.1268353806731287e-05,1.1268353806681828e-05,1.142256886434454e-05,1.1422568869752562e-05,1.1422568869407237e-05
,,5.481984514111061e-07,1.12683537651617e-05,1.1268353765113196e-05,1.1422568858310414e-05,1.1422568863566763e-05,1.1422568863231697e-05
,,5.494110889327626e-07,1.1268353724496952e-05,1.126835372444939e-05,1.1422568852444716e-05,1.142256885755366e-05,1.1422568857228543e-05
,,5.506243415544698e-07,1.1268353684717304e-05,1.1268353684670669e-05,1.142256884674274e-05,1.1422568851708415e-05,1.1422568851392955e-05
,,5.518382074306465e-07,1.126835364580344e-05,1.1268353645757707e-05,1.1422568841199906e-05,1.1422568846026346e-05,1.1422568845720252e-05
,,5.530526847195875e-07,1.1268353607736463e-05,1.1268353607691625e-05,1.1422568835811775e-05,1.1422568840502891e-05,1.1422568840205883e-05
,,5.542677715834601e-07,1.1268353570497917e-05,1.1268353570453946e-05,1.1422568830574029e-05,1.1422568835133615e-05,1.1422568834845421e-05
,,5.554834661882954e-07,1.1268353534069708e-05,1.1268353534026596e-05,1.1422568825482453e-05,1.1422568829914212e-05,1.1422568829634573e-05
,,5.566997667039782e-07,1.1268353498434171e-05,1.12683534983919e-05,1.1422568820532971e-05,1.1422568824840497e-05,1.142256882456915e-05
,,5.579166713042419e-07,1.1268353463574014e-05,1.1268353463532568e-05,1.1422568815721618e-05,1.1422568819908396e-05,1.1422568819645096e-05
,,5.59134178166656e-07,1.1268353429472328e-05,1.1268353429431693e-05,1.1422568811044529e-05,1.1422568815113953e-05,1.142256881485846e-05
,,5.603522854726208e-07,1.1268353396112568e-05,1.126835339607273e-05,1.1422568806497954e-05,1.1422568810453322e-05,1.1422568810205404e-05
,,5.615709914073586e-07,1.1268353363478557e-05,1.1268353363439496e-05,1.142256880207825e-05,1.1422568805922764e-05,1.1422568805682193e-05
,,5.627902941599048e-07,1.1268353331554464e-05,1.1268353331516171e-05,1.1422568797781871e-05,1.1422568801518644e-05,1.1422568801285203e-05
,,5.640101919230996e-07,1.1268353300324818e-05,1.126835330028728e-05,1.1422568793605376e-05,1.1422568797237434e-05,1.1422568797010909e-05
,,5.652306828935804e-07,1.1268353269774471e-05,1.1268353269737674e-05,1.1422568789545416e-05,1.14225687930757e-05,1.1422568792855882e-05
,,5.664517652717725e-07,1.126835323988862e-05,1.1268353239852544e-05,1.1422568785598732e-05,1.14225687890301e-05,1.1422568788816793e-05
,,5.676734372618835e-07,1.1268353210652778e-05,1.126835321061741e-05,1.1422568781762166e-05,1.1422568785097392e-05,1.1422568784890401e-05
,,5.688956970718926e-07,1.126835318205277e-05,1.12683531820181e-05,1.1422568778032636e-05,1.1422568781274426e-05,1.142256878107356e-05
,,5.701185429135398e-07,1.126835315407474e-05,1.1268353154040751e-05,1.1422568774407162e-05,1.1422568777558131e-05,1.142256877736321e-05
,,5.713419730023263e-07,1.1268353126705131e-05,1.1268353126671816e-05,1.1422568770882827e-05,1.1422568773945534e-05,1.1422568773756378e-05
,,5.725659855574996e-07,1.1268353099930682e-05,1.1268353099898026e-05,1.142256876745682e-05,1.1422568770433732e-05,1.1422568770250172e-05
,,5.737905788020428e-07,1.1268353073738426e-05,1.1268353073706415e-05,1.142256876412638e-05,1.1422568767019912e-05,1.142256876684178e-05
,,5.750157509626766e-07,1.1268353048115673e-05,1.1268353048084295e-05,1.1422568760888852e-05,1.1422568763701342e-05,1.1422568763528479e-05
,,5.762415002698414e-07,1.1268353023050018e-05,1.1268353023019262e-05,1.1422568757741636e-05,1.1422568760475356e-05,1.1422568760307602e-05
,,5.774678249576934e-07,1.1268352998529315e-05,1.1268352998499171e-05,1.1422568754682208e-05,1.1422568757339374e-05,1.1422568757176576e-05
,,5.786947232640981e-07,1.1268352974541696e-05,1.1268352974512152e-05,1.1422568751708116e-05,1.1422568754290877e-05,1.1422568754132888e-05
,,5.799221934306182e-07,1.126835295107555e-05,1.1268352951046588e-05,1.1422568748816987e-05,1.1422568751327422e-05,1.1422568751174104e-05
,,5.81150233702509e-07,1.1268352928119512e-05,1.1268352928091128e-05,1.1422568746006496e-05,1.142256874844664e-05,1.1422568748297848e-05
,,5.823788423287081e-07,1.126835290566247e-05,1.1268352905634651e-05,1.1422568743274397e-05,1.1422568745646218e-05,1.1422568745501819e-05
,,5.836080175618297e-07,1.126835288369356e-05,1.1268352883666291e-05,1.1422568740618494e-05,1.1422568742923916e-05,1.1422568742783777e-05
,,5.848377576581544e-07,1.1268352862202144e-05,1.1268352862175422e-05,1.1422568738036668e-05,1.1422568740277543e-05,1.1422568740141544e-05
,,5.860680608776223e-07,1.1268352841177826e-05,1.1268352841151636e-05,1.1422568735526844e-05,1.142256873770499e-05,1.1422568737573004e-05
,,5.872989254838254e-07,1.1268352820610431e-05,1.1268352820584764e-05,1.1422568733087018e-05,1.1422568735204194e-05,1.1422568735076099e-05
,,5.885303497439987e-07,1.126835280049001e-05,1.126835280046486e-05,1.1422568730715234e-05,1.1422568732773148e-05,1.1422568732648834e-05
,,5.897623319290134e-07,1.1268352780806832e-05,1.1268352780782185e-05,1.1422568728409592e-05,1.1422568730409906e-05,1.1422568730289258e-05
,,5.909948703133674e-07,1.1268352761551376e-05,1.1268352761527218e-05,1.1422568726168244e-05,1.1422568728112576e-05,1.1422568727995483e-05
,,5.922279631751807e-07,1.1268352742714329e-05,1.1268352742690652e-05,1.14225687239894e-05,1.1422568725879316e-05,1.1422568725765675e-05
,,5.934616087961833e-07,1.1268352724286576e-05,1.1268352724263374e-05,1.1422568721871312e-05,1.142256872370834e-05,1.1422568723598048e-05
,,5.946958054617091e-07,1.1268352706259211e-05,1.1268352706236475e-05,1.1422568719812289e-05,1.1422568721597904e-05,1.1422568721490864e-05
,,5.959305514606908e-07,1.126835268862352e-05,1.126835268860124e-05,1.1422568717810672e-05,1.1422568719546327e-05,1.1422568719442439e-05
,,5.971658450856476e-07,1.1268352671370976e-05,1.1268352671349145e-05,1.142256871586487e-05,1.142256871755196e-05,1.142256871745113e-05
,,5.984016846326801e-07,1.1268352654493237e-05,1.1268352654471842e-05,1.142256871397332e-05,1.142256871561321e-05,1.1422568715515347e-05
,,5.996380684014619e-07,1.1268352637982142e-05,1.126835263796118e-05,1.142256871213451e-05,1.142256871372852e-05,1.1422568713633536e-05
,,6.008749946952317e-07,1.1268352621829718e-05,1.126835262180918e-05,1.1422568710346963e-05,1.142256871189638e-05,1.1422568711804194e-05
,,6.021124618207868e-07,1.126835260602816e-05,1.1268352606008032e-05,1.1422568708609258e-05,1.142256871011533e-05,1.1422568710025855e-05
,,6.033504680884731e-07,1.1268352590569823e-05,1.1268352590550104e-05,1.1422568706919997e-05,1.1422568708383936e-05,1.1422568708297096e-05
,,6.045890118121794e-07,1.1268352575447251e-05,1.1268352575427924e-05,1.1422568705277832e-05,1.1422568706700822e-05,1.1422568706616534e-05
,,6.058280913093279e-07,1.1268352560653126e-05,1.1268352560634192e-05,1.1422568703681444e-05,1.1422568705064632e-05,1.1422568704982826e-05
,,6.070677049008694e-07,1.126835254618031e-05,1.126835254616176e-05,1.142256870212956e-05,1.1422568703474063e-05,1.1422568703394659e-05
,,6.083078509112725e-07,1.1268352532021808e-05,1.1268352532003633e-05,1.142256870062094e-05,1.1422568701927835e-05,1.1422568701850767e-05
,,6.095485276685176e-07,1.1268352518170782e-05,1.126835251815297e-05,1.142256869915437e-05,1.1422568700424718e-05,1.1422568700349913e-05
,,6.107897335040884e-07,1.126835250462054e-05,1.1268352504603093e-05,1.1422568697728678e-05,1.1422568698963505e-05,1.1422568698890899e-05
,,6.120314667529669e-07,1.126835249136455e-05,1.126835249134745e-05,1.1422568696342732e-05,1.1422568697543023e-05,1.1422568697472552e-05
,,6.132737257536224e-07,1.1268352478396398e-05,1.1268352478379649e-05,1.1422568694995413e-05,1.1422568696162145e-05,1.142256869609374e-05
,,6.145165088480048e-07,1.1268352465709828e-05,1.1268352465693416e-05,1.142256869368565e-05,1.1422568694819757e-05,1.1422568694753361e-05
,,6.15759814381539e-07,1.126835245329872e-05,1.126835245328264e-05,1.1422568692412392e-05,1.1422568693514792e-05,1.1422568693450343e-05
,,6.170036407031149e-07,1.1268352441157076e-05,1.126835244114132e-05,1.1422568691174622e-05,1.14225686922462e-05,1.1422568692183643e-05
,,6.182479861650817e-07,1.1268352429279038e-05,1.1268352429263605e-05,1.142256868997135e-05,1.1422568691012969e-05,1.1422568690952247e-05
,,6.194928491232408e-07,1.1268352417658874e-05,1.1268352417643753e-05,1.1422568688801611e-05,1.1422568689814112e-05,1.1422568689755174e-05
,,6.207382279368334e-07,1.1268352406290975e-05,1.1268352406276162e-05,1.1422568687664476e-05,1.142256868864867e-05,1.142256868859146e-05
,,6.219841209685413e-07,1.1268352395169858e-05,1.1268352395155345e-05,1.1422568686559027e-05,1.1422568687515712e-05,1.1422568687460182e-05
,,6.232305265844721e-07,1.1268352384290152e-05,1.1268352384275937e-05,1.1422568685484388e-05,1.1422568686414332e-05,1.1422568686360428e-05
,,6.244774431541572e-07,1.1268352373646612e-05,1.1268352373632686e-05,1.1422568684439697e-05,1.1422568685343643e-05,1.1422568685291322e-05
,,6.257248690505393e-07,1.1268352363234103e-05,1.1268352363220465e-05,1.1422568683424116e-05,1.1422568684302802e-05,1.1422568684252011e-05
,,6.269728026499686e-07,1.1268352353047606e-05,1.126835235303424e-05,1.1422568682436836e-05,1.1422568683290964e-05,1.142256868324166e-05
,,6.282212423321956e-07,1.12683523430822e-05,1.1268352343069103e-05,1.1422568681477068e-05,1.1422568682307323e-05,1.1422568682259466e-05
,,6.294701864803605e-07,1.126835233333308e-05,1.1268352333320254e-05,1.142256868054404e-05,1.1422568681351098e-05,1.1422568681304641e-05
,,6.307196334809901e-07,1.126835232379555e-05,1.1268352323782983e-05,1.1422568679637011e-05,1.1422568680421518e-05,1.1422568680376418e-05
,,6.319695817239866e-07,1.1268352314465004e-05,1.1268352314452697e-05,1.1422568678755258e-05,1.142256867951784e-05,1.1422568679474064e-05
,,6.332200296026226e-07,1.1268352305336949e-05,1.1268352305324888e-05,1.142256867789807e-05,1.1422568678639344e-05,1.1422568678596851e-05
,,6.344709755135336e-07,1.1268352296406977e-05,1.1268352296395164e-05,1.1422568677064769e-05,1.142256867778533e-05,1.1422568677744077e-05
,,6.357224178567089e-07,1.1268352287670787e-05,1.1268352287659217e-05,1.1422568676254682e-05,1.1422568676955114e-05,1.1422568676915067e-05
,,6.369743550354891e-07,1.1268352279124167e-05,1.1268352279112836e-05,1.1422568675467165e-05,1.1422568676148023e-05,1.1422568676109151e-05
,,6.3822678545655e-07,1.1268352270762998e-05,1.12683522707519e-05,1.1422568674701586e-05,1.1422568675363423e-05,1.1422568675325691e-05
,,6.39479707529907e-07,1.126835226258325e-05,1.1268352262572378e-05,1.1422568673957335e-05,1.1422568674600687e-05,1.1422568674564056e-05
,,6.407331196688979e-07,1.1268352254580984e-05,1.1268352254570334e-05,1.1422568673233823e-05,1.1422568673859205e-05,1.1422568673823641e-05
,,6.419870202901802e-07,1.1268352246752331e-05,1.12683522467419e-05,1.1422568672530464e-05,1.1422568673138376e-05,1.1422568673103853e-05
,,6.432414078137251e-07,1.1268352239093534e-05,1.1268352239083315e-05,1.1422568671846702e-05,1.1422568672437633e-05,1.1422568672404116e-05
,,6.444962806628065e-07,1.1268352231600894e-05,1.1268352231590886e-05,1.1422568671181984e-05,1.1422568671756406e-05,1.1422568671723872e-05
,,6.457516372639973e-07,1.1268352224270805e-05,1.1268352224260998e-05,1.142256867053578e-05,1.1422568671094162e-05,1.1422568671062578e-05
,,6.4700747604716e-07,1.1268352217099727e-05,1.1268352217090129e-05,1.1422568669907584e-05,1.1422568670450368e-05,1.1422568670419707e-05
,,6.482637954454409e-07,1.1268352210084218e-05,1.1268352210074812e-05,1.142256866929688e-05,1.1422568669824506e-05,1.1422568669794737e-05
,,6.495205938952626e-07,1.1268352203220887e-05,1.1268352203211677e-05,1.1422568668703186e-05,1.142256866921608e-05,1.1422568669187181e-05
,,6.507778698363166e-07,1.126835219650644e-05,1.1268352196497416e-05,1.1422568668126032e-05,1.1422568668624602e-05,1.1422568668596547e-05
,,6.520356217115575e-07,1.1268352189937634e-05,1.1268352189928798e-05,1.1422568667564952e-05,1.14225686680496e-05,1.1422568668022365e-05
,,6.532938479671961e-07,1.1268352183511303e-05,1.126835218350265e-05,1.1422568667019502e-05,1.1422568667490616e-05,1.1422568667464175e-05
,,6.545525470526869e-07,1.1268352177224362e-05,1.1268352177215888e-05,1.142256866648924e-05,1.14225686669472e-05,1.1422568666921529e-05
,,6.558117174207291e-07,1.126835217107378e-05,1.126835217106548e-05,1.1422568665973745e-05,1.1422568666418923e-05,1.1422568666393998e-05
,,6.570713575272562e-07,1.1268352165056597e-05,1.1268352165048463e-05,1.1422568665472611e-05,1.1422568665905355e-05,1.142256866588116e-05
,,6.583314658314267e-07,1.1268352159169907e-05,1.1268352159161944e-05,1.1422568664985432e-05,1.1422568665406095e-05,1.1422568665382607e-05
,,6.595920407956224e-07,1.126835215341089e-05,1.126835215340309e-05,1.1422568664511822e-05,1.1422568664920742e-05,1.1422568664897935e-05
,,6.608530808854337e-07,1.1268352147776762e-05,1.1268352147769123e-05,1.14225686640514e-05,1.1422568664448904e-05,1.1422568664426764e-05
,,6.621145845696609e-07,1.1268352142264815e-05,1.1268352142257336e-05,1.14225686636038e-05,1.1422568663990209e-05,1.1422568663968713e-05
,,6.633765503203037e-07,1.1268352136872395e-05,1.126835213686507e-05,1.1422568663168665e-05,1.1422568663544286e-05,1.1422568663523417e-05
,,6.646389766125524e-07,1.1268352131596911e-05,1.1268352131589735e-05,1.1422568662745648e-05,1.1422568663110783e-05,1.1422568663090519e-05
,,6.659018619247847e-07,1.126835212643582e-05,1.1268352126428792e-05,1.1422568662334408e-05,1.1422568662689354e-05,1.1422568662669681e-05
,,6.671652047385553e-07,1.1268352121386636e-05,1.1268352121379756e-05,1.142256866193462e-05,1.1422568662279658e-05,1.1422568662260559e-05
,,6.684290035385919e-07,1.1268352116446938e-05,1.12683521164402e-05,1.1422568661545965e-05,1.1422568661881374e-05,1.142256866186283e-05
,,6.696932568127875e-07,1.1268352111614342e-05,1.1268352111607742e-05,1.1422568661168132e-05,1.1422568661494175e-05,1.1422568661476176e-05
,,6.709579630521923e-07,1.1268352106886524e-05,1.126835210688006e-05,1.142256866080082e-05,1.1422568661117764e-05,1.1422568661100285e-05
,,6.722231207510085e-07,1.126835210226121e-05,1.126835210225488e-05,1.1422568660443733e-05,1.1422568660751836e-05,1.1422568660734863e-05
,,6.734887284065829e-07,1.1268352097736176e-05,1.1268352097729976e-05,1.1422568660096588e-05,1.1422568660396094e-05,1.1422568660379614e-05
,,6.747547845194004e-07,1.1268352093309242e-05,1.1268352093303172e-05,1.142256865975911e-05,1.1422568660050255e-05,1.1422568660034256e-05
,,6.760212875930787e-07,1.126835208897828e-05,1.1268352088972338e-05,1.1422568659431028e-05,1.142256865971405e-05,1.1422568659698515e-05
,,6.772882361343548e-07,1.1268352084741212e-05,1.1268352084735391e-05,1.1422568659112076e-05,1.14225686593872e-05,1.1422568659372119e-05
,,6.785556286530883e-07,1.1268352080595994e-05,1.1268352080590297e-05,1.1422568658802008e-05,1.1422568659069455e-05,1.1422568659054814e-05
,,6.798234636622496e-07,1.1268352076540635e-05,1.1268352076535052e-05,1.1422568658500571e-05,1.142256865876056e-05,1.1422568658746338e-05
,,6.810917396779089e-07,1.1268352072573184e-05,1.1268352072567716e-05,1.1422568658207528e-05,1.142256865846026e-05,1.1422568658446453e-05
,,6.823604552192392e-07,1.1268352068691732e-05,1.1268352068686377e-05,1.1422568657922636e-05,1.1422568658168324e-05,1.1422568658154914e-05
,,6.836296088085016e-07,1.1268352064894415e-05,1.1268352064889172e-05,1.1422568657645685e-05,1.1422568657884512e-05,1.1422568657871495e-05
,,6.848991989710421e-07,1.1268352061179408e-05,1.1268352061174272e-05,1.1422568657376431e-05,1.14225686576086e-05,1.1422568657595964e-05
,,6.861692242352845e-07,1.126835205754492e-05,1.1268352057539892e-05,1.142256865711468e-05,1.1422568657340372e-05,1.1422568657328101e-05
,,6.874396831327227e-07,1.1268352053989208e-05,1.1268352053984284e-05,1.1422568656860216e-05,1.1422568657079612e-05,1.1422568657067695e-05
,,6.887105741979174e-07,1.126835205051056e-05,1.1268352050505745e-05,1.1422568656612831e-05,1.142256865682611e-05,1.142256865681454e-05
,,6.899818959684847e-07,1.1268352047107308e-05,1.126835204710259e-05,1.1422568656372337e-05,1.1422568656579665e-05,1.1422568656568428e-05
,,6.912536469850937e-07,1.1268352043777813e-05,1.1268352043773196e-05,1.1422568656138532e-05,1.1422568656340078e-05,1.1422568656329168e-05
,,6.925258257914574e-07,1.1268352040520476e-05,1.1268352040515952e-05,1.142256865591124e-05,1.1422568656107164e-05,1.142256865609657e-05
,,6.93798430934328e-07,1.1268352037333732e-05,1.1268352037329298e-05,1.1422568655690272e-05,1.1422568655880729e-05,1.1422568655870442e-05
,,6.950714609634854e-07,1.1268352034216046e-05,1.1268352034211706e-05,1.1422568655475452e-05,1.1422568655660602e-05,1.1422568655650612e-05
,,6.963449144317413e-07,1.1268352031165922e-05,1.1268352031161674e-05,1.1422568655266611e-05,1.1422568655446596e-05,1.1422568655436899e-05
,,6.976187898949207e-07,1.1268352028181897e-05,1.1268352028177734e-05,1.1422568655063588e-05,1.1422568655238547e-05,1.1422568655229132e-05
,,6.988930859118641e-07,1.126835202526253e-05,1.1268352025258455e-05,1.142256865486621e-05,1.1422568655036296e-05,1.142256865502715e-05
,,7.001678010444159e-07,1.1268352022406428e-05,1.1268352022402437e-05,1.1422568654674323e-05,1.1422568654839668e-05,1.142256865483079e-05
,,7.014429338574202e-07,1.126835201961221e-05,1.1268352019608304e-05,1.1422568654487785e-05,1.1422568654648516e-05,1.1422568654639892e-05
,,7.027184829187145e-07,1.126835201687854e-05,1.1268352016874717e-05,1.142256865430643e-05,1.1422568654462682e-05,1.1422568654454307e-05
,,7.039944467991222e-07,1.12683520142041e-05,1.1268352014200356e-05,1.1422568654130129e-05,1.1422568654282018e-05,1.142256865427389e-05
,,7.052708240724469e-07,1.1268352011587608e-05,1.1268352011583942e-05,1.1422568653958726e-05,1.1422568654106385e-05,1.142256865409849e-05
,,7.065476133154666e-07,1.1268352009027808e-05,1.1268352009024215e-05,1.1422568653792096e-05,1.1422568653935638e-05,1.142256865392797e-05
,,7.078248131079251e-07,1.1268352006523466e-05,1.1268352006519956e-05,1.1422568653630105e-05,1.1422568653769643e-05,1.1422568653762201e-05
,,7.09102422032528e-07,1.1268352004073386e-05,1.1268352004069943e-05,1.142256865347262e-05,1.1422568653608268e-05,1.142256865360104e-05
,,7.10380438674937e-07,1.1268352001676386e-05,1.1268352001673018e-05,1.1422568653319518e-05,1.1422568653451384e-05,1.1422568653444364e-05
,,7.116588616237597e-07,1.1268351999331316e-05,1.126835199932802e-05,1.1422568653170676e-05,1.1422568653298867e-05,1.1422568653292049e-05
,,7.129376894705464e-07,1.126835199703705e-05,1.1268351997033822e-05,1.1422568653025975e-05,1.1422568653150593e-05,1.142256865314397e-05
,,7.142169208097844e-07,1.1268351994792488e-05,1.1268351994789323e-05,1.1422568652885302e-05,1.1422568653006444e-05,1.1422568653000015e-05
,,7.154965542388887e-07,1.1268351992596548e-05,1.1268351992593457e-05,1.142256865274854e-05,1.142256865286631e-05,1.1422568652860065e-05
,,7.167765883581983e-07,1.126835199044818e-05,1.1268351990445147e-05,1.1422568652615588e-05,1.1422568652730068e-05,1.1422568652724008e-05
,,7.18057021770968e-07,1.126835198834635e-05,1.1268351988343386e-05,1.142256865248633e-05,1.1422568652597622e-05,1.1422568652591735e-05
,,7.193378530833669e-07,1.1268351986290053e-05,1.1268351986287147e-05,1.1422568652360672e-05,1.142256865246886e-05,1.1422568652463142e-05
,,7.206190809044623e-07,1.1268351984278298e-05,1.1268351984275452e-05,1.1422568652238507e-05,1.1422568652343682e-05,1.1422568652338129e-05
,,7.219007038462241e-07,1.1268351982310116e-05,1.1268351982307334e-05,1.1422568652119743e-05,1.1422568652221984e-05,1.1422568652216595e-05
,,7.231827205235147e-07,1.1268351980384573e-05,1.1268351980381844e-05,1.142256865200428e-05,1.1422568652103677e-05,1.1422568652098439e-05
,,7.244651295540795e-07,1.1268351978500727e-05,1.126835197849806e-05,1.1422568651892034e-05,1.1422568651988658e-05,1.1422568651983571e-05
,,7.257479295585462e-07,1.1268351976657694e-05,1.1268351976655082e-05,1.1422568651782909e-05,1.1422568651876838e-05,1.14225686518719e-05
,,7.270311191604143e-07,1.1268351974854578e-05,1.126835197485202e-05,1.1422568651676818e-05,1.1422568651768131e-05,1.1422568651763336e-05
,,7.283146969860511e-07,1.1268351973090513e-05,1.1268351973088007e-05,1.142256865157368e-05,1.142256865166245e-05,1.142256865165779e-05
,,7.295986616646854e-07,1.1268351971364656e-05,1.1268351971362206e-05,1.142256865147341e-05,1.1422568651559709e-05,1.142256865155518e-05
,,7.308830118284004e-07,1.126835196967618e-05,1.126835196967378e-05,1.142256865137593e-05,1.1422568651459822e-05,1.1422568651455427e-05
,,7.321677461121301e-07,1.1268351968024268e-05,1.126835196802192e-05,1.1422568651281162e-05,1.1422568651362713e-05,1.1422568651358449e-05
,,7.334528631536499e-07,1.1268351966408138e-05,1.1268351966405834e-05,1.1422568651189029e-05,1.1422568651268307e-05,1.1422568651264165e-05
,,7.347383615935727e-07,1.1268351964827003e-05,1.1268351964824752e-05,1.1422568651099463e-05,1.1422568651176531e-05,1.1422568651172508e-05
,,7.360242400753421e-07,1.1268351963280113e-05,1.1268351963277907e-05,1.1422568651012383e-05,1.1422568651087308e-05,1.1422568651083397e-05
,,7.373104972452263e-07,1.126835196176672e-05,1.1268351961764564e-05,1.1422568650927727e-05,1.1422568651000562e-05,1.1422568650996769e-05
,,7.385971317523122e-07,1.1268351960286104e-05,1.1268351960283991e-05,1.1422568650845426e-05,1.1422568650916231e-05,1.1422568650912547e-05
,,7.398841422485013e-07,1.1268351958837544e-05,1.1268351958835475e-05,1.1422568650765412e-05,1.1422568650834249e-05,1.142256865083067e-05
,,7.411715273885e-07,1.126835195742036e-05,1.1268351957418337e-05,1.1422568650687627e-05,1.1422568650754545e-05,1.1422568650751067e-05
,,7.424592858298155e-07,1.1268351956033865e-05,1.126835195603188e-05,1.1422568650612006e-05,1.1422568650677058e-05,1.1422568650673678e-05
,,7.437474162327507e-07,1.1268351954677389e-05,1.1268351954675446e-05,1.1422568650538484e-05,1.1422568650601725e-05,1.1422568650598447e-05
,,7.45035917260397e-07,1.1268351953350286e-05,1.1268351953348384e-05,1.1422568650467013e-05,1.1422568650528489e-05,1.1422568650525304e-05
,,7.463247875786281e-07,1.126835195205192e-05,1.126835195205006e-05,1.1422568650397524e-05,1.142256865045729e-05,1.1422568650454195e-05
,,7.476140258560977e-07,1.1268351950781666e-05,1.1268351950779846e-05,1.1422568650329968e-05,1.1422568650388067e-05,1.1422568650385064e-05
,,7.489036307642253e-07,1.126835194953892e-05,1.1268351949537135e-05,1.142256865026429e-05,1.1422568650320776e-05,1.1422568650317859e-05
,,7.501936009772e-07,1.1268351948323076e-05,1.1268351948321331e-05,1.1422568650200445e-05,1.1422568650255354e-05,1.1422568650252518e-05
,,7.51483935171971e-07,1.1268351947133564e-05,1.1268351947131857e-05,1.1422568650138367e-05,1.142256865019175e-05,1.1422568650188998e-05
,,7.527746320282351e-07,1.12683519459698e-05,1.126835194596813e-05,1.1422568650078025e-05,1.1422568650129915e-05,1.1422568650127244e-05
,,7.540656902284428e-07,1.126835194483124e-05,1.1268351944829602e-05,1.1422568650019354e-05,1.1422568650069803e-05,1.1422568650067205e-05
,,7.553571084577841e-07,1.1268351943717326e-05,1.1268351943715724e-05,1.1422568649962316e-05,1.142256865001136e-05,1.1422568650008837e-05
,,7.566488854041841e-07,1.1268351942627529e-05,1.1268351942625958e-05,1.142256864990686e-05,1.142256864995454e-05,1.1422568649952093e-05
,,7.579410197583005e-07,1.1268351941561326e-05,1.126835194155979e-05,1.1422568649852956e-05,1.1422568649899306e-05,1.1422568649896926e-05
,,7.592335102135109e-07,1.1268351940518206e-05,1.1268351940516704e-05,1.1422568649800543e-05,1.1422568649845604e-05,1.1422568649843293e-05
,,7.605263554659161e-07,1.126835193949767e-05,1.1268351939496198e-05,1.142256864974959e-05,1.1422568649793396e-05,1.1422568649791151e-05
,,7.618195542143265e-07,1.1268351938499229e-05,1.1268351938497787e-05,1.1422568649700056e-05,1.1422568649742642e-05,1.1422568649740462e-05
,,7.631131051602631e-07,1.12683519375224e-05,1.1268351937520989e-05,1.1422568649651894e-05,1.1422568649693295e-05,1.1422568649691181e-05
,,7.644070070079416e-07,1.1268351936566716e-05,1.1268351936565336e-05,1.142256864960508e-05,1.1422568649645325e-05,1.1422568649643266e-05
,,7.65701258464282e-07,1.1268351935631726e-05,1.1268351935630372e-05,1.142256864955956e-05,1.1422568649598684e-05,1.1422568649596686e-05
,,7.669958582388851e-07,1.1268351934716973e-05,1.1268351934715648e-05,1.1422568649515308e-05,1.1422568649553344e-05,1.1422568649551404e-05
,,7.682908050440444e-07,1.1268351933822025e-05,1.1268351933820724e-05,1.1422568649472286e-05,1.1422568649509264e-05,1.1422568649507378e-05
,,7.695860975947232e-07,1.1268351932946443e-05,1.1268351932945176e-05,1.142256864943046e-05,1.1422568649466407e-05,1.1422568649464576e-05
,,7.708817346085644e-07,1.126835193208982e-05,1.1268351932088575e-05,1.1422568649389797e-05,1.1422568649424744e-05,1.1422568649422967e-05
,,7.721777148058743e-07,1.1268351931251735e-05,1.126835193125052e-05,1.1422568649350266e-05,1.1422568649384237e-05,1.1422568649382514e-05
,,7.734740369096223e-07,1.1268351930431794e-05,1.1268351930430606e-05,1.142256864931183e-05,1.1422568649344862e-05,1.1422568649343183e-05
,,7.747706996454322e-07,1.12683519296296e-05,1.1268351929628434e-05,1.1422568649274468e-05,1.1422568649306576e-05,1.1422568649304948e-05
,,7.760677017415786e-07,1.1268351928844773e-05,1.1268351928843633e-05,1.1422568649238144e-05,1.1422568649269355e-05,1.1422568649267775e-05
,,7.773650419289798e-07,1.126835192807693e-05,1.1268351928075814e-05,1.1422568649202826e-05,1.1422568649233174e-05,1.1422568649231634e-05
,,7.786627189411955e-07,1.1268351927325707e-05,1.1268351927324611e-05,1.1422568649168494e-05,1.1422568649197991e-05,1.1422568649196502e-05
,,7.799607315144133e-07,1.1268351926590744e-05,1.1268351926589676e-05,1.1422568649135113e-05,1.1422568649163791e-05,1.142256864916234e-05
,,7.812590783874551e-07,1.1268351925871689e-05,1.1268351925870642e-05,1.142256864910266e-05,1.1422568649130544e-05,1.1422568649129134e-05
,,7.825577583017603e-07,1.12683519251682e-05,1.1268351925167173e-05,1.142256864907111e-05,1.1422568649098216e-05,1.1422568649096849e-05
,,7.838567700013881e-07,1.1268351924479932e-05,1.1268351924478928e-05,1.142256864904044e-05,1.1422568649066793e-05,1.1422568649065461e-05
,,7.851561122330042e-07,1.126835192380656e-05,1.1268351923805582e-05,1.142256864901062e-05,1.1422568649036237e-05,1.1422568649034946e-05
,,7.864557837458848e-07,1.1268351923147766e-05,1.1268351923146806e-05,1.142256864898163e-05,1.1422568649006536e-05,1.1422568649005278e-05
,,7.877557832919027e-07,1.1268351922503228e-05,1.1268351922502288e-05,1.1422568648953444e-05,1.1422568648977656e-05,1.1422568648976436e-05
,,7.890561096255276e-07,1.1268351921872638e-05,1.1268351921871716e-05,1.1422568648926045e-05,1.142256864894958e-05,1.1422568648948398e-05
,,7.903567615038162e-07,1.1268351921255696e-05,1.1268351921254797e-05,1.1422568648899404e-05,1.1422568648922284e-05,1.1422568648921135e-05
,,7.916577376864101e-07,1.1268351920652106e-05,1.1268351920651225e-05,1.1422568648873505e-05,1.142256864889575e-05,1.1422568648894633e-05
,,7.929590369355272e-07,1.1268351920061578e-05,1.1268351920060714e-05,1.1422568648848326e-05,1.1422568648869952e-05,1.1422568648868865e-05
,,7.942606580159608e-07,1.1268351919483829e-05,1.1268351919482983e-05,1.1422568648823848e-05,1.1422568648844868e-05,1.1422568648843816e-05
,,7.955625996950696e-07,1.1268351918918583e-05,1.1268351918917758e-05,1.1422568648800048e-05,1.1422568648820486e-05,1.142256864881946e-05
,,7.968648607427737e-07,1.126835191836557e-05,1.126835191836476e-05,1.1422568648776907e-05,1.142256864879678e-05,1.1422568648795784e-05
,,7.981674399315504e-07,1.1268351917824523e-05,1.1268351917823732e-05,1.1422568648754414e-05,1.1422568648773734e-05,1.1422568648772765e-05
,,7.994703360364274e-07,1.1268351917295184e-05,1.1268351917294411e-05,1.1422568648732543e-05,1.1422568648751324e-05,1.1422568648750387e-05
,,8.007735478349787e-07,1.1268351916777304e-05,1.1268351916776544e-05,1.1422568648711284e-05,1.142256864872954e-05,1.142256864872863e-05
,,8.020770741073181e-07,1.1268351916270626e-05,1.1268351916269884e-05,1.1422568648690612e-05,1.1422568648708364e-05,1.1422568648707476e-05
,,8.033809136360936e-07,1.1268351915774914e-05,1.1268351915774189e-05,1.1422568648670517e-05,1.1422568648687772e-05,1.1422568648686914e-05
,,8.046850652064833e-07,1.1268351915289928e-05,1.1268351915289217e-05,1.142256864865098e-05,1.1422568648667755e-05,1.142256864866692e-05
,,8.059895276061899e-07,1.126835191481544e-05,1.126835191481474e-05,1.1422568648631983e-05,1.1422568648648294e-05,1.1422568648647482e-05
,,8.072942996254333e-07,1.126835191435121e-05,1.126835191435053e-05,1.142256864861352e-05,1.1422568648629376e-05,1.1422568648628583e-05
,,8.085993800569503e-07,1.1268351913897032e-05,1.1268351913896364e-05,1.1422568648595568e-05,1.142256864861098e-05,1.1422568648610213e-05
,,8.099047676959809e-07,1.1268351913452678e-05,1.1268351913452026e-05,1.1422568648578112e-05,1.1422568648593094e-05,1.142256864859235e-05
,,8.112104613402707e-07,1.1268351913017942e-05,1.12683519130173e-05,1.142256864856114e-05,1.1422568648575712e-05,1.1422568648574987e-05
,,8.125164597900644e-07,1.1268351912592613e-05,1.1268351912591986e-05,1.1422568648544644e-05,1.1422568648558808e-05,1.1422568648558104e-05
,,8.138227618480967e-07,1.1268351912176484e-05,1.1268351912175867e-05,1.1422568648528605e-05,1.1422568648542374e-05,1.1422568648541691e-05
,,8.151293663195893e-07,1.126835191176936e-05,1.1268351911768758e-05,1.1422568648513013e-05,1.1422568648526396e-05,1.1422568648525733e-05
,,8.164362720122485e-07,1.126835191137104e-05,1.1268351911370454e-05,1.142256864849785e-05,1.1422568648510865e-05,1.142256864851022e-05
,,8.177434777362541e-07,1.1268351910981344e-05,1.1268351910980772e-05,1.1422568648483112e-05,1.1422568648495764e-05,1.1422568648495137e-05
,,8.190509823042592e-07,1.1268351910600078e-05,1.1268351910599515e-05,1.1422568648468782e-05,1.1422568648481085e-05,1.1422568648480475e-05
,,8.20358784531382e-07,1.126835191022706e-05,1.1268351910226507e-05,1.1422568648454854e-05,1.1422568648466809e-05,1.1422568648466219e-05
,,8.216668832352024e-07,1.1268351909862112e-05,1.1268351909861577e-05,1.142256864844131e-05,1.1422568648452933e-05,1.1422568648452357e-05
,,8.229752772357553e-07,1.126835190950506e-05,1.1268351909504534e-05,1.142256864842814e-05,1.1422568648439444e-05,1.1422568648438882e-05
,,8.24283965355529e-07,1.1268351909155736e-05,1.1268351909155216e-05,1.1422568648415338e-05,1.1422568648426324e-05,1.1422568648425785e-05
,,8.255929464194526e-07,1.1268351908813965e-05,1.126835190881346e-05,1.1422568648402892e-05,1.1422568648413573e-05,1.1422568648413046e-05
,,8.269022192548991e-07,1.1268351908479588e-05,1.1268351908479095e-05,1.1422568648390794e-05,1.1422568648401175e-05,1.1422568648400664e-05
,,8.282117826916769e-07,1.1268351908152447e-05,1.1268351908151964e-05,1.1422568648379027e-05,1.1422568648389122e-05,1.1422568648388626e-05
,,8.295216355620223e-07,1.1268351907832384e-05,1.126835190783191e-05,1.142256864836759e-05,1.1422568648377404e-05,1.1422568648376923e-05
,,8.308317767005992e-07,1.1268351907519246e-05,1.1268351907518782e-05,1.142256864835647e-05,1.1422568648366012e-05,1.1422568648365544e-05
,,8.321422049444868e-07,1.126835190721288e-05,1.1268351907212429e-05,1.1422568648345664e-05,1.1422568648354938e-05,1.1422568648354482e-05
,,8.334529191331852e-07,1.126835190691314e-05,1.1268351906912694e-05,1.1422568648335153e-05,1.1422568648344168e-05,1.1422568648343728e-05
,,8.347639181085997e-07,1.1268351906619889e-05,1.1268351906619452e-05,1.1422568648324932e-05,1.1422568648333704e-05,1.142256864833327e-05
,,8.360752007150434e-07,1.1268351906332978e-05,1.1268351906332551e-05,1.1422568648315e-05,1.142256864832352e-05,1.1422568648323104e-05
,,8.373867657992257e-07,1.1268351906052277e-05,1.126835190605186e-05,1.1422568648305342e-05,1.1422568648313626e-05,1.1422568648313221e-05
,,8.386986122102541e-07,1.1268351905777646e-05,1.1268351905777238e-05,1.142256864829595e-05,1.1422568648304007e-05,1.1422568648303613e-05
