q(t),H_ratio,S(t),q_stagnation,q_tail_ratio,q_entropy_ratio
0.3500393683667481,0.8820924688134745,0.0,0.8087562755305512,7.092911272961374,1.0575300615528334
0.30642295767239197,0.9011424395135968,0.0,0.8093325811043609,7.083327685841659,1.0586000061695264
0.2763561247567681,0.9162157163056955,0.0,0.8098311626640036,7.074958147502074,1.0598319319761431
0.2533512432182658,0.9285728450241998,0.0,0.8102723664074566,7.067698185667197,1.0612231470533775
0.23283044472435374,0.9388860998984696,0.0,0.8106701307981576,7.0614699459007095,1.0627638116625204
0.21434254664858454,0.9475871197685929,0.0,0.8110346440974904,7.056199005827069,1.0644412413618842
0.19758299343486263,0.9549806990301569,0.0,0.8113732199454116,7.051813819287999,1.0662411617599865
0.18232551594824112,0.9612947791678036,0.0,0.8116909508213209,7.0482456290731115,1.0681485980574656
0.16839206869143525,0.9667064041646828,0.0,0.8119912078324882,7.04542854620097,1.070148504322999
0.15563718739505938,0.9713567708321201,0.0,0.8122760282098177,7.043299678229015,1.0722262011879418
0.1439388887854497,0.975360674855708,0.0,0.8125464184639519,7.041799254197082,1.0743676708315224
0.13319293243780725,0.9788128036668917,0.0,0.8128025931506405,7.040870722113298,1.0765597455480589
0.12330897439397415,0.9817921279618619,0.0,0.8130441639253507,7.040460808945017,1.078790217445134
0.11420786175959313,0.9843650820015599,0.0,0.8132702898968719,7.040519540624261,1.081047890383901
0.10581965447465005,0.9865879370837537,0.0,0.813479797643892,7.041000223750873,1.0833225903615233
0.09808213186652492,0.9885086172705697,0.0,0.8136712773084844,7.041859392930255,1.085605146717805
0.0909396347512609,0.990168117327766,0.0,0.8138431597211105,7.043056728773888,1.0878873535578308
0.0843421472993802,0.9916016293013501,0.0,0.8139937784073985,7.044554951957081,1.0901619184404205
0.07824455497742648,0.9928394507346214,0.0,0.8141214194842085,7.046319698641871,1.0924224035561902
0.07260603490816905,0.9939077259505811,0.0,0.8142243618049264,7.04831938221289,1.0946631632055064
0.06738954791920496,0.9948290574803746,0.0,0.8143009092136891,7.050525045761309,1.0968792803020786
0.06256141013763705,0.9956230149341625,0.0,0.8143494163799109,7.052910209169181,1.0990665038038974
0.05809092784180194,0.9963065617824982,0.0,0.8143683093819144,7.055450714048883,1.1012211883538425
0.05395008336198912,0.9968944156522592,0.0,0.8143561019718778,7.0581245692159795,1.103340236952156
0.050113262725624934,0.9973993542118642,0.0,0.8143114082687577,7.060911798840741,1.1054210471456534
0.046557017846214646,0.9978324761164415,0.0,0.8142329524799897,7.06379429494573,1.107461460975032
0.04325985760499698,0.9982034245327445,0.0,0.8141195761378069,7.066755675499446,1.1094597187491375
0.04020206333303986,0.9985205792814887,0.0,0.8139702432452459,7.06978114899922,1.1114144165957665
0.037365525079952125,0.9987912224942505,0.0,0.8137840436551079,7.072857386137535,1.1133244676588556
0.03473359572983086,0.9990216817938212,0.0,0.813560194948251,7.075972398900144,1.1151890667611797
0.03229096054902241,0.9992174543075226,0.0,0.8132980430323824,7.079115427246024,1.1170076583220228
0.030023520161803166,0.9993833142665213,0.0,0.8129970616466079,7.082276833362493,1.1187799073046762
0.027918285276710034,0.9995234064972035,0.0,0.8126568509283119,7.085448003367704,1.120505672964595
0.0259632817480034,0.9996413277483379,0.0,0.8122771351760173,7.08862125624177,1.1221849851722356
0.02414746476851095,0.9997401975015746,0.0,0.8118577599234693,7.091789759701782,1.1238180230926031
0.022460641162927942,0.9998227196687908,0.0,0.811398688425313,7.094947452690511,1.1254050960145738
0.02089339889292683,0.9998912363772294,0.0,0.810899997642667,7.098088974119638,1.1269466261357874
0.019437043003505617,0.99994777487409,0.0,0.8103618738069891,7.101209597492568,1.128443133122524
0.018083537338756117,0.9999940884398562,0.0,0.8097846076324358,7.104305171026392,1.1298952202777408
0.01682545143844929,1.0000316920791896,0.0,0.8091685892400173,7.107372062894937,1.1313035621640135
0.01567492734496643,1.0000618936557968,0.0,0.8085142938879365,7.110407151044466,1.1326689113619328
0.014605695323774804,1.000085821050144,0.0,0.8078222933463663,7.113407694168601,1.13399205040319
0.013608997565150728,1.0001044458437742,0.0,0.8070932440490552,7.116371327940507,1.1352738010036725
0.01267996500183708,1.000118603969271,0.0,0.8063278798614592,7.1192960346412955,1.1365150195712685
0.011814048881337325,1.0001290137089849,0.0,0.8055270062884907,7.122180108526646,1.1377165900574215
0.011007000511697741,1.0001362913771479,0.0,0.8046914946804928,7.125022124354695,1.1388794176192745
0.010254852187229081,1.000140964977874,0.0,0.8038222764700732,7.127820908808192,1.140004423010175
0.009553899237689123,1.000143486094852,0.0,0.8029203374694847,7.130575514562337,1.1410925376243335
0.008900683145648625,1.000144240236529,0.0,0.801986712255462,7.133285196767938,1.142144699128742
0.008291975678144948,1.0001435558326397,0.0,0.8010224786657197,7.135949391736994,1.1431618476220733
0.00772476398025237,1.0001417120534617,0.0,0.8000287524287437,7.138567697634631,1.1441449222662792
0.0071962365798317945,1.0001389456018073,0.0,0.7990066819460097,7.141139856997203,1.1450948583420002
0.006703770254462072,1.0001354566089913,0.0,0.797957443243354,7.143665740911328,1.1460125846837885
0.0062449177133526495,1.0001314137496122,0.0,0.7968822351059046,7.146145334702625,1.1468990214555383
0.005817396048870016,1.0001269586755754,0.0,0.7957822744087768,7.148578724995939,1.1477550782304737
0.005419075914189353,1.0001222098571794,0.0,0.7946587916535891,7.150966088020908,1.1485816523436196
0.005047971385456496,1.00011726590802,0.0,0.793513026718863,7.153307679047882,1.1493796274878867
0.004702230468712454,1.0001122084607763,0.0,0.7923462248304415,7.15560382284944,1.1501498725277801
0.00438012621369932,1.0001071046524466,0.0,0.7911596327562649,7.1578549050922184,1.1508932405073642
0.004080048398487346,1.0001020092701634,0.0,0.7899544952281823,7.160061364572346,1.151610567831431
0.0038004957506562855,1.0000969666021928,0.0,0.7887320515918902,7.162223686215745,1.1523026736009407
0.0035400686725150622,1.000092012033029,0.0,0.7874935326846665,7.164342394771702,1.152970359085694
0.003297462439546184,1.0000871734164873,0.0,0.7862401579392713,7.166418049134773,1.153614407318906
0.003071460842900109,1.0000824722563462,0.0,0.7849731327111502,7.168451237236006,1.1542355827998811
0.0028609302483664223,1.0000779247202616,0.0,0.78369364582506,7.170442571449977,1.1548346312923827
0.0026648140457686156,1.000073542509341,0.0,0.7824028673362652,7.17239268446906,1.1554122797075321
0.0024821274642042646,1.0000693336028554,0.0,0.7811019465005999,7.1743022256009095,1.1559692360612002
0.0023119527299619415,1.000065302895016,0.0,0.7797920099470355,7.176171857449148,1.1565061894968653
0.0021534345452841387,1.0000614527385274,0.0,0.7784741600457061,7.178002252941081,1.1570238103658277
0.0020057758674370874,1.0000577834076931,0.0,0.7771494734639152,7.179794092669523,1.1575227503574954
0.0018682339687658535,1.0000542934921537,0.0,0.775818999902175,7.181548062518968,1.1580036426731957
0.0017401167595735957,1.00005098023088,0.0,0.7744837610020561,7.183264851549059,1.1584671022376432
0.0016207793567702745,1.0000478397947503,0.0,0.773144749417379,7.184945150110867,1.1589137259427964
0.0015096208822781066,1.0000448675249398,0.0,0.7718029280401127,7.186589648173733,1.1593440929193826
0.0014060814761698737,1.0000420581333656,0.0,0.77045922937229,7.188199033842548,1.1597587648318657
0.00130963951045322,1.0000394058705981,0.0,0.7691145550352091,7.189773992047171,1.1601582861930684
0.001219808990295679,1.0000369046659197,0.0,0.767769775407248,7.191315203387417,1.1605431846950798
0.0011361371303184598,1.000034548243561,0.0,0.7664257293817083,7.192823343118593,1.1609139715534138
0.001058202094373506,1.0000323302186103,0.0,0.76508322423624,7.194299080263935,1.1612711418617445
0.00098561088795579,1.0000302441755988,0.0,0.7637430356055849,7.195743076841588,1.1616151749548076
0.0009179973931002117,1.0000282837323564,0.0,0.7624059075495914,7.1971559871949164,1.1619465347773483
0.0008550205362694463,1.0000264425913692,0.0,0.7610725527087021,7.19853845741596,1.1622656702572232
0.0007963625803459884,1.0000247145805603,0.0,0.7597436525393592,7.199891124852838,1.1625730156809782
0.0007417275324304918,1.0000230936851413,0.0,0.758419857622102,7.201214617692697,1.1628689910704382
0.0006908396596796429,1.000021574071953,0.0,0.7571017880353913,7.2025095546126465,1.1631540025589888
0.0006434421059336338,1.00002015010751,0.0,0.7557900337885437,7.2037765444917845,1.1634284427664265
0.0005992956023546548,1.0000188163707875,0.0,0.7544851553074555,7.205016186178071,1.1636926911713645
0.0005581772657458295,1.0000175676616365,0.0,0.7531876839671402,7.2062290683044,1.1639471144803253
0.0005198794786428707,1.0000163990055944,0.0,0.7518981226654229,7.207415769148733,1.16419206699277
0.0004842088456521232,1.0000153056557284,0.0,0.7506169464324671,7.208576856533643,1.164427890961406
0.00045098522088942166,1.000014283092066,0.0,0.7493446030711336,7.209712887761056,1.1646549169472198
0.000420040801704058,1.0000133270190816,0.0,0.7480815138234841,7.210824409578371,1.164873464168752
0.0003912192842017604,1.0000124333616274,0.0,0.7468280740590714,7.211911958172492,1.165083840845228
0.00036437507637803184,1.0000115982596491,0.0,0.7455846539809474,7.212976059188647,1.1652863445331996
0.0003393725649526225,1.0000108180619651,0.0,0.744351599345623,7.214017227771141,1.1654812624564317
0.0003160854322590723,1.0000100893193427,0.0,0.743129232193503,7.21503596862349,1.1656688718288148
0.0002943960197914208,1.0000094087770708,0.0,0.7419178515865928,7.216032776085608,1.165849440170129
0.00027419473522938276,1.0000087733671927,0.0,0.7407177343505298,7.217008134225922,1.1660232256145378
0.0002553794999927028,1.000008180200534,0.0,0.7395291358182632,7.217962516946558,1.1661904772117164
0.0002378552345574825,1.0000076265586364,0.0,0.7383522905729202,7.218896388099839,1.166351435220558
0.00022153337896808624,1.000007109885688,0.0,0.7371874131876541,7.219810201614569,1.1665063313954367
0.00020633144614290444,1.0000066277805295,0.0,0.7360346989604577,7.220704401630694,1.1666553892650189
0.00019217260574189154,1.0000061779887852,0.0,0.7348943246421492,7.221579422641085,1.1667988244036518
0.00017898529650342,1.0000057583951725,0.0,0.7337664491559157,7.222435689639306,1.1669368446953678
0.0001667028651198166,1.0000053670160263,0.0,0.7326512143069924,7.223273618272337,1.1670696505905693
0.00015526322982699627,1.000005001992058,0.0,0.7315487454812057,7.224093614997342,1.167197435355463
0.00014460856702953607,1.0000046615813785,0.0,0.7304591523312848,7.224896077241654,1.1673203853143441
0.00013468501938502798,1.0000043441527908,0.0,0.7293825294499765,7.225681393565234,1.1674386800848147
0.00012544242387768634,1.000004048179366,0.0,0.7283189570291414,7.226449943824942,1.1675524928060645
0.0001168340585212313,1.0000037722323047,0.0,0.7272685015041344,7.227202099340032,1.1676619903603191
0.00010881640641295931,1.0000035149750837,0.0,0.7262312161828843,7.227938223058334,1.1677673335875869
0.00010134893595088458,1.0000032751578893,0.0,0.725207141859197,7.228658669722659,1.1678686774938347
9.439389611491933e-05,1.0000030516123317,0.0,0.7241963074099028,7.229363786037,1.1679661714527279
8.791612577416786e-05,1.0000028432464305,0.0,0.7231987303755638,7.230053910832174,1.1680599594010745
8.188287606385458e-05,1.000002649039873,0.0,0.7222144175245192,7.230729375230551,1.1681501800281144
7.626364493855675e-05,1.000002468039529,0.0,0.721243365400157,7.231390502809611,1.168236966958798
7.10300230639227e-05,1.0000022993552153,0.0,0.7202855608513228,7.232037609764047,1.1683204489312022
6.615555027451591e-05,1.0000021421557035,0.0,0.7193409815458759,7.23267100506622,1.1684007499682247
6.16155818731201e-05,1.000001995664956,0.0,0.7184095964674351,7.233290990624743,1.1684779895437072
5.738716409524614e-05,1.0000018591585857,0.0,0.7174913663954124,7.23389786144106,1.168552282743134
5.344891811462916e-05,1.000001731960522,0.0,0.7165862443684808,7.234491905763845,1.1686237404190463
4.978093200067591e-05,1.0000016134398817,0.0,0.7156941761316432,7.235073405241134,1.1686924693413203
4.636466008722806e-05,1.0000015030080276,0.0,0.7148151005671379,7.235642635070055,1.1687585723424552
4.3182829239984954e-05,1.0000014001158088,0.0,0.7139489501094038,7.236199864144089,1.1688221484580021
4.0219351554871e-05,1.0000013042509706,0.0,0.7130956511443904,7.236745355197792,1.168883293062285
3.7459243041571e-05,1.0000012149357278,0.0,0.7122551243934967,7.2372793649489235,1.1689420979995424
3.4888547886513524e-05,1.000001131724491,0.0,0.7114272852824544,7.237802144237926,1.1689986517106297
3.249426790974397e-05,1.0000010542017326,0.0,0.7106120442954823,7.23831393816474,1.1690530393554115
3.026429686032728e-05,1.0000009819799958,0.0,0.7098093073150572,7.238814986222931,1.1691053429309783
2.818735921890081e-05,1.0000009146980255,0.0,0.7090189759476401,7.239305522431106,1.1691556413858093
2.6252953199090712e-05,1.0000008520190216,0.0,0.70824094783574,7.23978577546162,1.169204010730011
2.4451297658512063e-05,1.0000007936290058,0.0,0.7074751169566577,7.240255968766585,1.1692505241417515
2.27732826512117e-05,1.0000007392352945,0.0,0.706721373908299,7.240716320701179,1.1692952520700115
2.121042337286383e-05,1.0000006885650699,0.0,0.7059796061824255,7.241167044644275,1.1693382623337651
1.9754817266459668e-05,1.000000641364046,0.0,0.705249698425714,7.241608349116402,1.169379620217707
1.8399104068667073e-05,1.0000005973952235,0.0,0.704531532689006,7.242040437895079,1.1694193885646376
1.713642859977327e-05,1.0000005564377237,0.0,0.7038249886651202,7.242463510127534,1.1694576278646103
1.5960406104387206e-05,1.000000518285701,0.0,0.7031299439155944,7.2428777604408445,1.1694943963409488
1.4865089972726508e-05,1.0000004827473299,0.0,0.7024462740867308,7.243283379049537,1.169529750033236
1.384494167329109e-05,1.0000004496438548,0.0,0.7017738531153087,7.243680551860674,1.169563742877376
1.2894802751706182e-05,1.000000418808707,0.0,0.7011125534243151,7.244069460576478,1.1695964267828203
1.2009868748474873e-05,1.000000390086678,0.0,0.7004622461090574,7.24445028279452,1.1696278517070589
1.11856649086306e-05,1.0000003633331498,0.0,0.6998228011139987,7.244823192105526,1.169658065727464
1.0418023555303081e-05,1.0000003384133767,0.0,0.699194087400658,7.245188358188837,1.169687115110574
9.70306301848467e-06,1.0000003152018138,0.0,0.6985759731069073,7.245545946905567,1.1697150443789088
9.037168008241281e-06,1.0000002935814916,0.0,0.6979683256979914,7.245896120389506,1.16974189637539
8.41697133440178e-06,1.0000002734434348,0.0,0.6973710121095947,7.24623903713581,1.169767712325463
7.839336881865222e-06,1.0000002546861146,0.0,0.6967838988832549,7.246574852087535,1.1697925318969802
7.30134375306335e-06,1.0000002372149461,0.0,0.6962068522944339,7.2469037167200305,1.169816393257938
6.8002714987081e-06,1.0000002209418115,0.0,0.6956397384735391,7.247225779123282,1.1698393331321306
6.333586363194144e-06,1.0000002057846211,0.0,0.695082423520176,7.247541184082203,1.1698613868527992
5.898928471648191e-06,1.000000191666902,0.0,0.6945347736109193,7.24785007315496,1.1698825884143391
5.494099897962457e-06,1.0000001785174135,0.0,0.6939966551008584,7.248152584749347,1.169902970522138
5.117053551284557e-06,1.0000001662697933,0.0,0.6934679346191935,7.248448854197271,1.1699225646406066
4.765882825275014e-06,1.0000001548622206,0.0,0.6929484791591263,7.248739013827389,1.1699414010394655
4.438811956308797e-06,1.000000144237108,0.0,0.6924381561622859,7.249023193035934,1.1699595088383472
4.134187045057303e-06,1.0000001343408123,0.0,0.691936833597941,7.249301518355783,1.169976916049779
3.850467693666815e-06,1.000000125123364,0.0,0.6914443800372138,7.249574113523799,1.1699936496205923
3.586219216344944e-06,1.000000116538216,0.0,0.690960664722521,7.249841099546505,1.1700097354718233
3.340105384719294e-06,1.0000001085420116,0.0,0.6904855576324582,7.2501025947641065,1.1700251985371537
3.1108816715530454e-06,1.0000001010943638,0.0,0.6900189295423282,7.25035871491293,1.1700400627999452
2.897388956935032e-06,1.0000000941576532,0.0,0.6895606520805162,7.250609573186299,1.1700543513289132
2.6985476682561684e-06,1.0000000876968391,0.0,0.6891105977808984,7.250855280293895,1.1700680863124926
2.5133523202214294e-06,1.000000081679282,0.0,0.688668640131472,7.251095944519635,1.1700812890919423
2.3408664302060347e-06,1.0000000760745797,0.0,0.6882346536193799,7.251331671778114,1.170093980193227
2.180217784353289e-06,1.0000000708544146,0.0,0.6878085137725053,7.251562565669638,1.1701061793577276
2.030594025814736e-06,1.0000000659924095,0.0,0.6873900971977956,7.251788727533888,1.1701179055718183
1.8912385472802385e-06,1.0000000614639966,0.0,0.6869792816164718,7.252010256502254,1.1701291770953492
1.761446664882982e-06,1.0000000572462924,0.0,0.6865759458962822,7.252227249548869,1.1701400114890779
1.6405620556270152e-06,1.0000000533179818,0.0,0.686179970080937,7.252439801540371,1.1701504256410846
1.5279734379092248e-06,1.0000000496592125,0.0,0.6857912354168697,7.252648005284442,1.170160435792209
1.4231114801255274e-06,1.0000000462514929,0.0,0.6854096243774529,7.25285195157714,1.1701700575605425
1.3254459227951543e-06,1.0000000430775997,0.0,0.6850350206848035,7.253051729249064,1.1701793059650114
1.2344828964394595e-06,1.0000000401214906,0.0,0.6846673093292949,7.253247425210378,1.170188195448083
1.1497624242906569e-06,1.0000000373682243,0.0,0.6843063765868971,7.2534391244947285,1.1701967398976272
1.070856096863082e-06,1.0000000348038833,0.0,0.6839521100344561,7.253626910302078,1.1702049526679634
9.973649043537592e-07,1.000000032415506,0.0,0.6836043985630231,7.253810864040491,1.1702128466001227
9.289172213655661e-07,1.0000000301910186,0.0,0.6832631323893337,7.253991065366897,1.1702204340413522
8.651669245907102e-07,1.0000000281191765,0.0,0.6829282030655373,7.254167592226843,1.1702277268638943
8.057916450532332e-07,1.0000000261895063,0.0,0.6825995034872756,7.254340520893294,1.1702347364830594
7.504911367917089e-07,1.0000000243922524,0.0,0.682276927900196,7.254509926004473,1.1702414738746247
6.989857592287763e-07,1.0000000227183292,0.0,0.6819603719049863,7.254675880600783,1.17024794959158
6.510150624805533e-07,1.0000000211592746,0.0,0.6816497324610197,7.25483845616084,1.1702541737802468
6.063364702768582e-07,1.0000000197072059,0.0,0.6813449078886816,7.254997722636617,1.1702601561957902
5.647240548078969e-07,1.0000000183547824,0.0,0.6810457978704617,7.255153748487754,1.1702659062171499
5.259673918622809e-07,1.0000000170951664,0.0,0.6807523034508761,7.255306600715028,1.1702714328614099
4.898704986544545e-07,1.0000000159219895,0.0,0.6804643270352945,7.25545634489302,1.1702767447976252
4.562508424399425e-07,1.0000000148293207,0.0,0.680181772387737,7.255603045201994,1.1702818503601309
4.249384165433412e-07,1.000000013811635,0.0,0.6799045446276986,7.25574676445902,1.1702867575613467
3.9577488184505685e-07,1.0000000128637874,0.0,0.6796325502260707,7.255887564148335,1.1702914741041004
3.686127655555538e-07,1.000000011980985,0.0,0.6793656970002068,7.256025504450993,1.1702960073934845
3.4331471550075325e-07,1.0000000111587648,0.0,0.679103894108194,7.256160644273803,1.1703003645482668
3.1975280556650887e-07,1.0000000103929694,0.0,0.6788470520423827,7.256293041277569,1.1703045524118678
2.9780788919353544e-07,1.0000000096797266,0.0,0.6785950826222128,7.25642275190468,1.170308577562923
2.7736899594899e-07,1.0000000090154304,0.0,0.6783478989864019,7.256549831406019,1.1703124463254455
2.583327717076145e-07,1.0000000083967215,0.0,0.6781054155845248,7.256674333867263,1.1703161647786038
2.4060295444883195e-07,1.000000007820472,0.0,0.6778675481680346,7.256796312234537,1.170319738766129
2.2408988931132967e-07,1.0000000072837676,0.0,0.6776342137807635,7.256915818339487,1.1703231739053617
2.0871007366807248e-07,1.0000000067838954,0.0,0.6774053307489428,7.257032902923742,1.170326475595961
1.9438573515273563e-07,1.0000000063183274,0.0,0.6771808186707824,7.2571476156628165,1.170329649028278
1.8104443952893236e-07,1.0000000058847092,0.0,0.6769605984056336,7.257260005189455,1.1703326991914118
1.6861872262907698e-07,1.0000000054808484,0.0,0.6767445920627851,7.257370119116415,1.1703356308809605
1.5704575107022833e-07,1.0000000051047033,0.0,0.6765327229899082,7.257478004058742,1.1703384487064747
1.4626700295394812e-07,1.0000000047543716,0.0,0.6763249157611904,7.2575837056555015,1.170341157098629
1.3622797272461186e-07,1.0000000044280817,0.0,0.6761210961651816,7.257687268591033,1.1703437603161198
1.2687789547882746e-07,1.000000004124184,0.0,0.6759211911923845,7.2577887366156855,1.1703462624522962
1.1816949001541844e-07,1.0000000038411418,0.0,0.6757251290226081,7.257888152566099,1.1703486674415455
1.1005872018188257e-07,1.000000003577524,0.0,0.6755328390121149,7.257985558384994,1.1703509790654263
1.0250457185279061e-07,1.0000000033319971,0.0,0.6753442516805779,7.258080995140528,1.1703532009585718
9.546884536248968e-08,1.00000000310332,0.0,0.6751592986978793,7.258174503045188,1.170355336614368
8.891596285920401e-08,1.0000000028903362,0.0,0.6749779128707601,7.258266121474267,1.1703573893904107
8.281278800481574e-08,1.0000000026919686,0.0,0.6748000281293469,7.2583558889839015,1.1703593625137583
7.712845837559713e-08,1.0000000025072147,0.0,0.6746255795135747,7.258443843328713,1.1703612590859789
7.183422967571573e-08,1.0000000023351396,0.0,0.6744545031595183,7.258530021479034,1.1703630820880069
6.690333060888065e-08,1.0000000021748736,0.0,0.6742867362856532,7.2586144596377515,1.1703648343848119
6.231082627650153e-08,1.0000000020256063,0.0,0.6741222171790598,7.258697193256765,1.1703665187298895
5.8033493921527684e-08,1.000000001886583,0.0,0.6739608851815838,7.258778257053072,1.170368137769579
5.404970417899336e-08,1.0000000017571002,0.0,0.6738026806759717,7.258857685024487,1.1703696940472146
5.033931165243644e-08,1.000000001636503,0.0,0.6736475450719872,7.258935510465011,1.1703711900071185
4.688355366155861e-08,1.0000000015241823,0.0,0.6734954207925279,7.259011765979851,1.170372627998439
4.366495574004148e-08,1.0000000014195698,0.0,0.6733462512597476,7.259086483500108,1.1703740102788422
4.066724201834404e-08,1.0000000013221366,0.0,0.6731999808811996,7.259159694297123,1.1703753390180611
3.787525342247023e-08,1.00000000123139,0.0,0.6730565550360089,7.2592314289965145,1.1703766163013072
3.527487217880321e-08,1.0000000011468713,0.0,0.6729159200610818,7.259301717591897,1.1703778441325519
3.2852948450567966e-08,1.0000000010681527,0.0,0.6727780232373671,7.259370589458292,1.170379024437682
3.059723496789957e-08,1.0000000009948362,0.0,0.6726428127761672,7.259438073365241,1.1703801590675298
2.84963254770787e-08,1.0000000009265513,0.0,0.6725102378055189,7.259504197489635,1.170381249800792
2.6539596298391643e-08,1.0000000008629526,0.0,0.6723802483566399,7.2595689894282405,1.1703822983468306
2.471715205842884e-08,1.0000000008037186,0.0,0.6722527953504598,7.25963247620997,1.170383306348369
2.301977772845021e-08,1.0000000007485497,0.0,0.6721278305842284,7.2596946843078625,1.170384275384083
2.143888968575425e-08,1.0000000006971668,0.0,0.6720053067182162,7.259755639650813,1.170385206971091
1.9966494235745813e-08,1.0000000006493102,0.0,0.6718851772625135,7.2598153676350385,1.1703861025673494
1.8595145245825507e-08,1.0000000006047378,0.0,0.6717673965639249,7.259873893135285,1.170386963573953
1.7317908795888572e-08,1.0000000005632241,0.0,0.6716519197929715,7.259931240515799,1.1703877913373497
1.612832534192421e-08,1.0000000005245597,0.0,0.6715387029310028,7.259987433641054,1.1703885871514665
1.5020380406127744e-08,1.0000000004885488,0.0,0.6714277027574195,7.260042495886239,1.1703893522597542
1.3988470648484964e-08,1.000000000455009,0.0,0.671318876837017,7.260096450147521,1.1703900878571538
1.302737828723366e-08,1.0000000004237708,0.0,0.6712121835074433,7.2601493188520845,1.1703907950919856
1.2132243210061233e-08,1.0000000003946767,0.0,0.6711075818667852,7.260201123967947,1.170391475067765
1.129853908210521e-08,1.000000000367579,0.0,0.6710050317612783,7.260251887013567,1.1703921288449506
1.052204980922511e-08,1.0000000003423415,0.0,0.670904493773145,7.260301629067238,1.1703927574426178
9.798849109898811e-09,1.0000000003188352,0.0,0.6708059292085617,7.2603503707762815,1.1703933618400766
9.125279909483198e-09,1.0000000002969425,0.0,0.6707093000857638,7.26039813236604,1.1703939429784196
8.497935866103036e-09,1.0000000002765523,0.0,0.6706145691232756,7.260444933648676,1.1703945017620112
7.913645028168049e-09,1.000000000257561,0.0,0.6705216997282857,7.260490794031778,1.1703950390599234
7.369452426075896e-09,1.0000000002398735,0.0,0.6704306559851528,7.260535732526783,1.1703955557073087
6.862606483082345e-09,1.0000000002233995,0.0,0.6703414026440506,7.26057976775722,1.1703960525067254
6.3905440050859855e-09,1.0000000002080565,0.0,0.6702539051097565,7.260622917966771,1.1703965302294101
5.950878012583871e-09,1.0000000001937663,0.0,0.670168129430572,7.260665201027159,1.1703969896164979
5.541385039720126e-09,1.0000000001804565,0.0,0.6700840422873917,7.260706634445872,1.1703974313801975
5.159994653780586e-09,0.9997610506321997,0.02,0.6699191540490537,7.260787832506256,1.1703982730059863
0.0009895285960794808,0.9995378395666485,0.02,0.6699066636591506,7.2608414676109945,1.1703878632502234
0.0019062647758098185,0.9993292578675002,0.02,0.6700303752258597,7.26087033164429,1.170367420454708
0.002756310324164613,0.9991342669343548,0.02,0.6702753600729678,7.260876984481504,1.1703380516748285
0.003545205355152614,0.9989518963379932,0.02,0.6706278975911468,7.260863771977109,1.1703007629563664
0.004277989415677497,0.9987812410284169,0.02,0.6710754111696089,7.260832842598265,1.170256468582146
0.004959251056841031,0.9986214582579619,0.02,0.6716064013610875,7.260786162803084,1.170205999402254
0.00559317181921728,0.9984717643422301,0.02,0.672210377976783,7.2607255312561865,1.1701501103485838
0.00618356537810576,0.9983314313511584,0.02,0.6728777924283593,7.2606525919678235,1.17008948722272
0.006733912475079107,0.9981997837990881,0.02,0.6735999713207249,7.260568846436831,1.1700247528357222
0.0072473921650297425,0.9980761953845697,0.02,0.6743690520425938,7.26047566487192,1.1699564725690816
0.007726909828596474,0.9979600858166172,0.02,0.6751779208931041,7.260374296560414,1.1698851594178967
0.008175122334530082,0.997850917753298,0.02,0.6760201541144748,7.26026587944846,1.169811278570121
0.00859446068245886,0.9977481938701783,0.02,0.6768899620662334,7.260151448991999,1.169735251569397
0.00898715041138456,0.997651454069703,0.02,0.6777821366701903,7.260031946333355,1.1696574601034686
0.00935523002141263,0.9975602728376775,0.02,0.6786920021722993,7.259908225854206,1.1695782494553164
0.009700567624287903,0.9974742567492408,0.02,0.6796153692035753,7.259781062151857,1.1694979316499565
0.01002487601125306,0.9973930421239288,0.02,0.6805484920739275,7.259651156482253,1.1694167883261508
0.01032972630367115,0.9973162928272993,0.02,0.681488029197131,7.259519142709834,1.1693350733590524
0.01061656033210212,0.9972436982150785,0.02,0.6824310065197561,7.259385592801364,1.1692530152570135
0.010886701872530801,0.9971749712146886,0.02,0.6833747838096637,7.2592510218980335,1.1691708193533026
0.011141366853764658,0.9971098465382915,0.02,0.6843170236489511,7.259115892997565,1.169088669811324
0.011381672637271212,0.9970480790209988,0.02,0.685255662970636,7.2589806212756525,1.1690067314600394
0.011608646459653604,0.9969894420776595,0.02,0.6861888869766865,7.258845578073869,1.1689251514746006
0.011823233118247158,0.9969337262715089,0.02,0.6871151052764057,7.258711094579118,1.168844060915752
0.012026301971835964,0.9968807379880149,0.02,0.6880329300878009,7.25857746521785,1.1687635761402229
0.012218653320997721,0.9968302982073425,0.02,0.6889411563498571,7.258444950786488,1.1686838000932
0.012401024225993939,0.9967822413690589,0.02,0.6898387436001255,7.258313781337932,1.1686048234929094
0.012574093814270947,0.9967364143229175,0.02,0.6907247994792357,7.25818415884251,1.1685267259164351
0.012738488124467628,0.9966926753598193,0.02,0.6915985647316666,7.258056259640347,1.1684495767950687
0.01289478452920956,0.9966508933173446,0.02,0.6924593995800438,7.25793023670092,1.168373436326744
0.013043515774859094,0.9966109467545207,0.02,0.6933067713581772,7.257806221704311,1.1682983563124487
0.013185173672732576,0.9965727231908136,0.02,0.6941402432959584,7.2576843269576425,1.1682243809229023
0.013320212472996064,0.9965361184046078,0.02,0.6949594643568765,7.257564647159162,1.1681515474012507
0.013449051949523661,0.9965010357867486,0.02,0.6957641600363199,7.257447261021496,1.1680798867070372
0.013572080221340533,0.9964673857449984,0.02,0.696554124035882,7.257332232764758,1.1680094241062629
0.013689656333909684,0.9964350851555318,0.02,0.6973292107355805,7.2572196134893945,1.167940179711949
0.01380211262137292,0.9964040568578707,0.02,0.698089328392223,7.257109442437908,1.167872168979246
0.013909756868920953,0.996374229189897,0.02,0.6988344329980447,7.257001748153921,1.1678054031587939
0.014012874292732014,0.9963455355598311,0.02,0.6995645227393,7.25689654954642,1.167739889711745
0.014111729353337777,0.9963179140522871,0.02,0.7002796329995973,7.256793856866438,1.1676756326895659
0.014206567416844607,0.9962913070657229,0.02,0.700979831857555,7.256693672602878,1.1676126330814953
0.014297616277158112,0.9962656609788116,0.02,0.7016652160327511,7.256595992303685,1.167550889132289
0.014385087551175735,0.9962409258434402,0.02,0.7023359072379999,7.256500805328141,1.1674903966326777
0.014469177957860293,0.9962170551022179,0.02,0.7029920488997403,7.256408095535573,1.1674311491847633
0.014550070491136304,0.996194005328542,0.02,0.7036338032117382,7.256317841915421,1.1673731384443993
0.014627935495682887,0.9961717359874142,0.02,0.7042613484904664,7.256230019163214,1.167316354342436
0.01470293165389569,0.9961502092153458,0.02,0.704874876803405,7.256144598206662,1.1672607852865666
0.014775206891567772,0.9961293896178229,0.02,0.705474591844142,7.256061546685785,1.167206418345356
0.01484489920918537,0.9961092440829095,0.02,0.7060607070305562,7.2559808293906665,1.167153239415924
0.014912137445132935,0.9960897416096985,0.02,0.7066334438045669,7.2559024086601775,1.1671012333766178
0.014977041976553451,0.9960708531504086,0.02,0.7071930301139392,7.255826244744759,1.1670503842259248
0.015039725363119505,0.9960525514650254,0.02,0.7077396990584424,7.255752296136119,1.1670006752087494
0.015100292938512451,0.9960348109874742,0.02,0.7082736876843347,7.255680519866476,1.1669520889311096
0.015158843353997621,0.996017607702394,0.02,0.7087952359126443,7.255610871779796,1.1669046074642107
0.015215469078105516,0.9960009190316521,0.02,0.7093045855880892,7.255543306777271,1.166858212438782
0.01527025685608452,0.9959847237298154,0.02,0.7098019796367329,7.255477779039143,1.1668128851304902
0.015323288132481716,0.9959690017878515,0.02,0.710287661321581,7.255414242224764,1.166768606537176
0.015374639439918302,0.9959537343443947,0.02,0.7107618735863801,7.255352649652712,1.1667253574486047
0.015424382756865019,0.9959389036039679,0.02,0.7112248584787821,7.255292954462577,1.166683118509356
0.01547258583698623,0.995924492761593,0.02,0.7116768566448928,7.255235109759949,1.1666418702754422
0.015519312512408701,0.9959104859332795,0.02,0.7121181068879998,7.255179068746002,1.1666015932651803
0.015564622973056474,0.9958968680919141,0.02,0.7125488457849395,7.255124784832984,1.1665622680048164
0.015608574024032797,0.9958836250081152,0.02,0.7129693073542195,7.255072211746774,1.166523875069344
0.01565121932284577,0.9958707431956546,0.02,0.7133797227705623,7.255021303617646,1.1664863951189417
0.015692609598132855,0.9958582098610771,0.02,0.713780320121058,7.25497201506023,1.166449808931396
0.01573279285139595,0.9958460128571786,0.02,0.7141713241985872,7.254924301243612,1.1664140974308739
0.015771814543139296,0.9958341406400402,0.02,0.7145529563285777,7.254878117952446,1.1663792417133554
0.015809717764668062,0.9958225822293236,0.02,0.7149254342255595,7.254833421639857,1.1663452230690197
0.0158465433967264,0.995811327171573,0.02,0.7152889718763226,7.25479016947289,1.1663120230018653
0.015882330256031675,0.9958003655062823,0.02,0.7156437794467891,7.25474831937115,1.166279623246802
0.01591711523068755,0.9957896877345047,0.02,0.7159900632100028,7.25470783003929,1.1662480057844455
0.01595093340537055,0.9957792847898042,0.02,0.7163280254928863,7.254668660993887,1.1662171528538254
0.015983818177116183,0.9957691480113626,0.02,0.7166578646396574,7.25463077258525,1.1661870469631959
0.016015801362452686,0.9957592691190708,0.02,0.7169797749899933,7.254594126014638,1.1661576708991228
0.016046913296578792,0.9957496401904464,0.02,0.717293946870241,7.254558683347333,1.166129007734015
0.016077182925220156,0.9957402536392344,0.02,0.7176005665961093,7.254524407521975,1.1661010408322372
0.016106637889744892,0.9957311021955589,0.02,0.7178998164854753,7.254491262356535,1.1660737538549482
0.016135304606072355,0.9957221788875031,0.02,0.7181918748800408,7.254459212551265,1.1660471307637845
0.016163208337865664,0.9957134770240054,0.02,0.7184769161747228,7.254428223688952,1.1660211558235014
0.01619037326446342,0.9957049901789682,0.02,0.7187551108537682,7.254398262232748,1.1659958136036783
0.01621682254395467,0.9956967121764891,0.02,0.719026625532686,7.254369295521852,1.16597108897958
0.01624257837178418,0.9956886370771211,0.02,0.7192916230051882,7.254341291765291,1.165946967132263
0.0162676620352334,0.9956807591650857,0.02,0.7195502622944059,7.254314220034,1.1659234335480058
0.016292093964100317,0.9956730729363662,0.02,0.7198026987077327,7.254288050251424,1.1659004740171333
0.016315893777866797,0.9956655730876119,0.02,0.7200490838947189,7.254262753182826,1.1658780746323054
0.01633908032963103,0.99565825450579,0.02,0.7202895659074748,7.254238300423445,1.165856221786326
0.016361671747047193,0.9956511122585323,0.02,0.720524289263143,7.254214664385699,1.1658349021695307
0.016383685470506483,0.9956441415851178,0.02,0.7207533950080071,7.254191818285523,1.1658141027668032
0.016405138288764665,0.9956373378880515,0.02,0.720977020782875,7.25416973612802,1.1657938108542618
0.016426046372212233,0.9956306967251838,0.02,0.7211953008894063,7.254148392692498,1.165774013995667
0.016446425303964805,0.9956242138023403,0.02,0.7214083663570933,7.254127763517022,1.1657547000385746
0.01646629010893661,0.9956178849664182,0.02,0.7216163450106393,7.254107824882568,1.165735857110284
0.01648565528104673,0.9956117061989156,0.02,0.7218193615375016,7.254088553796867,1.165717473613601
0.01650453480869931,0.995605673609862,0.02,0.7220175375554043,7.254069927978013,1.165699538222448
0.016522942198661284,0.9955997834321215,0.02,0.7222109916796399,7.254051925837907,1.1656820398773504
0.016540890498459904,0.9955940320160411,0.02,0.7223998395900049,7.254034526465599,1.1656649677808169
0.016558392317402703,0.9955884158244164,0.02,0.722584194097243,7.254017709610589,1.1656483113926372
0.016575459846326357,0.995582931427757,0.02,0.7227641652088586,7.254001455666123,1.1656320604251182
0.01659210487615852,0.9955775754998261,0.02,0.7229398601942303,7.253985745652553,1.165616204838275
0.016608338815383775,0.9955723448134368,0.02,0.7231113836488989,7.253970561200775,1.1656007348349857
0.01662417270648784,0.9955672362364838,0.02,0.7232788375579909,7.253955884535798,1.1655856408561374
0.016639617241455042,0.9955622467282005,0.02,0.7234423213586963,7.253941698460465,1.1655709135757615
0.016654682776382025,0.9955573733356176,0.02,0.7236019320017413,7.2539279863393675,1.1655565438961797
0.016669379345272486,0.9955526131902177,0.02,0.7237577640118327,7.253914732082959,1.165542522943166
0.016683716673067294,0.9955479635047647,0.02,0.7239099095470238,7.2539019201318995,1.1655288420611332
0.016697704187962372,0.9955434215703016,0.02,0.724058458456971,7.253889535441655,1.1655154928083566
0.016711351033064092,0.9955389847533037,0.02,0.7242034983400755,7.253877563467343,1.165502466952234
0.016724666077426176,0.9955346504929765,0.02,0.7243451145994738,7.253865990148876,1.1654897564645976
0.01673765792650652,0.9955304162986874,0.02,0.7244833904978835,7.253854801896369,1.1654773535170733
0.016750334932089817,0.9955262797475279,0.02,0.7246184072112832,7.253843985575861,1.1654652504765015
0.016762705201699247,0.9955222384819885,0.02,0.7247502438814377,7.253833528495327,1.1654534399004166
0.01677477660754343,0.9955182902077512,0.02,0.7248789776672586,7.253823418391002,1.1654419145325914
0.01678655679501746,0.9955144326915798,0.02,0.7250046837950066,7.253813643414025,1.1654306672986499
0.01679805319079282,0.9955106637593101,0.02,0.7251274356073522,7.253804192117381,1.1654196913017496
0.016809273010520622,0.995506981293933,0.02,0.7252473046112855,7.253795053443179,1.1654089798183385
0.01682022326616961,0.9955033832337591,0.02,0.725364360524904,7.253786216710234,1.1653985262939812
0.016830910773026165,0.9954998675706693,0.02,0.7254786713230812,7.253777671601972,1.1653883243392684
0.016841342156370256,0.9954964323484349,0.02,0.7255903032820306,7.2537694081546515,1.1653783677257927
0.016851523857855866,0.9954930756611154,0.02,0.7256993210227908,7.253761416745896,1.165368650382212
0.016861462141603514,0.9954897956515181,0.02,0.7258057875536305,7.2537536880835445,1.165359166390384
0.016871163100028144,0.9954865905097249,0.02,0.7259097643114087,7.253746213194797,1.1653499099815812
0.016880632659416705,0.9954834584716753,0.02,0.7260113112019021,7.253738983415684,1.1653408755327836
0.016889876585268727,0.9954803978178096,0.02,0.7261104866391099,7.25373199038082,1.1653320575630515
0.016898900487412428,0.9954774068717621,0.02,0.7262073475835741,7.253725226013462,1.165323450729973
0.01690770982491079,0.9954744839991063,0.02,0.7263019495797145,7.253718682515861,1.1653150498261908
0.01691630991076938,0.9954716276061482,0.02,0.7263943467922173,7.25371235235989,1.1653068497760066
0.016924705916453675,0.9954688361387635,0.02,0.7264845920414823,7.253706228277966,1.1652988456320605
0.01693290287622855,0.9954661080812778,0.02,0.7265727368381608,7.253700303254238,1.1652910325720862
0.016940905691331245,0.9954634419553888,0.02,0.7266588314167941,7.253694570516051,1.1652834058957413
0.016948719133979686,0.9954608363191264,0.02,0.7267429247685862,7.253689023525668,1.1652759610215115
0.016956347851232324,0.995458289765848,0.02,0.7268250646733132,7.2536836559722575,1.165268693483687
0.016963796368702978,0.9954558009232716,0.02,0.7269052977304085,7.253678461764126,1.1652615989294104
0.01697106909413766,0.9954533684525398,0.02,0.7269836693892306,7.253673435021208,1.1652546731157973
0.016978170320860533,0.995450991047316,0.02,0.7270602239785389,7.253668570067777,1.1652479119071235
0.016985104231099404,0.9954486674329118,0.02,0.7271350047351939,7.253663861425413,1.1652413112720816
0.016991874899188034,0.9954463963654423,0.02,0.7272080538321031,7.253659303806182,1.165234867281106
0.016998486294659054,0.9954441766310084,0.02,0.7272794124054378,7.253654892106042,1.1652285761037626
0.01700494228523011,0.9954420070449068,0.02,0.7273491205811201,7.253650621398473,1.165222434006203
0.017011246639684473,0.995439886450864,0.02,0.7274172175006253,7.253646486928301,1.1652164373486817
0.017017403030656818,0.995437813720296,0.02,0.7274837413460916,7.253642484105742,1.165210582583138
0.017023415037322586,0.9954357877515877,0.02,0.7275487293647775,7.25363860850064,1.1652048662508345
0.01702928614800332,0.9954338074693984,0.02,0.7276122178928663,7.253634855836885,1.165199284980059
0.01703501976267845,0.9954318718239858,0.02,0.7276742423786436,7.253631221987044,1.1651938354838827
0.017040619195421946,0.9954299797905517,0.02,0.7277348374050652,7.253627702967147,1.1651885145579761
0.01704608767675846,0.9954281303686058,0.02,0.7277940367117259,7.253624294931667,1.16518331907848
0.017051428355942578,0.9954263225813508,0.02,0.7278518732162519,7.253620994168664,1.1651782459999318
0.01705664430316747,0.9954245554750812,0.02,0.7279083790351232,7.2536177970950915,1.1651732923532447
0.017061738511704828,0.9954228281186065,0.02,0.7279635855039541,7.2536147002522755,1.1651684552437387
0.01706671389997554,0.9954211396026822,0.02,0.7280175231972307,7.2536117003015335,1.1651637318492227
0.017071573313561485,0.9954194890394635,0.02,0.7280702219475365,7.253608794019955,1.1651591194181268
0.01707631952714992,0.9954178755619738,0.02,0.7281217108642635,7.253605978296326,1.1651546152676813
0.01708095524642266,0.9954162983235851,0.02,0.7281720183518382,7.253603250127189,1.1651502167821446
0.017085483109888357,0.9954147564975144,0.02,0.728221172127462,7.25360060661305,1.1651459214110775
0.01708990569065736,0.9954132492763359,0.02,0.7282691992383911,7.253598044954705,1.16514172666766
0.017094225498166127,0.9954117758715035,0.02,0.7283161260787585,7.253595562449706,1.1651376301270546
0.017098444979851246,0.995410335512888,0.02,0.7283619784059558,7.253593156488944,1.1651336294248122
0.017102566522772155,0.9954089274483277,0.02,0.728406781356587,7.253590824553354,1.1651297222553172
0.017106592455187176,0.9954075509431877,0.02,0.7284505594620032,7.253588564210732,1.165125906370275
0.01711052504808803,0.9954062052799368,0.02,0.7284933366634325,7.253586373112674,1.1651221795772424
0.017114366516681613,0.9954048897577283,0.02,0.7285351363267117,7.253584248991608,1.1651185397381882
0.017118119021840482,0.995403603691999,0.02,0.7285759812566376,7.253582189657942,1.1651149847681013
0.017121784671500762,0.9954023464140738,0.02,0.728615893710942,7.253580192997311,1.1651115126336276
0.017125365522030034,0.995401117270783,0.02,0.7286548954139013,7.2535782569679155,1.1651081213517467
0.01712886357955099,0.9953999156240886,0.02,0.7286930075695957,7.25357637959796,1.1651048089884832
0.017132280801229548,0.9953987408507214,0.02,0.7287302508748223,7.253574558983182,1.1651015736576502
0.01713561909652812,0.9953975923418263,0.02,0.728766645531672,7.253572793284466,1.165098413519627
0.017138880328423322,0.9953964695026175,0.02,0.7288022112597823,7.253571080725544,1.1650953267801691
0.017142066314588502,0.9953953717520424,0.02,0.7288369673082729,7.253569419590775,1.1650923116892484
0.01714517882854747,0.995394298522453,0.02,0.7288709324673706,7.253567808223012,1.1650893665399251
0.01714821960079298,0.9953932492592872,0.02,0.7289041250797401,7.253566245021533,1.1650864896672481
0.01715119031987684,0.9953922234207584,0.02,0.7289365630515128,7.253564728440052,1.1650836794471868
0.0171540926334695,0.9953912204775512,0.02,0.7289682638630414,7.2535632569848065,1.165080934295586
0.017156928149391206,0.9953902399125251,0.02,0.7289992445793732,7.2535618292127,1.1650782526671544
0.017159698436615602,0.9953892812204278,0.02,0.7290295218604541,7.253560443729523,1.1650756330544751
0.017162405026245886,0.9953883439076128,0.02,0.7290591119710723,7.253559099188232,1.165073073987044
0.017165049412465817,0.9953874274917655,0.02,0.72908803079055,7.25355779428729,1.165070574030333
0.01716763305346365,0.9953865315016368,0.02,0.7291162938221787,7.253556527769068,1.1650681317848786
0.017170157372332275,0.9953856554767803,0.02,0.729143916202424,7.253555298418305,1.1650657458853915
0.01717262375794795,0.9953847989673016,0.02,0.7291709127098894,7.253554105060613,1.1650634149998955
0.01717503356581982,0.9953839615336064,0.02,0.7291972977740516,7.253552946561056,1.1650611378288813
0.017177388118923977,0.9953831427461618,0.02,0.7292230854837757,7.253551821822757,1.1650589131044893
0.017179688708510343,0.9953823421852575,0.02,0.7292482895956143,7.253550729785572,1.165056739589709
0.0171819365948918,0.9953815594407787,0.02,0.7292729235418923,7.253549669424799,1.1650546160776016
0.017184133008209913,0.9953807941119801,0.02,0.7292970004385945,7.253548639749945,1.165052541390544
0.017186279149181694,0.9953800458072657,0.02,0.729320533093042,7.253547639803526,1.165050514379488
0.01718837618982998,0.9953793141439767,0.02,0.7293435340113857,7.2535466686599195,1.165048533923246
0.017190425274188813,0.9953785987481827,0.02,0.7293660154059046,7.253545725424251,1.1650465989277872
0.017192427518995326,0.9953778992544784,0.02,0.7293879892021229,7.253544809231325,1.1650447083255575
0.01719438401436202,0.995377215305783,0.02,0.729409467045743,7.25354391924459,1.165042861074819
0.017196295824432297,0.9953765465531502,0.02,0.7294304603094116,7.253543054655145,1.1650410561589974
0.01719816398801719,0.9953758926555751,0.02,0.7294509800993092,7.2535422146807775,1.165039292586058
0.017199989519219683,0.9953752532798124,0.02,0.7294710372615781,7.253541398565042,1.1650375693878887
0.017201773408038346,0.9953746281001946,0.02,0.7294906423885892,7.253540605576362,1.1650358856197054
0.017203516620958693,0.995374016798458,0.02,0.7295098058250471,7.253539835007171,1.1650342403594671
0.01720522010152823,0.9953734190635692,0.02,0.7295285376739539,7.253539086173087,1.165032632707312
0.017206884770918186,0.9953728345915591,0.02,0.729546847802408,7.253538358412107,1.1650310617850035
0.017208511528467252,0.995372263085358,0.02,0.7295647458472747,7.2535376510838345,1.1650295267353934
0.017210101252216847,0.9953717042546372,0.02,0.7295822412207035,7.253536963568742,1.1650280267218966
0.017211654799428877,0.9953711578156528,0.02,0.7295993431155143,7.253536295267445,1.1650265609279824
0.01721317300709102,0.9953706234910931,0.02,0.7296160605104484,7.253535645600016,1.1650251285566762
0.017214656692410603,0.9953701010099322,0.02,0.7296324021752888,7.253535014005316,1.1650237288300744
0.017216106653294427,0.9953695901072809,0.02,0.7296483766758537,7.2535343999403485,1.1650223609888744
0.017217523668818013,0.9953690905242499,0.02,0.7296639923788674,7.253533802879639,1.1650210242919126
0.017218908499681863,0.9953686020078084,0.02,0.7296792574567085,7.25353322231464,1.1650197180157176
0.017220261888655997,0.9953681243106506,0.02,0.7296941798920438,7.253532657753148,1.1650184414540738
0.017221584561015368,0.9953676571910636,0.02,0.7297087674823466,7.253532108718751,1.1650171939175944
0.017222877224960853,0.9953672004127987,0.02,0.7297230278443014,7.253531574750291,1.1650159747333095
0.017224140572034318,0.995366753744946,0.02,0.7297369684181043,7.253531055401341,1.1650147832442597
0.017225375277518353,0.995366316961812,0.02,0.7297505964716553,7.253530550239712,1.1650136188091045
0.017226582000830406,0.9953658898427995,0.02,0.729763919104647,7.253530058846967,1.1650124808017372
0.017227761385903408,0.9953654721722902,0.02,0.7297769432525554,7.253529580817955,1.1650113686109127
0.017228914061560553,0.9953650637395322,0.02,0.7297896756905318,7.253529115760364,1.1650102816398826
0.017230040641876478,0.9953646643385263,0.02,0.729802123037196,7.25352866329429,1.1650092193060393
0.017231141726533748,0.9953642737679189,0.02,0.7298142917583451,7.253528223051815,1.1650081810405724
0.017232217901168134,0.9953638918308947,0.02,0.7298261881705614,7.25352779467661,1.165007166288129
0.017233269737705205,0.995363518335073,0.02,0.7298378184447416,7.253527377823537,1.1650061745064866
0.01723429779468877,0.9953631530924066,0.02,0.7298491886095336,7.253526972158285,1.1650052051662334
0.017235302617603244,0.9953627959190827,0.02,0.7298603045546926,7.253526577357,1.1650042577504547
0.017236284739184884,0.9953624466354256,0.02,0.7298711720343533,7.253526193105942,1.1650033317544293
0.017237244679727228,0.9953621050658034,0.02,0.7298817966702276,7.2535258191011405,1.1650024266853327
0.01723818294737829,0.9953617710385332,0.02,0.7298921839547178,7.253525455048076,1.165001542061949
0.017239100038431897,0.9953614443857948,0.02,0.7299023392539584,7.253525100661364,1.1650006774143884
0.01723999643760905,0.9953611249435393,0.02,0.7299122678107847,7.2535247556644515,1.1649998322838115
0.017240872618335047,0.9953608125514048,0.02,0.7299219747476289,7.253524419789324,1.1649990062221633
0.0172417290430086,0.9953605070526321,0.02,0.7299314650693424,7.253524092776226,1.1649981987919116
0.017242566163264073,0.9953602082939814,0.02,0.7299407436659567,7.253523774373389,1.1649974095657913
0.017243384420229102,0.9953599161256556,0.02,0.7299498153153735,7.253523464336762,1.1649966381265577
0.01724418424477181,0.9953596304012174,0.02,0.7299586846859875,7.253523162429768,1.1649958840667447
0.01724496605774799,0.9953593509775162,0.02,0.7299673563392541,7.25352286842305,1.1649951469884277
0.017245730270236792,0.9953590777146122,0.02,0.7299758347321865,7.253522582094241,1.1649944265029941
0.017246477283773487,0.9953588104757041,0.02,0.7299841242197985,7.253522303227732,1.1649937222309197
0.017247207490575223,0.9953585491270562,0.02,0.7299922290574851,7.253522031614453,1.1649930338015502
0.017247921273763112,0.9953582935379311,0.02,0.7300001534033496,7.253521767051659,1.164992360852886
0.017248619007577282,0.9953580435805199,0.02,0.7300079013204731,7.253521509342726,1.1649917030313774
0.017249301057586198,0.995357799129876,0.02,0.7300154767791247,7.2535212582969555,1.164991059991719
0.017249967780893116,0.9953575600638513,0.02,0.7300228836589309,7.253521013729374,1.1649904313966541
0.017250619526336178,0.9953573262630312,0.02,0.730030125750981,7.253520775460556,1.1649898169167812
0.0172512566346825,0.9953570976106737,0.02,0.7300372067598865,7.253520543316444,1.164989216230365
0.01725187943881983,0.9953568739926485,0.02,0.7300441303057952,7.2535203171281735,1.1649886290231555
0.017252488263942812,0.9953566552973787,0.02,0.7300508999263515,7.253520096731906,1.1649880549882066
0.01725308342773282,0.9953564414157814,0.02,0.7300575190786125,7.253519881968673,1.1649874938257034
0.017253665240537154,0.9953562322412116,0.02,0.7300639911409179,7.253519672684213,1.164986945242791
0.017254234005540582,0.9953560276694097,0.02,0.7300703194147172,7.253519468728828,1.16498640895341
0.017254790018933375,0.9953558275984433,0.02,0.7300765071263521,7.253519269957236,1.1649858846781338
0.017255333570077136,0.9953556319286577,0.02,0.7300825574287946,7.253519076228426,1.1649853721440098
0.017255864941665134,0.9953554405626234,0.02,0.7300884734033481,7.253518887405533,1.1649848710844075
0.01725638440987869,0.9953552534050862,0.02,0.7300942580613032,7.253518703355694,1.1649843812388676
0.017256892244539482,0.9953550703629175,0.02,0.73009991434556,7.253518523949936,1.1649839023529547
0.017257388709260503,0.9953548913450668,0.02,0.7301054451322069,7.253518349063038,1.1649834341781151
0.017257874061590052,0.9953547162625145,0.02,0.7301108532320635,7.253518178573426,1.1649829764715378
0.01725834855315487,0.9953545450282265,0.02,0.7301161413921895,7.253518012363053,1.1649825289960174
0.017258812429798567,0.9953543775571091,0.02,0.7301213122973542,7.25351785031729,1.164982091519823
0.017259265931716984,0.995354213765966,0.02,0.730126368571475,7.253517692324814,1.164981663816567
0.017259709293590643,0.9953540535734536,0.02,0.730131312779017,7.253517538277515,1.1649812456650808
0.017260142744713592,0.9953538969000423,0.02,0.7301361474263663,7.253517388070388,1.1649808368492893
0.017260566509118624,0.9953537436679722,0.02,0.7301408749631646,7.25351724160144,1.164980437158093
0.01726098080570244,0.9953535938012167,0.02,0.7301454977836155,7.253517098771595,1.1649800463852495
0.017261385848342914,0.9953534472254402,0.02,0.730150018227763,7.253516959484607,1.1649796643292594
0.017261781846017635,0.9953533038679632,0.02,0.7301544385827302,7.25351682364697,1.1649792907932544
0.017262169002918482,0.9953531636577228,0.02,0.7301587610839411,7.2535166911678335,1.1649789255848886
0.01726254751856182,0.9953530265252372,0.02,0.730162987916305,7.253516561958925,1.1649785685162326
0.017262917587898906,0.9953528924025696,0.02,0.7301671212153781,7.253516435934466,1.1649782194036689
0.017263279401421538,0.9953527612232952,0.02,0.7301711630684928,7.253516313011098,1.164977878067792
0.017263633145266355,0.9953526329224651,0.02,0.7301751155158664,7.253516193107811,1.1649775443333068
0.017263979001314756,0.9953525074365739,0.02,0.7301789805516797,7.253516076145868,1.1649772180289368
0.01726431714729402,0.9953523847035284,0.02,0.7301827601251328,7.2535159620487395,1.164976898987327
0.017264647756871598,0.9953522646626137,0.02,0.7301864561414714,7.253515850742035,1.164976587044951
0.01726497099975195,0.9953521472544657,0.02,0.7301900704630003,7.253515742153438,1.1649762820420246
0.017265287041765064,0.9953520324210358,0.02,0.7301936049100565,7.253515636212646,1.1649759838224165
0.017265596044960606,0.9953519201055664,0.02,0.7301970612619766,7.253515532851306,1.1649756922335628
0.017265898167691973,0.9953518102525595,0.02,0.7302004412580295,7.253515432002962,1.1649754071263851
0.01726619356470438,0.9953517028077483,0.02,0.7302037465983328,7.25351533360299,1.1649751283552077
0.017266482387216266,0.9953515977180706,0.02,0.730206978944748,7.253515237588551,1.1649748557776793
0.017266764783003576,0.9953514949316409,0.02,0.7302101399217517,7.253515143898534,1.1649745892546954
0.01726704089647715,0.9953513943977255,0.02,0.7302132311172903,7.253515052473506,1.164974328650322
0.017267310868762032,0.9953512960667142,0.02,0.7302162540836119,7.253514963255661,1.1649740738317231
0.017267574837772883,0.9953511998900986,0.02,0.7302192103380801,7.253514876188775,1.1649738246690873
0.017267832938287864,0.9953511058204438,0.02,0.7302221013639701,7.253514791218152,1.1649735810355588
0.01726808530202195,0.9953510138113675,0.02,0.730224928611243,7.253514708290591,1.1649733428071682
0.017268332057697046,0.9953509238175146,0.02,0.7302276934973054,7.2535146273543285,1.1649731098627654
0.017268573331111425,0.9953508357945345,0.02,0.7302303974077508,7.253514548359007,1.1649728820839536
0.01726880924520635,0.9953507496990597,0.02,0.7302330416970807,7.253514471255629,1.1649726593550283
0.017269039920133223,0.995350665488682,0.02,0.7302356276894159,7.25351439599652,1.1649724415629104
0.017269265473317107,0.995350583121933,0.02,0.7302381566791813,7.253514322535285,1.1649722285970898
0.01726948601951983,0.9953505025582623,0.02,0.7302406299317853,7.253514250826777,1.1649720203495635
0.017269701670900875,0.9953504237580164,0.02,0.7302430486842771,7.253514180827058,1.1649718167147785
0.01726991253707775,0.9953503466824194,0.02,0.7302454141459895,7.253514112493367,1.164971617589574
0.017270118725184424,0.9953502712935538,0.02,0.7302477274991679,7.25351404578408,1.1649714228731285
0.01727032033992786,0.9953501975543403,0.02,0.7302499898995867,7.253513980658682,1.1649712324669037
0.017270517483644922,0.9953501254285195,0.02,0.7302522024771467,7.253513917077738,1.1649710462745928
0.017270710256355626,0.9953500548806341,0.02,0.7302543663364636,7.253513855002854,1.1649708642020684
0.017270898755817776,0.9953499858760109,0.02,0.7302564825574395,7.253513794396654,1.1649706861573335
0.017271083077576722,0.9953499183807425,0.02,0.7302585521958241,7.253513735222748,1.164970512050471
0.017271263315018603,0.9953498523616716,0.02,0.7302605762837595,7.253513677445706,1.164970341793597
0.017271439559417633,0.9953497877863726,0.02,0.7302625558303152,7.2535136210310265,1.1649701753008133
0.017271611899986983,0.9953497246231371,0.02,0.7302644918220105,7.253513565945116,1.1649700124881621
0.01727178042392339,0.9953496628409566,0.02,0.7302663852233247,7.253513512155261,1.1649698532735815
0.017271945216455496,0.9953496024095075,0.02,0.7302682369771931,7.253513459629601,1.1649696975768615
0.01727210636088692,0.9953495432991359,0.02,0.7302700480054974,7.253513408337106,1.1649695453196018
0.017272263938642854,0.9953494854808426,0.02,0.7302718192095372,7.253513358247557,1.164969396425171
0.017272418029310434,0.9953494289262683,0.02,0.7302735514704972,7.253513309331516,1.164969250818665
0.017272568710682456,0.9953493736076795,0.02,0.7302752456499026,7.25351326156031,1.164969108426867
0.01727271605879768,0.995349319497955,0.02,0.7302769025900575,7.253513214906008,1.1649689691782104
0.017272860147981153,0.9953492665705719,0.02,0.7302785231144852,7.2535131693414,1.16496883300274
0.01727300105088352,0.9953492147995919,0.02,0.7302801080283461,7.253513124839979,1.1649686998320756
0.017273138838518953,0.9953491641596488,0.02,0.7302816581188544,7.2535130813759165,1.1649685695993761
0.017273273580302596,0.995349114625937,0.02,0.7302831741556817,7.253513038924049,1.1649684422393036
0.017273405344086747,0.9953490661741962,0.02,0.7302846568913524,7.2535129974598584,1.1649683176879888
0.017273534196197416,0.9953490187807017,0.02,0.7302861070616306,7.253512956959454,1.1649681958829994
0.017273660201468078,0.9953489724222516,0.02,0.7302875253858936,7.2535129173995525,1.1649680767633055
0.017273783423274503,0.9953489270761554,0.02,0.7302889125675073,7.253512878757467,1.1649679602692478
0.01727390392356656,0.9953488827202225,0.02,0.7302902692941796,7.253512841011087,1.1649678463425073
0.017274021762903026,0.995348839332751,0.02,0.7302915962383172,7.253512804138862,1.1649677349260736
0.017274137000481506,0.995348796892517,0.02,0.7302928940573674,7.253512768119789,1.1649676259642163
0.017274249694169484,0.9953487553787645,0.02,0.7302941633941552,7.2535127329333955,1.164967519402455
0.01727435990053521,0.9953487147711942,0.02,0.7302954048772106,7.253512698559727,1.1649674151875302
0.017274467674876635,0.9953486750499541,0.02,0.7302966191210905,7.253512664979332,1.1649673132673781
0.017274573071251353,0.9953486361956286,0.02,0.7302978067266933,7.253512632173249,1.1649672135910998
0.01727467614250309,0.9953485981892297,0.02,0.7302989682815648,7.253512600122989,1.1649671161089383
0.01727477694029107,0.9953485610121876,0.02,0.7303001043601967,7.2535125688105335,1.1649670207722498
0.017274875515115327,0.9953485246463409,0.02,0.7303012155243198,7.253512538218309,1.164966927533481
0.017274971916344396,0.995348489073928,0.02,0.7303023023231933,7.253512508329186,1.1649668363461416
0.01727506619223986,0.9953484542775773,0.02,0.730303365293879,7.253512479126457,1.1649667471647822
0.017275158389981927,0.9953484202403001,0.02,0.7303044049615184,7.253512450593837,1.1649666599449704
0.017275248555694823,0.995348386945481,0.02,0.7303054218396008,7.253512422715441,1.1649665746432667
0.01727533673446848,0.9953483543768699,0.02,0.7303064164302195,7.253512395475782,1.1649664912172029
0.01727542297038409,0.9953483225185744,0.02,0.7303073892243319,7.253512368859753,1.1649664096252597
0.01727550730653622,0.9953482913550509,0.02,0.7303083407020065,7.253512342852625,1.1649663298268462
0.017275589785054946,0.9953482608710977,0.02,0.7303092713326659,7.25351231744003,1.1649662517822776
0.017275670447128147,0.9953482310518466,0.02,0.7303101815753278,7.253512292607957,1.1649661754527552
0.017275749333022207,0.9953482018827577,0.02,0.7303110718788332,7.253512268342739,1.1649661008003465
0.017275826482103396,0.9953481733496089,0.02,0.7303119426820798,7.253512244631042,1.164966027787965
0.01727590193285773,0.9953481454384911,0.02,0.7303127944142402,7.253512221459866,1.1649659563793529
0.017275975722911643,0.9953481181358016,0.02,0.7303136274949783,7.253512198816525,1.1649658865390593
0.01727604788905055,0.9953480914282348,0.02,0.7303144423346671,7.253512176688644,1.1649658182324252
0.0172761184672382,0.9953480653027782,0.02,0.73031523933459,7.2535121550641515,1.1649657514255636
0.017276187492635396,0.9953480397467054,0.02,0.7303160188871484,7.253512133931271,1.1649656860853426
0.017276254999618157,0.9953480147475688,0.02,0.7303167813760574,7.253512113278513,1.164965622179369
0.017276321021794595,0.9953479902931941,0.02,0.7303175271765407,7.253512093094667,1.16496555967597
0.017276385592023536,0.9953479663716744,0.02,0.7303182566555204,7.253512073368794,1.1649654985441793
0.017276448742430263,0.9953479429713642,0.02,0.7303189701718011,7.253512054090224,1.1649654387537196
0.01727651050442416,0.9953479200808731,0.02,0.7303196680762524,7.253512035248542,1.1649653802749869
0.01727657090871342,0.9953478976890607,0.02,0.7303203507119831,7.253512016833587,1.164965323079036
0.017276629985322534,0.9953478757850318,0.02,0.7303210184145199,7.2535119988354415,1.1649652671375665
0.01727668776360618,0.9953478543581294,0.02,0.7303216715119679,7.253511981244431,1.164965212422906
0.017276744272265377,0.9953478333979304,0.02,0.7303223103251848,7.253511964051112,1.1649651589079983
0.017276799539360965,0.99534781289424,0.02,0.7303229351679353,7.253511947246268,1.1649651065663882
0.01727685359232971,0.9953477928370874,0.02,0.7303235463470529,7.253511930820904,1.1649650553722088
0.017276906457997156,0.9953477732167206,0.02,0.730324144162595,7.253511914766244,1.164965005300167
0.017276958162591782,0.9953477540236007,0.02,0.7303247289079894,7.253511899073716,1.1649649563255324
0.017277008731757703,0.9953477352483984,0.02,0.7303253008701857,7.253511883734961,1.1649649084241231
0.017277058190569152,0.9953477168819885,0.02,0.7303258603297985,7.253511868741815,1.1649648615722947
0.017277106563541957,0.9953476989154464,0.02,0.7303264075612478,7.25351185408631,1.1649648157469272
0.0172771538746471,0.9953476813400425,0.02,0.7303269428328961,7.253511839760669,1.1649647709254136
0.017277200147322102,0.9953476641472384,0.02,0.7303274664071855,7.253511825757299,1.1649647270856485
0.01727724540448412,0.9953476473286836,0.02,0.7303279785407674,7.253511812068789,1.1649646842060164
0.017277289668539697,0.9953476308762095,0.02,0.7303284794846305,7.253511798687904,1.1649646422653823
0.01727733296139875,0.9953476147818268,0.02,0.7303289694842283,7.2535117856075795,1.164964601243078
0.017277375304483256,0.9953475990377217,0.02,0.7303294487796028,7.253511772820921,1.1649645611188957
0.01727741671874028,0.9953475836362504,0.02,0.7303299176055014,7.253511760321195,1.164964521873073
0.017277457224651505,0.9953475685699376,0.02,0.7303303761914973,7.253511748101827,1.164964483486287
0.017277496842243157,0.995347553831471,0.02,0.7303308247621042,7.253511736156401,1.164964445939642
0.017277535591097393,0.9953475394136985,0.02,0.7303312635368864,7.253511724478651,1.1649644092146607
0.01727757349036214,0.9953475253096246,0.02,0.730331692730571,7.253511713062456,1.164964373293276
0.01727761055875947,0.9953475115124071,0.02,0.7303321125531539,7.253511701901844,1.1649643381578194
0.01727764681459685,0.995347498015353,0.02,0.7303325232100063,7.253511690990979,1.1649643037910142
0.01727768227577549,0.9953474848119167,0.02,0.7303329249019748,7.2535116803241655,1.1649642701759655
0.017277716959799183,0.9953474718956946,0.02,0.7303333178254834,7.253511669895841,1.1649642372961528
0.017277750883784627,0.9953474592604246,0.02,0.7303337021726317,7.253511659700571,1.16496420513542
0.01727778406446756,0.9953474468999799,0.02,0.7303340781312906,7.253511649733053,1.1649641736779697
0.017277816518214185,0.9953474348083696,0.02,0.7303344458851938,7.253511639988104,1.1649641429083524
0.017277848261027295,0.9953474229797321,0.02,0.7303348056140341,7.253511630460666,1.164964112811461
0.01727787930855542,0.9953474114083353,0.02,0.7303351574935475,7.253511621145796,1.1649640833725217
0.017277909676100323,0.9953474000885718,0.02,0.7303355016956042,7.253511612038668,1.164964054577087
0.01727793937862483,0.9953473890149568,0.02,0.7303358383882944,7.25351160313457,1.1649640264110297
0.017277968430760706,0.9953473781821259,0.02,0.7303361677360105,7.253511594428896,1.1649639988605338
0.017277996846815323,0.9953473675848312,0.02,0.7303364898995289,7.25351158591715,1.1649639719120877
0.017278024640779766,0.9953473572179402,0.02,0.7303368050360911,7.253511577594941,1.16496394555248
0.017278051826335773,0.9953473470764325,0.02,0.7303371132994815,7.253511569457977,1.164963919768789
0.017278078416861353,0.995347337155397,0.02,0.7303374148401038,7.253511561502069,1.1649638945483798
0.017278104425439512,0.9953473274500304,0.02,0.7303377098050551,7.253511553723123,1.1649638698788949
0.017278129864863344,0.9953473179556338,0.02,0.7303379983382006,7.25351154611714,1.1649638457482507
0.01727815474764367,0.9953473086676118,0.02,0.730338280580243,7.253511538680216,1.1649638221446288
0.017278179086013545,0.9953472995814684,0.02,0.7303385566687935,7.253511531408533,1.164963799056473
0.017278202891936822,0.995347290692807,0.02,0.7303388267384425,7.253511524298365,1.1649637764724807
0.017278226177112124,0.9953472819973258,0.02,0.7303390909208209,7.25351151734607,1.1649637543815994
0.01727824895297998,0.995347273490818,0.02,0.7303393493446702,7.253511510548091,1.1649637327730196
0.01727827123072756,0.9953472651691675,0.02,0.7303396021359048,7.253511503900953,1.1649637116361702
0.01727829302129602,0.9953472570283497,0.02,0.7303398494176735,7.253511497401259,1.1649636909607128
0.017278314335383585,0.9953472490644265,0.02,0.7303400913104214,7.2535114910456935,1.1649636707365374
0.017278335183452745,0.9953472412735466,0.02,0.7303403279319506,7.253511484831016,1.1649636509537566
0.017278355575735184,0.9953472336519417,0.02,0.7303405593974763,7.253511478754057,1.1649636316027
0.017278375522236655,0.9953472261959272,0.02,0.730340785819687,7.253511472811727,1.1649636126739111
0.01727839503274178,0.9953472189018985,0.02,0.7303410073087953,7.253511467001,1.164963594158141
0.01727841411681943,0.995347211766329,0.02,0.7303412239725994,7.253511461318924,1.1649635760463453
0.017278432783826746,0.9953472047857695,0.02,0.7303414359165288,7.253511455762613,1.1649635583296771
0.017278451042915612,0.9953471979568463,0.02,0.7303416432437034,7.253511450329247,1.1649635409994856
0.017278468903035395,0.9953471912762591,0.02,0.7303418460549796,7.253511445016071,1.1649635240473097
0.01727848637293754,0.9953471847407798,0.02,0.7303420444490025,7.253511439820391,1.1649635074648748
0.017278503461181673,0.99534717834725,0.02,0.7303422385222537,7.253511434739579,1.164963491244088
0.017278520176137648,0.9953471720925812,0.02,0.7303424283690991,7.253511429771064,1.1649634753770346
0.017278536525991296,0.9953471659737517,0.02,0.7303426140818379,7.253511424912331,1.1649634598559737
0.017278552518748103,0.9953471599878063,0.02,0.7303427957507431,7.253511420160928,1.164963444673335
0.01727856816223703,0.9953471541318534,0.02,0.7303429734641117,7.253511415514454,1.1649634298217144
0.01727858346411415,0.9953471484030647,0.02,0.7303431473083029,7.2535114109705665,1.1649634152938706
0.017278598431867388,0.9953471427986744,0.02,0.7303433173677863,7.2535114065269735,1.164963401082721
0.01727861307281957,0.9953471373159762,0.02,0.7303434837251793,7.253511402181437,1.1649633871813394
0.017278627394131996,0.9953471319523229,0.02,0.7303436464612894,7.253511397931768,1.1649633735829517
0.01727864140280875,0.9953471267051247,0.02,0.7303438056551531,7.2535113937758275,1.1649633602809315
0.01727865510569939,0.9953471215718495,0.02,0.7303439613840769,7.2535113897115275,1.1649633472687997
0.017278668509502507,0.9953471165500192,0.02,0.7303441137236747,7.253511385736824,1.164963334540218
0.017278681620769464,0.99534711163721,0.02,0.730344262747903,7.253511381849722,1.1649633220889881
0.017278694445907773,0.9953471068310514,0.02,0.7303444085290993,7.25351137804827,1.1649633099090475
0.017278706991182904,0.995347102129224,0.02,0.7303445511380184,7.253511374330561,1.164963297994467
0.01727871926272373,0.9953470975294592,0.02,0.7303446906438644,7.253511370694731,1.1649632863394468
0.01727873126652342,0.9953470930295379,0.02,0.7303448271143282,7.25351136713896,1.164963274938316
0.017278743008443856,0.9953470886272894,0.02,0.7303449606156179,7.253511363661466,1.1649632637855263
0.017278754494217563,0.9953470843205898,0.02,0.7303450912124934,7.253511360260509,1.1649632528756524
0.01727876572945126,0.9953470801073621,0.02,0.7303452189682965,7.253511356934389,1.1649632422033869
0.017278776719628342,0.9953470759855746,0.02,0.7303453439449857,7.253511353681444,1.1649632317635403
0.01727878747011149,0.995347071953239,0.02,0.7303454662031589,7.253511350500046,1.164963221551036
0.017278797986145712,0.9953470680084113,0.02,0.7303455858020937,7.253511347388611,1.1649632115609085
0.01727880827286099,0.9953470641491893,0.02,0.7303457027997676,7.253511344345582,1.1649632017883018
0.017278818335273893,0.9953470603737122,0.02,0.7303458172528908,7.253511341369444,1.164963192228466
0.017278828178291183,0.9953470566801603,0.02,0.7303459292169343,7.253511338458713,1.164963182876756
0.017278837806712043,0.9953470530667532,0.02,0.7303460387461546,7.253511335611939,1.1649631737286268
0.017278847225229522,0.9953470495317485,0.02,0.7303461458936228,7.253511332827704,1.1649631647796355
0.017278856438434475,0.995347046073443,0.02,0.7303462507112488,7.2535113301046215,1.1649631560254343
0.017278865450816028,0.9953470426901699,0.02,0.7303463532498085,7.253511327441338,1.1649631474617719
0.01727887426676571,0.995347039380299,0.02,0.7303464535589674,7.25351132483653,1.1649631390844897
0.017278882890577708,0.9953470361422352,0.02,0.7303465516873058,7.253511322288901,1.164963130889521
0.017278891326452418,0.9953470329744188,0.02,0.7303466476823414,7.2535113197971866,1.1649631228728865
0.01727889957849793,0.9953470298753228,0.02,0.7303467415905543,7.25351131736015,1.1649631150306956
0.017278907650732457,0.9953470268434549,0.02,0.7303468334574084,7.253511314976581,1.1649631073591427
0.017278915547085584,0.9953470238773545,0.02,0.7303469233273735,7.253511312645299,1.1649630998545046
0.017278923271400973,0.995347020975593,0.02,0.7303470112439503,7.253511310365146,1.1649630925131405
0.0172789308274373,0.9953470181367724,0.02,0.7303470972496864,7.253511308134993,1.164963085331489
0.017278938218872164,0.9953470153595263,0.02,0.7303471813862011,7.253511305953735,1.1649630783060665
0.01727894544930111,0.9953470126425165,0.02,0.7303472636942058,7.253511303820293,1.1649630714334662
0.01727895252224181,0.995347009984435,0.02,0.7303473442135209,7.25351130173361,1.1649630647103553
0.017278959441133734,0.9953470073840021,0.02,0.7303474229830974,7.253511299692654,1.1649630581334742
0.017278966209341995,0.9953470048399659,0.02,0.7303475000410368,7.253511297696416,1.1649630516996339
0.017278972830157335,0.9953470023511015,0.02,0.730347575424607,7.253511295743909,1.1649630454057167
0.01727897930679867,0.9953469999162101,0.02,0.730347649170265,7.253511293834168,1.1649630392486716
0.017278985642414525,0.9953469975341209,0.02,0.730347721313668,7.253511291966251,1.1649630332255156
0.017278991840083215,0.9953469952036867,0.02,0.7303477918896988,7.253511290139234,1.1649630273333293
0.01727899790281715,0.9953469929237859,0.02,0.730347860932476,7.253511288352217,1.164963021569259
0.017279003833562002,0.9953469906933216,0.02,0.7303479284753737,7.253511286604318,1.1649630159305118
0.01727900963519875,0.99534698851122,0.02,0.7303479945510396,7.253511284894675,1.164963010414357
0.017279015310545542,0.9953469863764316,0.02,0.7303480591914072,7.253511283222444,1.164963005018123
0.017279020862358486,0.9953469842879288,0.02,0.730348122427714,7.253511281586803,1.1649629997391968
0.01727902629333431,0.9953469822447072,0.02,0.730348184290515,7.253511279986946,1.1649629945750228
0.017279031606109066,0.9953469802457834,0.02,0.7303482448096994,7.253511278422085,1.1649629895231006
0.017279036803262416,0.9953469782901961,0.02,0.7303483040145039,7.253511276891449,1.1649629845809848
0.017279041887317104,0.9953469763770043,0.02,0.7303483619335275,7.253511275394286,1.1649629797462837
0.017279046860740468,0.9953469745052884,0.02,0.7303484185947464,7.253511273929859,1.1649629750166572
0.017279051725945637,0.9953469726741475,0.02,0.7303484740255238,7.253511272497447,1.164962970389817
0.017279056485293865,0.9953469708827009,0.02,0.7303485282526301,7.2535112710963485,1.1649629658635243
0.017279061141093857,0.9953469691300881,0.02,0.7303485813022481,7.253511269725873,1.1649629614355896
0.01727906569560378,0.9953469674154651,0.02,0.7303486331999918,7.253511268385348,1.1649629571038709
0.01727907015103325,0.9953469657380082,0.02,0.7303486839709162,7.253511267074116,1.1649629528662728
0.017279074509542337,0.9953469640969106,0.02,0.7303487336395305,7.2535112657915315,1.1649629487207467
0.01727907877324486,0.9953469624913831,0.02,0.7303487822298086,7.253511264536967,1.1649629446652876
0.01727908294420786,0.9953469609206542,0.02,0.7303488297652022,7.2535112633098064,1.1649629406979345
0.017279087024453157,0.9953469593839686,0.02,0.7303488762686525,7.253511262109447,1.1649629368167693
0.01727909101595855,0.9953469578805877,0.02,0.7303489217625995,7.253511260935301,1.1649629330199163
0.0172790949206586,0.9953469564097889,0.02,0.730348966268994,7.253511259786794,1.1649629293055401
0.01727909874044562,0.9953469549708653,0.02,0.7303490098093102,7.253511258663362,1.1649629256718457
0.017279102477169996,0.9953469535631252,0.02,0.730349052404552,7.253511257564456,1.1649629221170765
0.01727910613264245,0.9953469521858921,0.02,0.730349094075267,7.253511256489536,1.1649629186395156
0.017279109708633666,0.9953469508385041,0.02,0.7303491348415553,7.2535112554380765,1.1649629152374825
0.01727911320687554,0.995346949520314,0.02,0.7303491747230788,7.253511254409564,1.1649629119093337
0.01727911662906232,0.9953469482306878,0.02,0.7303492137390689,7.253511253403494,1.1649629086534619
0.017279119976851654,0.995346946969007,0.02,0.7303492519083422,7.253511252419376,1.164962905468294
0.017279123251863607,0.9953469457346644,0.02,0.7303492892493015,7.253511251456727,1.1649629023522918
0.01727912645568415,0.9953469445270675,0.02,0.7303493257799514,7.253511250515078,1.164962899303951
0.017279129589864307,0.9953469433456359,0.02,0.7303493615179026,7.253511249593967,1.1649628963217993
0.017279132655921094,0.9953469421898022,0.02,0.7303493964803832,7.253511248692946,1.164962893404397
0.017279135655338163,0.9953469410590114,0.02,0.7303494306842455,7.253511247811573,1.1649628905503362
0.017279138589566978,0.9953469399527198,0.02,0.7303494641459757,7.253511246949419,1.164962887758238
0.01727914146002727,0.9953469388703967,0.02,0.7303494968817006,7.253511246106062,1.164962885026756
0.01727914426810797,0.9953469378115222,0.02,0.7303495289071943,7.253511245281092,1.1649628823545708
0.017279147015167483,0.9953469367755874,0.02,0.7303495602378897,7.253511244474105,1.1649628797403941
0.017279149702534368,0.9953469357620952,0.02,0.7303495908888838,7.253511243684708,1.1649628771829637
0.01727915233150834,0.9953469347705584,0.02,0.7303496208749427,7.2535112429125155,1.1649628746810459
0.017279154903360894,0.9953469338005015,0.02,0.7303496502105125,7.253511242157151,1.1649628722334335
0.017279157419335636,0.9953469328514588,0.02,0.7303496789097252,7.253511241418247,1.1649628698389458
0.01727915988064881,0.9953469319229741,0.02,0.730349706986404,7.253511240695442,1.164962867496428
0.01727916228849058,0.995346931014602,0.02,0.7303497344540719,7.253511239988385,1.1649628652047503
0.01727916464402448,0.9953469301259062,0.02,0.7303497613259582,7.253511239296731,1.164962862962807
0.017279166948389803,0.9953469292564605,0.02,0.7303497876150031,7.253511238620145,1.1649628607695177
0.01727916920269954,0.995346928405847,0.02,0.7303498133338662,7.2535112379582944,1.164962858623824
0.017279171408043248,0.9953469275736578,0.02,0.7303498384949312,7.253511237310859,1.1649628565246923
0.017279173565486583,0.9953469267594933,0.02,0.7303498631103114,7.2535112366775225,1.1649628544711097
0.017279175676071845,0.995346925962963,0.02,0.7303498871918584,7.253511236057978,1.1649628524620865
0.01727917774081882,0.9953469251836842,0.02,0.7303499107511645,7.253511235451923,1.164962850496655
0.017279179760724662,0.9953469244212834,0.02,0.7303499337995714,7.253511234859064,1.1649628485738674
0.017279181736765147,0.995346923675394,0.02,0.7303499563481716,7.253511234279111,1.1649628466927966
0.017279183669894584,0.995346922945659,0.02,0.7303499784078187,7.253511233711784,1.1649628448525366
0.01727918556104624,0.9953469222317277,0.02,0.7303499999891286,7.253511233156805,1.1649628430522003
0.01727918741113359,0.9953469215332575,0.02,0.7303500211024867,7.2535112326139055,1.1649628412909208
0.01727918922105016,0.995346920849913,0.02,0.7303500417580535,7.253511232082822,1.1649628395678493
0.017279190991669104,0.9953469201813677,0.02,0.730350061965767,7.253511231563296,1.1649628378821557
0.017279192723845614,0.9953469195272995,0.02,0.7303500817353507,7.253511231055075,1.1649628362330278
0.01727919441841528,0.995346918887395,0.02,0.7303501010763149,7.253511230557913,1.1649628346196712
0.01727919607619659,0.9953469182613471,0.02,0.7303501199979642,7.253511230071567,1.164962833041309
0.01727919769798938,0.9953469176488557,0.02,0.7303501385094009,7.253511229595802,1.1649628314971814
0.017279199284576066,0.9953469170496273,0.02,0.7303501566195284,7.253511229130387,1.1649628299865444
0.017279200836722342,0.9953469164633743,0.02,0.7303501743370584,7.253511228675096,1.1649628285086708
0.017279202355176906,0.9953469158898149,0.02,0.7303501916705117,7.2535112282297085,1.1649628270628487
0.017279203840672653,0.9953469153286747,0.02,0.7303502086282234,7.253511227794008,1.1649628256483822
0.01727920529392568,0.9953469147796845,0.02,0.7303502252183489,7.253511227367783,1.1649628242645906
0.01727920671563732,0.9953469142425807,0.02,0.7303502414488661,7.2535112269508275,1.1649628229108075
0.017279208106493173,0.995346913717106,0.02,0.7303502573275782,7.253511226542939,1.1649628215863814
0.017279209467163704,0.9953469132030083,0.02,0.7303502728621191,7.253511226143919,1.1649628202906745
0.01727921079830581,0.9953469127000414,0.02,0.7303502880599589,7.253511225753575,1.1649628190230639
0.017279212100560493,0.9953469122079638,0.02,0.7303503029284029,7.253511225371717,1.1649628177829385
0.01727921337455587,0.9953469117265393,0.02,0.7303503174745977,7.253511224998162,1.1649628165697026
0.017279214620906227,0.9953469112555376,0.02,0.7303503317055368,7.253511224632726,1.1649628153827716
0.017279215840212525,0.9953469107947329,0.02,0.7303503456280596,7.253511224275234,1.164962814221575
0.017279217033062254,0.9953469103439039,0.02,0.7303503592488573,7.253511223925513,1.1649628130855538
0.017279218200030578,0.9953469099028347,0.02,0.7303503725744771,7.253511223583393,1.1649628119741617
0.01727921934167953,0.995346909471314,0.02,0.7303503856113212,7.253511223248708,1.164962810886864
0.01727922045855943,0.9953469090491344,0.02,0.7303503983656557,7.253511222921296,1.1649628098231375
0.017279221551208958,0.9953469086360945,0.02,0.7303504108436083,7.2535112226009995,1.1649628087824708
0.017279222620153533,0.9953469082319951,0.02,0.7303504230511754,7.253511222287663,1.1649628077643637
0.017279223665909192,0.9953469078366435,0.02,0.7303504349942214,7.253511221981134,1.1649628067683258
0.01727922468897938,0.9953469074498499,0.02,0.7303504466784843,7.253511221681266,1.1649628057938786
0.01727922568985656,0.9953469070714286,0.02,0.7303504581095774,7.253511221387912,1.1649628048405531
0.017279226669023175,0.9953469067011987,0.02,0.7303504692929922,7.253511221100932,1.1649628039078914
0.01727922762695118,0.9953469063389826,0.02,0.7303504802340997,7.253511220820186,1.1649628029954453
0.01727922856410098,0.9953469059846065,0.02,0.7303504909381573,7.253511220545537,1.1649628021027751
0.01727922948092484,0.9953469056379012,0.02,0.7303505014103041,7.253511220276855,1.1649628012294533
0.017279230377863452,0.9953469052987,0.02,0.7303505116555704,7.253511220014008,1.1649628003750583
0.017279231255349425,0.9953469049668402,0.02,0.7303505216788763,7.253511219756871,1.1649627995391802
0.01727923211380462,0.9953469046421635,0.02,0.730350531485035,7.2535112195053175,1.1649627987214175
0.017279232953642688,0.9953469043245136,0.02,0.7303505410787559,7.253511219259227,1.164962797921377
0.017279233775267945,0.9953469040137389,0.02,0.7303505504646456,7.253511219018481,1.1649627971386742
0.017279234579075344,0.9953469037096906,0.02,0.7303505596472106,7.253511218782962,1.1649627963729323
0.017279235365452617,0.9953469034122222,0.02,0.7303505686308607,7.253511218552557,1.1649627956237845
0.01727923613477782,0.9953469031211917,0.02,0.7303505774199069,7.253511218327155,1.1649627948908698
0.01727923688742088,0.99534690283646,0.02,0.7303505860185703,7.253511218106647,1.164962794173837
0.017279237623744437,0.9953469025578903,0.02,0.730350594430978,7.253511217890926,1.1649627934723406
0.01727923834410268,0.9953469022853493,0.02,0.730350602661169,7.253511217679888,1.1649627927860444
0.017279239048842345,0.9953469020187061,0.02,0.7303506107130929,7.253511217473432,1.1649627921146182
0.017279239738302123,0.9953469017578336,0.02,0.7303506185906148,7.253511217271456,1.1649627914577394
0.017279240412814326,0.9953469015026063,0.02,0.7303506262975158,7.253511217073866,1.1649627908150932
0.017279241072702758,0.9953469012529024,0.02,0.7303506338374947,7.253511216880564,1.1649627901863704
0.017279241718285165,0.9953469010086016,0.02,0.7303506412141698,7.253511216691457,1.1649627895712686
0.017279242349872347,0.9953469007695878,0.02,0.7303506484310818,7.253511216506455,1.1649627889694936
0.017279242967767748,0.9953469005357464,0.02,0.7303506554916932,7.253511216325467,1.1649627883807552
0.017279243572268378,0.9953469003069646,0.02,0.7303506623993918,7.253511216148408,1.1649627878047712
0.017279244163665376,0.9953469000831336,0.02,0.7303506691574932,7.253511215975191,1.1649627872412647
0.017279244742242694,0.9953468998641457,0.02,0.7303506757692386,7.253511215805732,1.164962786689966
0.017279245308279158,0.9953468996498969,0.02,0.7303506822378015,7.253511215639951,1.164962786150609
0.01727924586204619,0.9953468994402837,0.02,0.7303506885662859,7.253511215477767,1.1649627856229363
0.017279246403810688,0.995346899235206,0.02,0.7303506947577252,7.253511215319101,1.164962785106693
0.017279246933832603,0.9953468990345655,0.02,0.7303507008150907,7.253511215163878,1.1649627846016326
0.01727924745236713,0.9953468988382668,0.02,0.7303507067412892,7.253511215012023,1.1649627841075119
0.01727924795966316,0.9953468986462151,0.02,0.730350712539162,7.253511214863462,1.1649627836240941
0.017279248455965002,0.9953468984583186,0.02,0.7303507182114918,7.253511214718124,1.164962783151147
0.017279248941510627,0.9953468982744877,0.02,0.7303507237609972,7.253511214575939,1.1649627826884434
0.017279249416533738,0.9953468980946343,0.02,0.7303507291903413,7.253511214436838,1.1649627822357618
0.017279249881262792,0.995346897918672,0.02,0.7303507345021271,7.253511214300754,1.164962781792884
0.017279250335920815,0.995346897746517,0.02,0.7303507396989021,7.253511214167622,1.1649627813595982
0.01727925078072645,0.9953468975780865,0.02,0.7303507447831598,7.253511214037378,1.1649627809356966
0.017279251215893132,0.9953468974133002,0.02,0.7303507497573367,7.253511213909958,1.1649627805209752
0.01727925164163029,0.9953468972520789,0.02,0.7303507546238182,7.253511213785302,1.1649627801152354
0.01727925205814227,0.9953468970943453,0.02,0.7303507593849384,7.253511213663349,1.1649627797182824
0.01727925246562978,0.9953468969400245,0.02,0.7303507640429804,7.253511213544041,1.1649627793299255
0.017279252864287553,0.9953468967890423,0.02,0.7303507686001761,7.25351121342732,1.164962778949979
0.01727925325430768,0.9953468966413264,0.02,0.730350773058712,7.25351121331313,1.1649627785782601
0.01727925363587759,0.9953468964968061,0.02,0.7303507774207244,7.253511213201417,1.1649627782145906
0.0172792540091806,0.9953468963554125,0.02,0.7303507816883058,7.253511213092126,1.164962777858796
0.017279254374395304,0.9953468962170778,0.02,0.7303507858635007,7.253511212985204,1.164962777510706
0.017279254731697846,0.9953468960817352,0.02,0.730350789948311,7.253511212880601,1.1649627771701532
0.01727925508125978,0.9953468959493208,0.02,0.7303507939446955,7.253511212778266,1.1649627768369741
0.017279255423248374,0.9953468958197708,0.02,0.7303507978545688,7.253511212678149,1.1649627765110095
0.017279255757828405,0.9953468956930229,0.02,0.7303508016798049,7.253511212580203,1.1649627761921029
0.017279256085160632,0.9953468955690173,0.02,0.7303508054222377,7.25351121248438,1.164962775880101
0.01727925640540191,0.995346895447694,0.02,0.7303508090836606,7.2535112123906345,1.1649627755748546
0.017279256718705605,0.9953468953289953,0.02,0.7303508126658292,7.253511212298922,1.1649627752762173
0.01727925702522313,0.9953468952128639,0.02,0.7303508161704593,7.2535112122091965,1.1649627749840454
0.017279257325100782,0.9953468950992451,0.02,0.7303508195992304,7.253511212121416,1.1649627746981992
0.017279257618482837,0.9953468949880834,0.02,0.7303508229537856,7.253511212035539,1.1649627744185416
0.017279257905510482,0.9953468948793267,0.02,0.7303508262357338,7.253511211951523,1.1649627741449384
0.01727925818632068,0.9953468947729224,0.02,0.7303508294466452,7.253511211869328,1.1649627738772583
0.01727925846104863,0.9953468946688195,0.02,0.7303508325880601,7.253511211788914,1.1649627736153736
0.017279258729826455,0.9953468945669681,0.02,0.730350835661483,7.253511211710244,1.1649627733591583
0.017279258992782955,0.9953468944673202,0.02,0.730350838668387,7.253511211633278,1.1649627731084895
0.017279259250044164,0.9953468943698274,0.02,0.7303508416102122,7.25351121155798,1.1649627728632468
0.01727925950173348,0.9953468942744433,0.02,0.7303508444883683,7.253511211484314,1.1649627726233136
0.017279259747972085,0.9953468941811227,0.02,0.7303508473042334,7.253511211412244,1.1649627723885738
0.01727925998887774,0.9953468940898201,0.02,0.7303508500591577,7.253511211341737,1.1649627721589155
0.017279260224566363,0.9953468940004926,0.02,0.7303508527544602,7.253511211272756,1.1649627719342286
0.017279260455150824,0.9953468939130968,0.02,0.7303508553914319,7.2535112112052715,1.164962771714405
0.01727926068074186,0.9953468938275916,0.02,0.7303508579713363,7.253511211139248,1.1649627714993402
0.017279260901447824,0.9953468937439357,0.02,0.7303508604954089,7.253511211074656,1.16496277128893
0.017279261117373924,0.9953468936620892,0.02,0.730350862964859,7.253511211011463,1.1649627710830748
0.01727926132862432,0.9953468935820124,0.02,0.7303508653808695,7.25351121094964,1.1649627708816748
0.017279261535300707,0.9953468935036678,0.02,0.7303508677445968,7.2535112108891555,1.1649627706846342
0.017279261737501585,0.9953468934270177,0.02,0.7303508700571738,7.2535112108299815,1.1649627704918584
0.017279261935324076,0.9953468933520252,0.02,0.7303508723197076,7.25351121077209,1.1649627703032548
0.01727926212886304,0.9953468932786546,0.02,0.7303508745332816,7.253511210715453,1.1649627701187337
0.017279262318211575,0.9953468932068709,0.02,0.7303508766989562,7.253511210660042,1.164962769938206
0.01727926250345997,0.9953468931366393,0.02,0.730350878817769,7.253511210605832,1.1649627697615852
0.017279262684697972,0.9953468930679268,0.02,0.7303508808907331,7.253511210552796,1.1649627695887872
0.017279262862011535,0.9953468930007003,0.02,0.730350882918842,7.253511210500909,1.1649627694197289
0.01727926303548597,0.9953468929349278,0.02,0.7303508849030675,7.253511210450146,1.1649627692543292
0.017279263205204832,0.9953468928705776,0.02,0.7303508868443584,7.253511210400483,1.1649627690925093
0.0172792633712491,0.9953468928076189,0.02,0.730350888743646,7.2535112103518955,1.164962768934191
0.017279263533698665,0.9953468927460221,0.02,0.7303508906018374,7.25351121030436,1.1649627687792994
0.017279263692630664,0.9953468926857572,0.02,0.7303508924198238,7.253511210257854,1.1649627686277597
0.01727926384812242,0.9953468926267957,0.02,0.730350894198475,7.2535112102123565,1.1649627684794992
0.017279264000247884,0.9953468925691088,0.02,0.7303508959386433,7.253511210167844,1.164962768334447
0.01727926414908001,0.9953468925126697,0.02,0.7303508976411601,7.2535112101242945,1.1649627681925336
0.017279264294690243,0.9953468924574512,0.02,0.7303508993068427,7.253511210081689,1.1649627680536916
0.017279264437148202,0.9953468924034264,0.02,0.7303509009364868,7.253511210040006,1.164962767917854
0.01727926457652231,0.9953468923505702,0.02,0.7303509025308732,7.2535112099992265,1.1649627677849554
0.017279264712879484,0.9953468922988571,0.02,0.7303509040907644,7.2535112099593295,1.1649627676549332
0.017279264846284816,0.9953468922482618,0.02,0.7303509056169081,7.253511209920296,1.1649627675277237
0.01727926497680268,0.9953468921987607,0.02,0.7303509071100341,7.253511209882109,1.1649627674032674
0.017279265104495158,0.9953468921503301,0.02,0.7303509085708577,7.253511209844747,1.164962767281504
0.01727926522942358,0.9953468921029469,0.02,0.7303509100000769,7.253511209808196,1.1649627671623752
0.017279265351647987,0.9953468920565883,0.02,0.730350911398377,7.2535112097724355,1.1649627670458238
0.017279265471226535,0.9953468920112319,0.02,0.7303509127664276,7.25351120973745,1.1649627669317948
0.017279265588216998,0.9953468919668566,0.02,0.7303509141048817,7.2535112097032215,1.1649627668202327
0.017279265702675264,0.9953468919234404,0.02,0.7303509154143807,7.2535112096697345,1.1649627667110842
0.017279265814656396,0.9953468918809631,0.02,0.7303509166955519,7.253511209636972,1.1649627666042974
0.01727926592421336,0.9953468918394046,0.02,0.7303509179490077,7.25351120960492,1.1649627664998212
0.01727926603139949,0.9953468917987445,0.02,0.7303509191753479,7.253511209573561,1.1649627663976057
0.017279266136265695,0.9953468917589636,0.02,0.7303509203751595,7.253511209542881,1.164962766297601
0.017279266238862067,0.9953468917200429,0.02,0.7303509215490172,7.253511209512866,1.1649627661997606
0.017279266339238243,0.9953468916819636,0.02,0.7303509226974821,7.2535112094835,1.1649627661040367
0.01727926643744182,0.9953468916447076,0.02,0.7303509238211038,7.2535112094547705,1.1649627660103836
0.017279266533520434,0.9953468916082572,0.02,0.7303509249204203,7.253511209426662,1.1649627659187571
0.01727926662751946,0.995346891572595,0.02,0.7303509259959569,7.253511209399163,1.1649627658291128
0.017279266719484123,0.9953468915377041,0.02,0.7303509270482285,7.253511209372259,1.1649627657414077
0.017279266809458595,0.9953468915035674,0.02,0.7303509280777395,7.2535112093459375,1.1649627656556
0.017279266897485955,0.9953468914701687,0.02,0.730350929084981,7.253511209320186,1.1649627655716488
0.017279266983608533,0.9953468914374921,0.02,0.7303509300704356,7.253511209294992,1.1649627654895134
0.01727926706786733,0.9953468914055222,0.02,0.7303509310345748,7.253511209270342,1.164962765409155
0.017279267150302837,0.9953468913742435,0.02,0.7303509319778603,7.253511209246227,1.164962765330535
0.017279267230954277,0.995346891343641,0.02,0.7303509329007423,7.2535112092226335,1.1649627652536159
0.017279267309860513,0.9953468913136999,0.02,0.7303509338036629,7.253511209199551,1.1649627651783607
0.01727926738705936,0.9953468912844065,0.02,0.7303509346870531,7.253511209176968,1.1649627651047334
0.017279267462587834,0.9953468912557465,0.02,0.7303509355513378,7.2535112091548735,1.1649627650326988
0.01727926753648157,0.9953468912277056,0.02,0.7303509363969283,7.253511209133258,1.1649627649622225
0.017279267608776763,0.9953468912002714,0.02,0.7303509372242301,7.2535112091121094,1.1649627648932708
0.01727926767950736,0.9953468911734303,0.02,0.7303509380336388,7.253511209091419,1.1649627648258103
0.01727926774870776,0.9953468911471695,0.02,0.7303509388255407,7.253511209071177,1.164962764759809
0.01727926781641065,0.9953468911214762,0.02,0.7303509396003152,7.253511209051372,1.1649627646952359
0.017279267882648688,0.9953468910963387,0.02,0.7303509403583338,7.253511209031997,1.1649627646320593
0.01727926794745349,0.9953468910717446,0.02,0.7303509410999575,7.25351120901304,1.1649627645702494
0.0172792680108562,0.9953468910476817,0.02,0.7303509418255422,7.253511208994494,1.1649627645097762
0.017279268072887134,0.9953468910241395,0.02,0.7303509425354342,7.25351120897635,1.164962764450611
0.017279268133575897,0.9953468910011065,0.02,0.7303509432299733,7.253511208958598,1.1649627643927258
0.017279268192951537,0.9953468909785712,0.02,0.7303509439094915,7.253511208941229,1.1649627643360925
0.01727926825104249,0.9953468909565232,0.02,0.7303509445743139,7.2535112089242375,1.1649627642806841
0.017279268307876784,0.9953468909349513,0.02,0.7303509452247584,7.2535112089076135,1.1649627642264742
0.017279268363481592,0.9953468909138464,0.02,0.7303509458611362,7.253511208891349,1.164962764173437
0.017279268417882965,0.9953468908931976,0.02,0.730350946483752,7.2535112088754365,1.1649627641215465
0.017279268471107678,0.9953468908729951,0.02,0.7303509470929026,7.253511208859868,1.1649627640707785
0.017279268523180957,0.9953468908532291,0.02,0.7303509476888794,7.253511208844637,1.1649627640211089
0.017279268574127673,0.9953468908338908,0.02,0.7303509482719687,7.253511208829735,1.164962763972513
0.01727926862397198,0.9953468908149705,0.02,0.7303509488424481,7.253511208815156,1.1649627639249687
0.01727926867273797,0.995346890796459,0.02,0.7303509494005903,7.253511208800892,1.1649627638784523
0.017279268720449204,0.9953468907783479,0.02,0.7303509499466625,7.253511208786937,1.164962763832942
0.017279268767128,0.9953468907606283,0.02,0.7303509504809264,7.253511208773284,1.1649627637884161
0.017279268812797243,0.995346890743292,0.02,0.7303509510036366,7.253511208759926,1.164962763744853
0.01727926885747839,0.9953468907263296,0.02,0.730350951515043,7.253511208746858,1.1649627637022322
0.017279268901193134,0.9953468907097348,0.02,0.7303509520153912,7.253511208734071,1.164962763660533
0.017279268943962013,0.9953468906934984,0.02,0.730350952504919,7.253511208721562,1.1649627636197357
0.017279268985805854,0.995346890677613,0.02,0.7303509529838619,7.253511208709323,1.164962763579821
0.017279269026744416,0.9953468906620708,0.02,0.7303509534524477,7.25351120869735,1.164962763540769
0.017279269066797553,0.9953468906468648,0.02,0.7303509539109005,7.253511208685635,1.164962763502562
0.017279269105984343,0.9953468906319873,0.02,0.7303509543594404,7.2535112086741735,1.164962763465181
0.017279269144323272,0.9953468906174318,0.02,0.7303509547982806,7.25351120866296,1.1649627634286086
0.017279269181832802,0.9953468906031907,0.02,0.730350955227632,7.2535112086519895,1.1649627633928266
0.01727926921853118,0.9953468905892572,0.02,0.7303509556477001,7.253511208641257,1.1649627633578188
0.017279269254435837,0.9953468905756254,0.02,0.7303509560586843,7.253511208630756,1.164962763323568
0.01727926928956356,0.9953468905622878,0.02,0.7303509564607822,7.253511208620481,1.1649627632900579
0.017279269323931645,0.9953468905492389,0.02,0.7303509568541852,7.25351120861043,1.1649627632572725
0.01727926935755635,0.9953468905364717,0.02,0.7303509572390818,7.253511208600596,1.1649627632251962
0.017279269390453857,0.9953468905239807,0.02,0.7303509576156557,7.253511208590974,1.164962763193813
0.017279269422639732,0.9953468905117596,0.02,0.7303509579840878,7.2535112085815605,1.1649627631631088
0.017279269454129255,0.9953468904998026,0.02,0.7303509583445538,7.253511208572351,1.1649627631330686
0.017279269484937965,0.9953468904881042,0.02,0.7303509586972249,7.25351120856334,1.164962763103678
0.01727926951508003,0.9953468904766589,0.02,0.7303509590422711,7.253511208554525,1.164962763074923
0.017279269544570264,0.9953468904654607,0.02,0.730350959379857,7.2535112085459,1.1649627630467898
0.017279269573422806,0.9953468904545045,0.02,0.7303509597101435,7.2535112085374625,1.1649627630192647
0.01727926960165125,0.9953468904437853,0.02,0.7303509600332886,7.253511208529207,1.1649627629923351
0.017279269629269026,0.9953468904332976,0.02,0.730350960349447,7.25351120852113,1.1649627629659876
0.017279269656289786,0.9953468904230367,0.02,0.7303509606587698,7.253511208513227,1.1649627629402095
0.017279269682725928,0.9953468904129977,0.02,0.7303509609614044,7.253511208505496,1.1649627629149892
0.01727926970859033,0.9953468904031755,0.02,0.7303509612574962,7.253511208497931,1.1649627628903145
0.01727926973389553,0.9953468903935658,0.02,0.7303509615471855,7.253511208490531,1.1649627628661734
0.01727926975865306,0.9953468903841638,0.02,0.7303509618306128,7.253511208483291,1.1649627628425534
0.01727926978287533,0.9953468903749648,0.02,0.7303509621079111,7.253511208476207,1.1649627628194446
0.017279269806574037,0.9953468903659648,0.02,0.7303509623792147,7.253511208469276,1.1649627627968355
0.017279269829759823,0.9953468903571593,0.02,0.7303509626446524,7.253511208462495,1.1649627627747154
0.017279269852444414,0.9953468903485442,0.02,0.7303509629043512,7.253511208455861,1.1649627627530734
0.017279269874638348,0.9953468903401151,0.02,0.7303509631584353,7.25351120844937,1.1649627627318995
0.017279269896352225,0.9953468903318685,0.02,0.7303509634070264,7.253511208443021,1.1649627627111834
0.017279269917596585,0.9953468903237999,0.02,0.7303509636502435,7.253511208436808,1.164962762690915
0.01727926993838147,0.9953468903159058,0.02,0.7303509638882016,7.253511208430729,1.164962762671085
0.017279269958717047,0.9953468903081822,0.02,0.7303509641210151,7.253511208424782,1.1649627626516834
0.017279269978612777,0.9953468903006254,0.02,0.7303509643487959,7.253511208418964,1.164962762632702
0.017279269998078405,0.9953468902932324,0.02,0.7303509645716517,7.253511208413271,1.1649627626141303
0.017279270017122685,0.9953468902859988,0.02,0.7303509647896902,7.253511208407702,1.1649627625959602
0.017279270035755537,0.9953468902789219,0.02,0.7303509650030144,7.253511208402253,1.1649627625781833
0.017279270053985243,0.9953468902719977,0.02,0.7303509652117268,7.253511208396922,1.164962762560791
0.017279270071820597,0.9953468902652232,0.02,0.7303509654159277,7.253511208391706,1.1649627625437742
0.01727927008927055,0.9953468902585954,0.02,0.7303509656157131,7.253511208386604,1.1649627625271253
0.017279270106342982,0.9953468902521103,0.02,0.7303509658111804,7.25351120838161,1.1649627625108365
0.01727927012304651,0.9953468902457656,0.02,0.7303509660024217,7.253511208376726,1.1649627624949
0.017279270139388816,0.9953468902395581,0.02,0.7303509661895281,7.253511208371947,1.164962762479308
0.017279270155377446,0.9953468902334847,0.02,0.7303509663725899,7.2535112083672715,1.164962762464053
0.017279270171020378,0.9953468902275426,0.02,0.7303509665516947,7.2535112083626965,1.1649627624491279
0.01727927018632527,0.995346890221729,0.02,0.7303509667269276,7.253511208358221,1.1649627624345251
0.01727927020129896,0.995346890216041,0.02,0.730350966898372,7.253511208353842,1.1649627624202383
0.017279270215949084,0.9953468902104758,0.02,0.7303509670661104,7.2535112083495585,1.1649627624062608
0.017279270230282286,0.9953468902050311,0.02,0.7303509672302221,7.253511208345366,1.164962762392585
0.01727927024430569,0.995346890199704,0.02,0.7303509673907868,7.253511208341266,1.164962762379205
0.01727927025802578,0.9953468901944919,0.02,0.7303509675478809,7.253511208337254,1.164962762366114
0.017279270271449466,0.9953468901893926,0.02,0.7303509677015778,7.253511208333329,1.1649627623533063
0.01727927028458247,0.9953468901844036,0.02,0.7303509678519529,7.2535112083294875,1.1649627623407752
0.017279270297431728,0.9953468901795218,0.02,0.7303509679990773,7.2535112083257305,1.1649627623285153
0.017279270310003293,0.9953468901747462,0.02,0.7303509681430216,7.253511208322054,1.1649627623165202
0.01727927032230281,0.9953468901700736,0.02,0.7303509682838545,7.253511208318457,1.1649627623047845
0.01727927033433632,0.9953468901655019,0.02,0.730350968421642,7.253511208314939,1.1649627622933028
0.01727927034610979,0.9953468901610292,0.02,0.7303509685564515,7.253511208311496,1.164962762282069
0.017279270357628686,0.9953468901566531,0.02,0.7303509686883476,7.253511208308128,1.1649627622710779
0.017279270368898515,0.9953468901523714,0.02,0.7303509688173918,7.253511208304832,1.164962762260325
0.01727927037992476,0.9953468901481826,0.02,0.7303509689436466,7.253511208301608,1.164962762249804
0.017279270390712444,0.9953468901440837,0.02,0.7303509690671723,7.253511208298453,1.1649627622395107
0.01727927040126731,0.995346890140074,0.02,0.7303509691880281,7.253511208295367,1.1649627622294396
0.01727927041159363,0.9953468901361507,0.02,0.7303509693062713,7.253511208292347,1.1649627622195862
0.017279270421696438,0.9953468901323121,0.02,0.7303509694219589,7.253511208289393,1.1649627622099463
0.01727927043158135,0.9953468901285567,0.02,0.7303509695351452,7.253511208286502,1.1649627622005145
0.017279270441252235,0.9953468901248823,0.02,0.730350969645885,7.253511208283674,1.1649627621912866
0.01727927045071409,0.9953468901212875,0.02,0.7303509697542314,7.253511208280908,1.1649627621822582
0.01727927045997115,0.9953468901177702,0.02,0.7303509698602361,7.2535112082782005,1.1649627621734249
0.01727927046902842,0.9953468901143289,0.02,0.7303509699639489,7.253511208275552,1.1649627621647827
0.017279270477889665,0.9953468901109618,0.02,0.7303509700654202,7.253511208272961,1.1649627621563272
0.017279270486559795,0.9953468901076679,0.02,0.7303509701646982,7.253511208270426,1.1649627621480545
0.017279270495041875,0.995346890104445,0.02,0.7303509702618307,7.253511208267946,1.1649627621399605
0.017279270503340816,0.9953468901012916,0.02,0.7303509703568627,7.253511208265519,1.1649627621320415
0.01727927051146012,0.9953468900982063,0.02,0.7303509704498411,7.253511208263145,1.164962762124294
