q(t),H_ratio,S(t),MSE(model0_vs_ref),KL(f0||D),"JS(f0,D)",q_stagnation,q_tail_ratio,q_entropy_ratio
0.3069542202391907,0.8805676017807781,0.0,7.756641637554141e-05,0.6150772173618274,0.1418977219190184,0.8987511369656719,6.8640746052080015,0.8807699127576326
0.2797830409138677,0.8987873235129652,0.0,7.406856016643107e-05,0.5459170537867433,0.1259587953270861,0.8985692798125017,6.855680790716254,0.8869329403025159
0.2573900737435258,0.9133424809420848,0.0,7.07596385311099e-05,0.507259890039897,0.1157885452763053,0.8983541920005387,6.84892787157353,0.8930322412296371
0.23759300699571756,0.9253836023779414,0.0,6.762505238497775e-05,0.48176612698524535,0.10881477286979206,0.8981098187732688,6.843716623737296,0.8990889890789351
0.21977652953118576,0.9355227748171564,0.0,6.465242502281497e-05,0.46353343808555936,0.10383945077605694,0.8978393671186652,6.839944166373414,0.9051134335767033
0.20359628141869668,0.9441527202943241,0.0,6.183092559551248e-05,0.4497601508189988,0.10018411006787992,0.8975454195677434,6.837504582894452,0.9111086551443047
0.18881927510032837,0.9515509412806538,0.0,5.9150922234969125e-05,0.4388801758253071,0.09742445207008354,0.897230029161989,6.836290402967283,0.9170730218513883
0.1752717796855101,0.9579253389557277,0.0,5.660375938378422e-05,0.42993061791962395,0.09527927577505242,0.8968947987288646,6.836194243573655,0.9230019084343456
0.16281646686924783,0.9634378254614632,0.0,5.418159850582284e-05,0.422282824602122,0.09355533418862048,0.8965409475301142,6.837110366849099,0.928888919788477
0.15134055829471343,0.9682179733331168,0.0,5.187729699910061e-05,0.41550988305071374,0.09211670347677645,0.8961693676511703,6.838936045621852,0.934726759640975
0.14074895310648022,0.9723715565342775,0.0,4.968431262199794e-05,0.4093142267730681,0.09086637656339042,0.8957806719624598,6.841572687888945,0.940507838587681
0.13095990879580027,0.9759862242713411,0.0,4.7596626139803156e-05,0.40348495944698093,0.08973455429141289,0.8953752350947445,6.844926706151583,0.9462246893933536
0.12190215503810753,0.9791354502748248,0.0,4.5608677592174414e-05,0.39787121048958146,0.08867087574170324,0.8949532285838876,6.848910139348191,0.9518702402808453
0.11351286944175987,0.9818813863895496,0.0,4.371531307819426e-05,0.39236474702228175,0.08763909489772947,0.8945146511230633,6.853441048688108,0.9574379846037849
0.10573620102594788,0.9842769882495633,0.0,4.191173985750771e-05,0.38688822502407216,0.08661334203025718,0.8940593546916028,6.858443716326642,0.9629220759785083
0.09852215775638645,0.9863676391119963,0.0,4.019348814554358e-05,0.381387026617828,0.08557544612504117,0.8935870671960953,6.863848679108765,0.968317370757682
0.09182574529707116,0.9881924167220459,0.0,3.8556378372553885e-05,0.3758234582636515,0.0845129865766477,0.8930974121521915,6.869592629792831,0.9736194341564085
0.08560628471735965,0.9897850993845363,0.0,3.699649295192402e-05,0.3701725478025679,0.08341785679884373,0.8925899258485308,6.87561821627273,0.9788245220500085
0.07982686122304472,0.9911749770616919,0.0,3.551015180368281e-05,0.364418949882336,0.08228519345874076,0.8920640723629629,6.881873766170012,0.9839295471886083
0.07445387114006957,0.9923875137513668,0.0,3.4093891028804925e-05,0.3585546349998954,0.08111257067246003,0.8915192567424856,6.888312960398164,0.9889320361029654
0.06945664414526481,0.9934448944164901,0.0,3.2744444244064505e-05,0.3525771419541638,0.07989938862596105,0.8909548366095743,6.894894475366373,0.9938300811320737
0.06480712421425222,0.994366480896555,0.0,3.145872617585669e-05,0.3464882413902136,0.07864640643504016,0.8903701324169526,6.901581609697817,0.9986222906418439
0.060479597161573306,0.9951691950743927,0.0,3.023381818128485e-05,0.3402929032742005,0.07735538306972714,0.8897644365388366,6.908341907876193,1.0033077395098562
0.05645045571278723,0.9958678431938199,0.0,2.9066955420588902e-05,0.3339984918037956,0.07602879997040901,0.8891370213581117,6.915146790201637,1.0078859212327316
0.0526979952239186,0.9964753920537849,0.0,2.795551544998647e-05,0.3276141324527043,0.07466964593414586,0.8884871464848179,6.921971195866946,1.012356702499414
0.04920223473635238,0.9970032054706559,0.0,2.689700804063509e-05,0.32115021071851885,0.07328124983700973,0.8878140652209557,6.928793243847758,1.0167202807116964
0.04594475921089347,0.9974612476555406,0.0,2.58890660594887e-05,0.31461797271363723,0.07186715037346947,0.8871170303693363,6.93559391460104,1.0209771446819214
0.042908579646616485,0.9978582588310567,0.0,2.4929437272666425e-05,0.3080292053374251,0.07043099463836791,0.8863952994695881,6.94235675423608,1.0251280385665436
0.040078008441778556,0.99820190739667,0.0,2.401597695260698e-05,0.30139597928319145,0.06897645932753996,0.8856481395318846,6.949067601807658,1.0291739289806283
0.03743854785297168,0.998498922163031,0.0,2.3146641187547303e-05,0.29473044217083116,0.06750718978269986,0.8848748313283451,6.95571433962905,1.0331159751657912
0.03497678979514868,0.998755207556322,0.0,2.2319480806363295e-05,0.28804465207328844,0.06602675319123899,0.8840746732929283,6.9622866659638625,1.036955502040502
0.03268032552776068,0.9989759442021898,0.0,2.153263584403915e-05,0.28135044391506214,0.06453860306924257,0.8832469850728761,6.968775889086808,1.040693975938221
0.03053766401164565,0.9991656769052213,0.0,2.0784330483383338e-05,0.2746593228714114,0.0630460527763203,0.8823911107680648,6.975174741466978,1.0443329828292551
0.028538157912547546,0.9993283917217884,0.0,2.00728684174023e-05,0.26798238013641007,0.06155225628447722,0.8815064218889295,6.981477212691835,1.0478742088218809
0.02667193638131976,0.9994675835648629,0.0,1.939662858423398e-05,0.26133022736419625,0.06006019478728245,0.8805923200587136,6.987678399690284,1.0513194227440248
0.024929843866278778,0.9995863155664447,0.0,1.8754061232942027e-05,0.25471294679902073,0.0585726680172592,0.879648239481602,6.993774372808517,1.0546704606162516
0.023303384316053777,0.9996872712470569,0.0,1.814368428395155e-05,0.2481400546537892,0.057092289358857136,0.8786736491947158,6.999762056326524,1.0579292118384678
0.021784670216358493,0.9997728003949069,0.0,1.756407995260937e-05,0.24162047571618187,0.05562148401653928,0.877668055118875,7.005639122063782,1.0610976069254312
0.02036637597505364,0.9998449594341896,0.0,1.7013891608395836e-05,0.2351625274877572,0.054162489633603025,0.876631001920427,7.011403894800044,1.064177606639189
0.019041695229450983,0.999905546958048,0.0,1.649182084579755e-05,0.22877391241816614,0.052717358865731034,0.8755620746942431,7.0170552683242295,1.0671711923793674
0.01780430170022529,0.9999561350135375,0.0,1.5996624745856113e-05,0.2224617170012255,0.05128796350026342,0.8744609004761148,7.022592631015794,1.0700803577045968
0.016648313259273517,0.9999980966506575,0.0,1.552711331000427e-05,0.216232416665162,0.04987599978255329,0.8733271495912308,7.028015799954981,1.0729071008699824
0.01556825891570518,1.000032630183014,0.0,1.5082147050047282e-05,0.21009188552549904,0.04848299466815833,0.8721605368441371,7.033324962648211,1.0756534182764037
0.01457536354747413,1.0000607805521062,0.0,1.4660631360654238e-05,0.2040453459672376,0.04711029795195848,0.8709608125990804,7.038520667367739,1.0783213202184316
0.013646334777778324,1.0000834581391949,0.0,1.4261522064116798e-05,0.1980975286896865,0.04575912270803278,0.869727784146775,7.043603685345253,1.080912778172173
0.012776265842840084,1.0001014553270116,0.0,1.3883819019232208e-05,0.19225261432283025,0.044430534985907266,0.8684613063859496,7.048575020692308,1.0834297465047273
0.011961446030663625,1.0001154610772827,0.0,1.3526564042445073e-05,0.18651425192970109,0.0431254609946009,0.8671612818711861,7.053435877349637,1.0858741598573993
0.011198394414862811,1.0001260737583377,0.0,1.3188839137864385e-05,0.1808855830483358,0.04184469527650797,0.8658276612655923,7.058187627735723,1.088247929751999
0.010483846074238579,1.000133812429345,0.0,1.2869764812168993e-05,0.1753692668543707,0.04058890885864824,0.8644604436518394,7.0628317851834534,1.0905529416913342
0.00981473908545727,1.0001391267633686,0.0,1.2568498468788461e-05,0.1699675060692814,0.03935865730758693,0.8630596767033328,7.067369979732368,1.0927910527001268
0.009188202251775524,1.0001424057700663,0.0,1.2284232876278672e-05,0.1646820732867149,0.038154388628245696,0.8616254567172861,7.071803936891642,1.0949640892581305
0.00860154353176934,1.000143985460012,0.0,1.201619470628357e-05,0.15951433743267815,0.036976450958713186,0.860157928511555,7.076135459031659,1.0970738455822389
0.00805223913311326,1.000144155576044,0.0,1.176364313689274e-05,0.15446529011484222,0.03582510002333303,0.8586572851872375,7.080366409100454,1.0991220822188574
0.00753792323760083,1.0001431655023836,0.0,1.1525868517575359e-05,0.14953557165224765,0.03470050631503627,0.8571237677593035,7.084498696395479,1.1011105249118294
0.0070563783247798995,1.0001412294493661,0.0,1.1302191092200922e-05,0.1447254966094383,0.033602761985311896,0.8555576646577562,7.088534264151768,1.1030408637148106
0.00660552606279019,1.0001385310001671,0.0,1.109195977695e-05,0.14003507868874687,0.03253188742653362,0.8539593111021656,7.092475078734759,1.1049147523202183
0.006183418736220192,1.000135227095843,0.0,1.0894550990179505e-05,0.13546405486123148,0.03148783753673737,0.8523290883527713,7.096323120250228,1.1067338075797748
0.005788231182032755,1.0001314515260462,0.0,1.0709367531539259e-05,0.1310119086408117,0.03047050766148589,0.8506674228417023,7.100080374405283,1.1084996091942558
0.005418253205841328,1.000127317984888,0.0,1.0535837507844642e-05,0.12667789242760819,0.029479739211279166,0.8489747851882673,7.1037488254733905,1.1102136995523881
0.0050718824520396,1.0001229227444297,0.0,1.0373413303395676e-05,0.12246104886553702,0.028515324956155982,0.8472516891026649,7.107330450233365,1.1118775837009132
0.004747617702489326,1.000118346992104,0.0,1.022157059259928e-05,0.11836023117594821,0.02757701400176931,0.8454986901828356,7.110827212767156,1.1134927294297112
0.004444052579661628,1.0001136588728945,0.0,1.0079807392900817e-05,0.11437412244377554,0.026664516453371014,0.8437163846095923,7.114241060014565,1.1150605674575638
0.004159869631264801,1.0001089152722693,0.0,9.947643156165142e-06,0.11050125384533047,0.025777507775877964,0.841905407745515,7.117573917994739,1.1165824917056169
0.0038938347745390844,1.0001041633715932,0.0,9.824617896768486e-06,0.10674002181779049,0.024915632859561967,0.8400664326434655,7.120827688614704,1.1180598596469835
0.003644792079475101,1.000099442003957,0.0,9.710291354771555e-06,0.10308870417966672,0.024078509801958713,0.8382001684708883,7.12400424699433,1.1194939927221175
0.003411658871273704,1.0000947828350257,0.0,9.604242192643312e-06,0.0995454752193178,0.02326573341737788,0.8363073588563833,7.12710543924533,1.1208861768106948
0.0031934211333943807,1.000090211390565,0.0,9.506067224094445e-06,0.09610841977496873,0.022476878485941158,0.8343887801652878,7.130133080649018,1.1222376627517052
0.0029891291935106867,1.0000857479496852,0.0,9.415380673661308e-06,0.09277554633493518,0.021711502754427722,0.8324452397112343,7.133088954183969,1.1235496669043508
0.0027978936756404282,1.0000814083205651,0.0,9.331813465755577e-06,0.08954479919086315,0.020969149701384485,0.8304775739108601,7.135974809360326,1.1248233717431255
0.0026188817026329136,1.0000772045133677,0.0,9.255012541962991e-06,0.08641406968001004,0.020249351078997807,0.8284866463889635,7.138792361322497,1.1260599264811737
0.0024513133340446913,1.0000731453232912,0.0,9.18464020543709e-06,0.08338120655493554,0.01955162924414133,0.8264733460415429,7.141543290186385,1.1272604477166583
0.0022944582252858448,1.0000692368351043,0.0,9.120373491291516e-06,0.08044402552062214,0.018875499290834683,0.8244385850641877,7.14422924058123,1.128426020097446
0.0021476324946912984,1.000065482859143,0.0,9.06190356194739e-06,0.07760031798004242,0.018220470996089574,0.8223832969533322,7.1468518213695535,1.1295576969999386
0.0020101957859376407,1.0000618853075085,0.0,9.008935126441626e-06,0.0748478590296755,0.01758605059079513,0.8203084344878525,7.1494126055218,1.1306565012183447
0.0018815485139398458,1.000058444518134,0.0,8.961185882747594e-06,0.07218441474648984,0.01697174236692229,0.8182149676984066,7.1519131301249566,1.1317234256610988
0.001761129283041063,1.0000551595334464,0.0,8.918385982202136e-06,0.06960774880755391,0.01637705013191294,0.8161038818318371,7.154354896506852,1.1327594340515248
0.0016484124669619016,1.0000520283395042,0.0,8.8802775151726e-06,0.06711562848276277,0.015801478520682203,0.8139761753177773,7.156739370459954,1.1337654616301704
0.0015429059405887013,1.0000490480707662,0.0,8.846614017134756e-06,0.0647058300402277,0.015244534175200577,0.8118328577444341,7.159067982550367,1.1347424158565451
0.0014441489542554864,1.0000462151850014,0.0,8.817159994367395e-06,0.062376143602755424,0.014705726801154853,0.8096749478502896,7.1613421284994265,1.1356911771082805
0.001351710141739737,1.0000435256122882,0.0,8.791690468502289e-06,0.060124377492520045,0.014184570110707152,0.8075034715382102,7.163563169626747,1.1366125993759613
0.0012651856536991524,1.0000409748815386,0.0,8.769990539199104e-06,0.057948362099635775,0.013680582659899188,0.8053194599181618,7.165732433344904,1.1375075109521129
0.0011841974087809515,1.0000385582275721,0.0,8.751854964244381e-06,0.055845953308811466,0.013193288588772927,0.8031239473844187,7.167851213697101,1.1383767151130222
0.001108391455092117,1.0000362706813577,0.0,8.737087756401324e-06,0.05381503551670598,0.012722218271818627,0.8009179697328155,7.1699207719301965,1.1392209907922515
0.001037436435168737,1.0000341071457217,0.0,8.725501796363671e-06,0.05185352427100576,0.012266908885905224,0.7987025623232303,7.171942337096402,1.1400410932448666
0.0009710221479882764,1.0000320624585206,0.0,8.716918461191964e-06,0.04995936856061839,0.011826904902409289,0.7964787582921208,7.173917106677747,1.1408377547015398
0.0009088582019682878,1.0000301314450188,0.0,8.71116726763461e-06,0.048130552784784536,0.01140175850983286,0.7942475868195191,7.17584624722816,1.1416116850118276
0.0008506727532570091,1.0000283089609878,0.0,8.708085529758826e-06,0.04636509842729172,0.01099102997279243,0.7920100714545375,7.177730895028636,1.1423635722760253
0.0007962113239765589,1.0000265899278498,0.0,8.707518030338584e-06,0.044661065460432255,0.010594287932867312,0.7897672285029811,7.179572156751535,1.1430940834651182
0.0007452356953997485,1.0000249693610048,0.0,8.70931670546751e-06,0.04301655350182168,0.010211109656422478,0.7875200654802815,7.181371110130557,1.1438038650284361
0.0006975228713556048,1.0000234423923438,0.0,8.713340341884743e-06,0.041429702745698446,0.009841081234165673,0.78526957963255,7.183128804633393,1.1444935434886911
0.0006528641074461383,1.0000220042878036,0.0,8.719454286521067e-06,0.0398986946889337,0.009483797736857638,0.7830167565281351,7.1848462621344416,1.1451637260241756
0.0006110640019281188,1.000020650460724,0.0,8.727530167790985e-06,0.03842175267058831,0.009138863331277012,0.7807625687216687,7.186524477585329,1.1458150010379355
0.0005719396443779612,1.0000193764816365,0.0,8.737445628174303e-06,0.03699714224255816,0.008805891360236979,0.7785079744921868,7.1881644196812955,1.1464479387138153
0.0005353198184866459,1.0000181780850663,0.0,8.749084067647717e-06,0.035623171387603916,0.008484504390168169,0.776253916656529,7.189767031521771,1.1470630915593085
0.0005010442555726247,1.0000170511738096,0.0,8.762334397543386e-06,0.034298190599881595,0.00817433422951212,0.7740013214588435,7.1913332312637115,1.1476609949351955
0.00046896293559994806,1.000015991821121,0.0,8.777090804427295e-06,0.033020592841956686,0.007875021920920208,0.7717510975366683,7.1928639127665,1.1482421675720036
0.00043893543270223656,1.0000149962711582,0.0,8.793252523605391e-06,0.031788813391248935,0.007586217710017346,0.7695041349637108,7.1943599462273715,1.148807112073335
0.0004108303023890869,1.000014060937996,0.0,8.810723621880148e-06,0.030601329587837622,0.0073075809932680695,0.7672613043691343,7.195822178806529,1.1493563154061652
0.00038452450779746794,1.0000131824034735,0.0,8.829412789194395e-06,0.02945666049463317,0.007038780247279847,0.7650234561328311,7.1972514352412436,1.1498902493782248
0.00035990288250942193,1.0000123574141047,0.0,8.849233138812795e-06,0.02835336648003353,0.0067794929416834585,0.762791419655901,7.198648518448364,1.1504093711026044
0.0003368576276198132,1.0000115828772365,0.0,8.870102015704516e-06,0.027290048732369926,0.006529405437555619,0.7605660027052601,7.200014210114785,1.1509141234497529
0.00031528784087431205,1.0000108558566299,0.0,8.891940812803365e-06,0.026265348714664627,0.006288212873179565,0.7583479908310757,7.201349271275524,1.151404935487038
0.000295099075846017,1.000010173567591,0.0,8.914674794833712e-06,0.025277947567520838,0.006055619038787768,0.7561381468554946,7.2026544428791395,1.151882222906071
0.0002762029292368018,1.0000095333717847,0.0,8.938232929402498e-06,0.024326565467277773,0.0058313362417871505,0.7539372104309138,7.203930446340301,1.1523463884379999
0.00025851665451981365,1.000008932771817,0.0,8.962547725068783e-06,0.023409960945961532,0.0056150851638341465,0.7517458976658795,7.205177984079407,1.1527978222569863
0.000241962800243134,1.0000083694056756,0.0,8.987555076113404e-06,0.022526930178969146,0.005406594711006048,0.7495649008165235,7.20639774004918,1.1532369023720979
0.00022646887142618866,1.0000078410411006,0.0,9.013194113741731e-06,0.021676306245892896,0.00520560185820061,0.7473948880413067,7.20759038024824,1.1536639950078416
0.00021196701258274775,1.0000073455699363,0.0,9.039407063462811e-06,0.020856958369399693,0.005011851488790568,0.7452365032167222,7.2087565532217015,1.1540794549735827
0.0001983937109844014,1.0000068810025196,0.0,9.066139108397926e-06,0.020067791136611134,0.004825096230466083,0.7430903658114958,7.209896890548858,1.1544836260220854
0.00018568951888620067,1.0000064454621325,0.0,9.093338258281058e-06,0.01930774370701805,0.0046450962881057975,0.74095707081676,7.211012007318086,1.1548768411974277
0.00017379879349477267,1.0000060371795647,0.0,9.120955223922961e-06,0.01857578901055832,0.00447161927443749,0.7388371887295816,7.212102502589092,1.155259423172532
0.00016266945355591922,1.000005654487797,0.0,9.148943296919206e-06,0.01787093293913747,0.004304440039173367,0.7367312655871991,7.213168959842677,1.1556316845765593
0.00015225275149766127,1.0000052958168322,0.0,9.17725823439118e-06,0.01719221353453315,0.0041433404972360185,0.7346398230492818,7.214211947418206,1.15599392831242
0.00014250306013730007,1.0000049596886884,0.0,9.205858148557061e-06,0.016538700175316973,0.003988109456626407,0.7325633585255015,7.215232018938982,1.1563464478646444
0.0001333776730255698,1.0000046447125615,0.0,9.234703400937767e-06,0.015909492765154694,0.003838542446429236,0.7305023453457111,7.21622971372574,1.1566895275978575
0.0001248366175516935,1.0000043495801696,0.0,9.263756501010414e-06,0.0153037209245774,0.00369444154539539,0.7284572329700307,7.217205557198494,1.1570234430461115
0.0001168424800025436,1.000004073061276,0.0,9.29298200912911e-06,0.014720543188092496,0.003555615211493052,0.7264284472361554,7.21816006126698,1.1573484611933047
0.00010936024180707715,1.0000038139994047,0.0,9.322346443539992e-06,0.0141591462082713,0.003421878112775053,0.7244163906412473,7.219093724709926,1.1576648407449373
0.00010235712625183968,1.000003571307738,0.0,9.35181819132416e-06,0.013618743968271237,0.0032930509598682756,0.7224214426557932,7.220007033543418,1.1579728323914351
9.580245500329099e-05,1.0000033439652,0.0,9.381367423108715e-06,0.013098577004054826,0.0031689603403533984,0.7204439600668843,7.2209004613786,1.158272679063273
8.966751380479199e-05,1.0000031310127269,0.0,9.410966011392341e-06,0.012597911637408164,0.003049438555271195,0.7184842773484078,7.221774469768983,1.1585646161781302
8.392542676693981e-05,1.0000029315497108,0.0,9.440587452338008e-06,0.01211603922071701,0.0029343234579571,0.7165427070557353,7.222629508547603,1.1588488718803012
7.855103869702784e-05,1.0000027447306263,0.0,9.470206790891106e-06,0.011652275394311101,0.0028234582953819993,0.714619540242525,7.223466016154303,1.1591256672725805
7.352080496081381e-05,1.0000025697618231,0.0,9.499800549086967e-06,0.011205959357074524,0.002716691552147623,0.712715046897376,7.224284419953386,1.1593952166408434
6.881268838676569e-05,1.0000024058984853,0.0,9.529346657417135e-06,0.010776453150900325,0.002613876797263876,0.7108294763981151,7.225085136541904,1.1596577276715285
6.440606276969518e-05,1.0000022524417496,0.0,9.558824389128921e-06,0.010363140959468761,0.002514872533814227,0.7089630579816056,7.225868572048826,1.1599134016622363
6.0281622547897484e-05,1.0000021087359816,0.0,9.588214297337735e-06,0.009965428421731481,0.002419542051595353,0.7071160012270408,7.226635122425356,1.1601624337256427
5.642129826122222e-05,1.0000019741661947,0.0,9.617498154836574e-06,0.00958274196041304,0.0023277532828009,0.7052884965507854,7.2273851737266215,1.1604050129869243
5.28081774170408e-05,1.0000018481556125,0.0,9.646658896491564e-06,0.009214528125750847,0.002239378660802778,0.7034807157109049,7.228119102385007,1.1606413227748982
4.942643042404882e-05,1.0000017301633681,0.0,9.675680564116965e-06,0.008860252954635932,0.0021542949820707643,0.7016928123196317,7.22883727547535,1.1608715408070538
4.6261241262612884e-05,1.0000016196823325,0.0,9.704548253727301e-06,0.008519401345257506,0.0020723832712568656,0.6999249223620896,7.229540050972246,1.1610958393686726
4.329874259578759e-05,1.0000015162370626,0.0,9.733248065068361e-06,0.008191476447295471,0.0019935286494613775,0.6981771647197051,7.230227777999697,1.1613143854862056
4.0525955031456284e-05,1.000001419381874,0.0,9.761767053332769e-06,0.007875999067657066,0.0019176202056855962,0.6964496416968212,7.230900797073315,1.1615273410950937
3.7930730271473756e-05,1.0000013286990173,0.0,9.790093182969676e-06,0.007572507091717955,0.00184455087146975,0.6947424395491093,7.2315594403353245,1.1617348632021929
3.550169790333957e-05,1.0000012437969656,0.0,9.81821528350165e-06,0.007280554919976957,0.0017742172987027854,0.6930556290124824,7.232204031782558,1.1619371040429791
3.322821559326172e-05,1.0000011643088018,0.0,9.846123007265473e-06,0.006999712920015395,0.0017065197405881447,0.6913892658312777,7.232834887487676,1.162134211233686
3.110032247122252e-05,1.000001089890698,0.0,9.873806788996842e-06,0.006729566893606598,0.0016413619357394738,0.6897433912845847,7.2334523158138,1.1623263279185416
2.9108695497659376e-05,1.0000010202204888,0.0,9.90125780718221e-06,0.006469717558808832,0.0015786509953768287,0.6881180327096532,7.234056617622774,1.1625135929122505
2.7244608624577005e-05,1.0000009549963285,0.0,9.928467947104179e-06,0.006219780046841178,0.001518297293588303,0.6865132040214205,7.234648086477241,1.1626961408378729
2.549989457101276e-05,1.000000893935427,0.0,9.955429765509728e-06,0.005979383413532536,0.0014602143606176725,0.6849289062272518,7.235227008836729,1.1628741022602467
2.3866909045322515e-05,1.000000836772865,0.0,9.982136456833553e-06,0.00574817016510621,0.0014043187791357627,0.6833651279360836,7.235793664247927,1.1630476038150912
2.233849725741255e-05,1.0000007832604783,0.0,1.0008581820911448e-05,0.005525795798055195,0.0013505300834488875,0.6818218458612126,7.236348325529342,1.1632167683339287
2.0907962576588446e-05,1.0000007331658114,0.0,1.0034760232121378e-05,0.0053119283528540485,0.001298770661595539,0.6802990253160617,7.236891258950501,1.163381714964957
1.9569037194355765e-05,1.000000686271134,0.0,1.006066660989235e-05,0.005106247981230008,0.0012489656602811799,0.6787966207022976,7.237422724405868,1.1635425592900046
1.8315854666162146e-05,1.000000642372517,0.0,1.0086296390523759e-05,0.004908446526726003,0.0012010428925968526,0.677314575989765,7.237942975583655,1.1636994134376863
1.7142924210844512e-05,1.0000006012789688,0.0,1.011164550026007e-05,0.0047182271182632865,0.0011549327484681078,0.6758528251877357,7.238452260129663,1.1638523861928907
1.6045106656981112e-05,1.0000005628116193,0.0,1.0136710329568085e-05,0.0045353037764220075,0.0011105681077779907,0.6744112928070508,7.238950819806337,1.1640015831027035
1.5017591926458351e-05,1.0000005268029593,0.0,1.0161487708566112e-05,0.004359401032144893,0.001067884256107373,0.6729898943127683,7.239438890647157,1.1641471065788978
1.405587796288188e-05,1.0000004930961224,0.0,1.0185974883556463e-05,0.004190253557566626,0.001026818803035322,0.6715885365670003,7.239916703106539,1.1642890559970842
1.3155751006910243e-05,1.0000004615442157,0.0,1.0210169494614736e-05,0.004027605808679658,0.0009873116029412736,0.6702071182616506,7.24038448220536,1.1644275277926417
1.2313267135910522e-05,1.0000004320096902,0.0,1.0234069554191151e-05,0.0038712116795346155,0.000949304678250832,0.6688455303408266,7.240842447672265,1.1645626155535285
1.152473498389206e-05,1.000000404363748,0.0,1.02576734266811e-05,0.003720834167677274,0.0009127421450668355,0.6675036564127365,7.24129081408088,1.164694410110068
1.0786699570775049e-05,1.0000003784857914,0.0,1.028097980892392e-05,0.003576245050538586,0.0008775701411275301,0.666181373150913,7.241729790983061,1.1648229996218198
1.0095927164166518e-05,1.0000003542629032,0.0,1.0303987711590349e-05,0.0034372245724699872,0.0008437367560331357,0.6648785506846561,7.2421595830383,1.1649484696616177
9.449391111804317e-06,1.0000003315893584,0.0,1.0326696441421049e-05,0.00330356114214745,0.0008111919636840763,0.6635950529786189,7.24258039013942,1.165070903296878
8.84425858105331e-06,1.0000003103661712,0.0,1.0349105584279847e-05,0.003175051040044001,0.0007798875568719339,0.6623307382014801,7.242992407534657,1.1651903811682547
8.277878147722184e-06,1.0000002905006646,0.0,1.0371214988987082e-05,0.0030514981357012624,0.0007497770839676732,0.6610854590836959,7.243395825946259,1.1653069815657402
7.747768179466874e-06,1.0000002719060725,0.0,1.0393024751899698e-05,0.0029327136145061612,0.0007208157876504844,0.6598590632643335,7.243790831685712,1.1654207805022858
7.251605962044216e-06,1.0000002545011626,0.0,1.0414535202206201e-05,0.002818515713707847,0.0006929605456213045,0.6586513936270312,7.244177606765671,1.1655318517850277
6.787217523562816e-06,1.0000002382098854,0.0,1.0435746887905871e-05,0.0027087294673984325,0.0006661698132467957,0.6574622886251323,7.244556329008743,1.165640267084195
6.352568109768697e-06,1.0000002229610438,0.0,1.0456660562442908e-05,0.0026031864601919127,0.0006404035680798049,0.6562915825960829,7.244927172153181,1.1657460959997716
5.945753267622145e-06,1.000000208687987,0.0,1.04772771719674e-05,0.0025017245893402366,0.0006156232562027192,0.655139106065186,7.245290305955609,1.1658494061259979
5.564990502859857e-06,1.000000195328317,0.0,1.0497597843196164e-05,0.0024041878350333223,0.0005917917403423702,0.6540046860388318,7.245645896290856,1.1659502631137673
5.208611468354718e-06,1.0000001828236227,0.0,1.0517623871847594e-05,0.002310426038626495,0.0005688732497049413,0.6528881462873323,7.245994105249004,1.166048730730996
4.875054655961719e-06,1.0000001711192226,0.0,1.0537356711625801e-05,0.0022202946885544004,0.0005468333314803493,0.6517893076175139,7.246335091229717,1.1661448709210314
4.562858554213456e-06,1.0000001601639281,0.0,1.0556797963730303e-05,0.002133654713690373,0.0005256388039674648,0.6507079881352155,7.246669009033959,1.1662387438591628
4.270655244775767e-06,1.0000001499098208,0.0,1.0575949366868488e-05,0.002050372283917884,0.0005052577112716746,0.6496440034978744,7.246996009953152,1.1663304080072956
3.997164408242604e-06,1.0000001403120449,0.0,1.0594812787749074e-05,0.001970318617680598,0.0004856592795278677,0.6485971671573678,7.247316241855886,1.166419920166851
3.741187715622374e-06,1.0000001313286109,0.0,1.061339021203569e-05,0.0018933697962950913,0.00046681387460215064,0.6475672905933076,7.2476298492722275,1.166507335529949
3.501603577871215e-06,1.0000001229202131,0.0,1.0631683735740516e-05,0.0018194065848031946,0.0004486929612285543,0.6465541835369764,7.24793697347572,1.16659270772893
3.277362230047487e-06,1.0000001150500586,0.0,1.0649695557038838e-05,0.0017483142591555034,0.00043126906353481344,0.6455576541861101,7.248237752563135,1.1666760888842749
3.067481133989247e-06,1.0000001076837064,0.0,1.0667427968486087e-05,0.001679982439515242,0.000414515726916058,0.6445775094107368,7.248532321532045,1.1667575296509678
2.871040671204028e-06,1.000000100788918,0.0,1.0684883349619795e-05,0.0016143049294872844,0.00039840748121378793,0.6436135549502713,7.248820812356298,1.1668370792633609
2.687180115090726e-06,1.0000000943355158,0.0,1.0702064159929545e-05,0.0015511795610734375,0.00038291980515905077,0.6426655956020956,7.249103354059429,1.1669147855785873
2.5150938587348293e-06,1.0000000882952529,0.0,1.071897293217876e-05,0.0014905080451629062,0.0003680290920402675,0.64173343540183,7.249380072786098,1.1669906951185676
2.3540278858424912e-06,1.0000000826416888,0.0,1.0735612266062843e-05,0.001432195827378184,0.00035371261655728695,0.6408168777955154,7.249651091871609,1.1670648531106635
2.203276466272719e-06,1.0000000773500735,0.0,1.075198482218879e-05,0.0013761519490912335,0.0003399485028230632,0.6399157258039327,7.2499165319095455,1.1671373035270143
2.062179064177272e-06,1.0000000723972404,0.0,1.0768093316362085e-05,0.0013222889134401408,0.00032671569347723353,0.6390297821792728,7.250176510817616,1.1672080891226089
1.930117443427193e-06,1.0000000677615057,0.0,1.078394051416724e-05,0.0012705225561737594,0.00031399391987473307,0.6381588495543775,7.25043114390173,1.1672772514721257
1.8065129600008945e-06,1.0000000634225723,0.0,1.0799529225828913e-05,0.001220771921165046,0.000301763673315946,0.6373027305847745,7.250680543918376,1.167344831005591
1.6908240247914819e-06,1.0000000593614413,0.0,1.0814862301341122e-05,0.001172959140427473,0.000290006177282929,0.6364612280837231,7.250924821135347,1.1674108670428875
1.5825437321703717e-06,1.0000000555603306,0.0,1.0829942625852544e-05,0.0011270093184852607,0.00027870336065091315,0.635634145150482,7.251164083390861,1.1674753978271524
1.481197638097953e-06,1.0000000520025942,0.0,1.0844773115296496e-05,0.0010828504209477868,0.0002678378318408752,0.6348212852920224,7.251398436151129,1.1675384605571066
1.3863416815640406e-06,1.000000048672653,0.0,1.0859356712254507e-05,0.0010404131671369193,0.0002573928538841916,0.6340224525383916,7.251627982566407,1.1676000914183438
1.297560238477935e-06,1.000000045555924,0.0,1.0873696382043062e-05,0.0009996309266356515,0.000247352320367801,0.633237451551938,7.25185282352559,1.1676603256136173
1.2144643016798184e-06,1.0000000426387572,0.0,1.0887795109013366e-05,0.0009604396196162147,0.00023770073223157917,0.6324660877306064,7.252073057709379,1.16771919739216
1.136689774972055e-06,1.0000000399083773,0.0,1.0901655893054515e-05,0.0009227776208155791,0.00022842317538881302,0.6317081673055036,7.252288781642062,1.167776740078062
1.063895879394039e-06,1.000000037352825,0.0,1.0915281746290825e-05,0.0008865856670356807,0.00021950529914273103,0.6309634974329364,7.252500089741969,1.167832986097749
9.957636583068918e-07,1.0000000349609084,0.0,1.092867568996445e-05,0.000851806768037127,0.00021093329537243003,0.6302318862811169,7.252707074370609,1.1678879670065754
9.319945816210762e-07,1.0000000327221503,0.0,1.0941840751494855e-05,0.0008183861207157923,0.00020269387846161106,0.6295131431117278,7.252909825880553,1.1679417135145789
8.723092362883378e-07,1.000000030626745,0.0,1.0954779961706998e-05,0.0007862710264384728,0.00019477426594577537,0.6288070783565348,7.253108432662087,1.1679942555114098
8.16446102946955e-07,1.0000000286655144,0.0,1.0967496352220459e-05,0.0007554108114304677,0.0001871621598533344,0.6281135036892368,7.2533029811886705,1.1680456220904718
7.641604095054433e-07,1.0000000268298672,0.0,1.0979992952992095e-05,0.0007257567501066792,0.00017984572871659627,0.6274322320927195,7.253493556061242,1.168095841572293
7.152230594442699e-07,1.0000000251117631,0.0,1.0992272790005107e-05,0.0006972619912384258,0.0001728135902301321,0.6267630779219099,7.253680240051392,1.1681449415271619
6.69419626619927e-07,1.0000000235036761,0.0,1.1004338883097675e-05,0.0006698814868578082,0.00016605479453462527,0.626105856962382,7.253863114143453,1.1681929487970408
6.265494174595432e-07,1.0000000219985616,0.0,1.1016194243924672e-05,0.0006435719238030626,0.00015955880810412481,0.6254603864848951,7.254042257575515,1.1682398895167931
5.864245897768683e-07,1.000000020589827,0.0,1.1027841874046207e-05,0.0006182916578019162,0.00015331549821593032,0.6248264852960238,7.254217747879424,1.1682857891347362
5.488693315403026e-07,1.0000000192713001,0.0,1.1039284763137013e-05,0.0005940006500168606,0.000147315117984136,0.6242039737850357,7.254389660919764,1.1683306724325493
5.137190887127829e-07,1.0000000180372055,0.0,1.1050525887310992e-05,0.0005706604059457394,0.00014154829193549772,0.6235926739671761,7.254558070931873,1.168374563544555
4.808198460493074e-07,1.0000000168821368,0.0,1.10615682075554e-05,0.0005482339166080789,0.00013600600211032508,0.6229924095235034,7.254723050558909,1.1684174859763965
4.500274506380464e-07,1.0000000158010334,0.0,1.10724146682695e-05,0.0005266856019264556,0.0001306795746693597,0.6224030058374298,7.2548846708879955,1.1684594626231264
4.2120698151570934e-07,1.00000001478916,0.0,1.1083068195902623e-05,0.0005059812562232925,0.00012556066698905452,0.6218242900280976,7.255043001485467,1.168500515786732
3.942321576966279e-07,1.0000000138420828,0.0,1.1093531697686891e-05,0.0004860879957626178,0.00012064125522861591,0.6212560909807388,7.255198110431258,1.168540667193115
3.6898478494862275e-07,1.0000000129556532,0.0,1.1103808060459964e-05,0.0004669742082515863,0.00011591362235132438,0.6206982393741425,7.255350064352425,1.1685799380085344
3.453542388731634e-07,1.0000000121259873,0.0,1.1113900149573505e-05,0.0004486095042448386,0.00011137034658560262,0.6201505677053661,7.2554989284558635,1.1686183488555486
3.232369785166611e-07,1.0000000113494507,0.0,1.1123810807883102e-05,0.0004309646703661548,0.00010700429030846906,0.6196129103118063,7.255644766560216,1.1686559198284519
3.0253609428765316e-07,1.000000010622641,0.0,1.1133542854815677e-05,0.00041401162429754654,0.00010280858933849231,0.6190851033907592,7.255787641127002,1.1686926705082386
2.831608818532061e-07,1.0000000099423743,0.0,1.1143099085510533e-05,0.00039772337145400124,9.877664262198326e-05,0.6185669850165805,7.255927613290989,1.168728619977102
2.650264466774743e-07,1.0000000093056698,0.0,1.1152482270030391e-05,0.0003820739632981237,9.490210229963687e-05,0.6180583951555602,7.256064742889834,1.1687637868324852
2.480533296544962e-07,1.000000008709738,0.0,1.1161695152638881e-05,0.00036703845722237203,9.117886413931124e-05,0.6175591756786205,7.256199088492997,1.1687981892006996
2.3216716071861043e-07,1.0000000081519684,0.0,1.1170740451141188e-05,0.0003525928779476023,8.760105832309015e-05,0.6170691703719409,7.256330707429966,1.1688318447501231
2.1729833266093124e-07,1.0000000076299174,0.0,1.1179620856284575e-05,0.00033871418038122336,8.416304057393023e-05,0.6165882249456147,7.2564596558178,1.168864770703996
2.0338169537392758e-07,1.0000000071412969,0.0,1.1188339031215816e-05,0.0003253802138787664,8.085938361224588e-05,0.6161161870404317,7.2565859885880055,1.16889698385282
1.9035627130126187e-07,1.000000006683967,0.0,1.1196897610992534e-05,0.00031256968785781276,7.7684868928476e-05,0.6156529062328799,7.256709759512784,1.1689285005663843
1.781649874299518e-07,1.0000000062559231,0.0,1.1205299202145678e-05,0.0003002621387186242,7.463447886153275e-05,0.6151982340384634,7.256831021230638,1.1689593368054172
1.6675442615632363e-07,1.0000000058552905,0.0,1.1213546382290504e-05,0.00028843789801369715,7.170338897170554e-05,0.6147520239134182,7.256949825271374,1.1689895081328914
1.5607459036282023e-07,1.0000000054803135,0.0,1.1221641699783437e-05,0.0002770780618304054,6.88869606975662e-05,0.6143141312549103,7.2570662220805175,1.1690190297249778
1.4607868481508746e-07,1.0000000051293494,0.0,1.1229587673422433e-05,0.00026616446133435976,6.618073428620269e-05,0.613884413399801,7.25718026104314,1.1690479163816752
1.3672291121480384e-07,1.0000000048008606,0.0,1.1237386792188498e-05,0.00025567963443364535,6.358042198750065e-05,0.6134627296220526,7.25729199050713,1.1690761825371103
1.2796627557598583e-07,1.0000000044934079,0.0,1.1245041515026132e-05,0.00024560679851972494,6.108190150260363e-05,0.6130489411288526,7.257401457805914,1.1691038422695343
1.197704100341923e-07,1.0000000042056434,0.0,1.1252554270660592e-05,0.00023592982424904593,5.868120967705555e-05,0.612642911055528,7.257508709280648,1.1691309093110145
1.1209940242729033e-07,1.0000000039363075,0.0,1.1259927457449907e-05,0.0002266332103203171,5.6374536430461126e-05,0.6122445044593174,7.257613790301878,1.169157397056834
1.0491964164138778e-07,1.0000000036842192,0.0,1.1267163443269787e-05,0.00021770205921705418,5.415821891310759e-05,0.6118535883120665,7.257716745290711,1.1691833185746154
9.81996686189035e-08,1.000000003448274,0.0,1.1274264565429503e-05,0.00020912205387410218,5.202873588209698e-05,0.6114700314919151,7.257817617739476,1.1692086866131641
9.191003846886758e-08,1.000000003227439,0.0,1.1281233130617007e-05,0.00020087943523462628,4.998270228870772e-05,0.6110937047740311,7.257916450231912,1.1692335136110545
8.602319268025127e-08,1.0000000030207457,0.0,1.1288071414871617e-05,0.00019296098066769532,4.801686406882507e-05,0.6107244808204575,7.258013284462894,1.1692578117049561
8.051333688641193e-08,1.0000000028272888,0.0,1.1294781663582665e-05,0.0001853539832075207,4.612809312946626e-05,0.6103622341691135,7.258108161257691,1.1692815927377174
7.53563290656345e-08,1.0000000026462204,0.0,1.1301366091512554e-05,0.00017804623159115365,4.431338252459472e-05,0.610006841222027,7.2582011205907815,1.1693048682662055
7.052957284869876e-08,1.0000000024767477,0.0,1.1307826882842781e-05,0.00017102599105680346,4.256984181229945e-05,0.6096581802328261,7.258292201604247,1.1693276495689175
6.601191937516404e-08,1.0000000023181277,0.0,1.1314166191241553e-05,0.00016428198488189962,4.089469258670075e-05,0.6093161312935563,7.258381442625726,1.169349947653367
6.178357359054587e-08,1.0000000021696658,0.0,1.1320386139951633e-05,0.00015780337662526372,3.928526417979806e-05,0.6089805763208603,7.258468881185971,1.169371773263255
5.782600864812082e-08,1.000000002030711,0.0,1.1326488821897171e-05,0.00015157975305432007,3.773898952488266e-05,0.6086513990415698,7.2585545540359915,1.169393136885426
5.412188375242266e-08,1.000000001900655,0.0,1.1332476299808331e-05,0.0001456011077240922,3.625340117627599e-05,0.6083284849777534,7.258638497163817,1.1694140487566287
5.065496899714361e-08,1.0000000017789272,0.0,1.1338350606362531e-05,0.0001398578251909791,3.482612748071149e-05,0.6080117214312574,7.258720745810869,1.1694345188700723
4.741007308961542e-08,1.000000001664995,0.0,1.134411374434124e-05,0.00013434066582943514,3.3454888892857576e-05,0.6077009974677859,7.258801334487967,1.1694545569817973
4.437297873582935e-08,1.0000000015583588,0.0,1.1349767686801265e-05,0.00012904075123629883,3.2137494431066734e-05,0.6073962039005488,7.25888029699097,1.1694741726168583
4.1530377914433814e-08,1.0000000014585517,0.0,1.1355314377259545e-05,0.0001239495501926583,3.0871838267570724e-05,0.6070972332735219,7.258957666416059,1.1694933750753316
3.886981569944936e-08,1.0000000013651362,0.0,1.136075572989051e-05,0.00011905886517220516,2.9655896448027423e-05,0.6068039798443485,7.259033475174684,1.1695121734381455
3.637963430502822e-08,1.0000000012777026,0.0,1.1366093629735119e-05,0.0001143608193616653,2.8487723736350906e-05,0.606516339566916,7.259107755008165,1.1695305765727475
3.404892257030667e-08,1.000000001195868,0.0,1.1371329932920697e-05,0.00010984784418822556,2.73654505785544e-05,0.6062342100736419,7.25918053700197,1.169548593138605
3.1867467997770405e-08,1.000000001119275,0.0,1.1376466466890775e-05,0.00010551266732443127,2.6287280183266183e-05,0.6059574906574907,7.259251851599672,1.1695662315925517
2.982571278842272e-08,1.0000000010475858,0.0,1.1381505030644171e-05,0.00010134830115859656,2.525148571298557e-05,0.6056860822537613,7.259321728616587,1.1695835001939816
2.7914710210019678e-08,1.000000000980488,0.0,1.1386447394982555e-05,9.734803170514212e-05,2.4256407582341636e-05,0.6054198874216611,7.259390197253121,1.169600407009892
2.612608729357646e-08,1.0000000009176873,0.0,1.1391295302765815e-05,9.350540794984558e-05,2.3300450859718236e-05,0.6051588103257001,7.259457286107802,1.169616959919788
2.445200653067303e-08,1.000000000858908,0.0,1.1396050469174566e-05,8.981423160258446e-05,2.238208276795074e-05,0.6049027567169214,7.259523023190034,1.1696331666204463
2.28851331218749e-08,1.0000000008038932,0.0,1.1400714581979154e-05,8.626854724751425e-05,2.1499830280627148e-05,0.6046516339140029,7.259587435932564,1.1696490346305433
2.141860111493088e-08,1.0000000007524013,0.0,1.1405289301814577e-05,8.286263287404349e-05,2.0652277810177225e-05,0.6044053507842372,7.25965055120367,1.169664571295157
2.0045985205108252e-08,1.0000000007042067,0.0,1.1409776262460741e-05,7.959099077376776e-05,1.9838064984493043e-05,0.6041638177244232,7.259712395319082,1.1696797837901394
1.8761270537126506e-08,1.0000000006590988,0.0,1.1414177071127556e-05,7.64483387908953e-05,1.9055884508719983e-05,0.6039269466416832,7.259772994053638,1.1696946791263676
1.755882816922849e-08,1.0000000006168794,0.0,1.1418493308744255e-05,7.34296019112503e-05,1.8304480108989694e-05,0.603694650934223,7.259832372652684,1.1697092641538793
1.6433389982140056e-08,1.0000000005773637,0.0,1.1422726530252614e-05,7.052990417657752e-05,1.7582644554892785e-05,0.6034668454720564,7.259890555843219,1.1697235455658874
1.5380023810074306e-08,0.9999975569166675,0.0004,1.1426961331660922e-05,6.75182275362749e-05,1.6832969626547718e-05,0.6032389770898798,7.259948708008495,1.169737809473828
1.6160591855718387e-05,0.9999928281388374,0.0008,1.143118901222994e-05,6.442379597160902e-05,1.6062698105179197e-05,0.6030117035225978,7.260006655412082,1.169751984531377
4.739040786566617e-05,0.9999859623844469,0.0012,1.1435401056930336e-05,6.127494824896421e-05,1.527885458092336e-05,0.602785666514998,7.260064229108498,1.1697660015111282
9.270846472131389e-05,0.9999770980924633,0.0016,1.143958915155064e-05,5.809877752357756e-05,1.4488156991175486e-05,0.602561490726285,7.2601212652026375,1.1697797934107719
0.00015118111216866348,0.9999663646162871,0.002,1.1443745196917398e-05,5.4920850883502514e-05,1.3696947707487138e-05,0.6023397827307713,7.260177605078373,1.1697932955440744
0.00022193359924205236,0.99995388279757,0.0024,1.1447861322211729e-05,5.1764998560681775e-05,1.2911141643383978e-05,0.6021211301120954,7.260233095597907,1.1698064456175359
0.00030414673447443086,0.9999397655011185,0.0028000000000000004,1.1451929897367884e-05,4.8653163516179394e-05,1.213618910608674e-05,0.6019061006483725,7.260287589273438,1.1698191837935692
0.00039705372256132465,0.999924118113888,0.0032,1.1455943544538162e-05,4.5605303017929536e-05,1.1377051345916366e-05,0.6016952415859139,7.260340944412595,1.1698314527410232
0.0004999371688898524,0.9999070390108284,0.0036,1.1459895148608832e-05,4.263933467608602e-05,1.063818696730133e-05,0.6014890789992784,7.260393025239049,1.1698431976738286
0.0006121262436525887,0.9998886199900998,0.004,1.1463777866752852e-05,3.977112016304149e-05,9.923547558333859e-06,0.6012881172354979,7.260443701989654,1.1698543663785372
0.0007329939975634359,0.9998689466799593,0.0044,1.1467585137007316e-05,3.701448058326083e-05,9.236581072340016e-06,0.6010928384403592,7.2604928509893885,1.1698649092314695
0.0008619548215210715,0.9998480989194306,0.0048,1.1471310685866102e-05,3.438123809125981e-05,8.580241653668812e-06,0.6009037021646385,7.260540354705328,1.1698747792061863
0.000998462042869186,0.9998261511146854,0.005200000000000001,1.1474948534881522e-05,3.1881278971907954e-05,7.957004748016872e-06,0.6007211450481432,7.260586101780858,1.1698839318719578
0.001142005651223299,0.9998031725729076,0.005600000000000001,1.1478493006272275e-05,2.952263393849017e-05,7.368886467511377e-06,0.6005455805793845,7.260629987051241,1.1698923253838793
0.0012921101471521923,0.9997792278152563,0.006,1.1481938727538924e-05,2.731157191256193e-05,6.81746630581655e-06,0.6003773989286163,7.260671911541651,1.1698999204652683
0.0014483325073054165,0.9997543768704195,0.0064,1.1485280635092285e-05,2.525270399933075e-05,6.3039124032449e-06,0.6002169668519136,7.260711782448739,1.1699066803829379
0.0016102602598813687,0.9997286755501188,0.0068000000000000005,1.1488513976904283e-05,2.3349094791231054e-05,5.829008665881002e-06,0.6000646276638482,7.260749513106749,1.169912570915935
0.0017775096646338029,0.9997021757078182,0.0072,1.1491634314195117e-05,2.160237851114833e-05,5.393183129989926e-06,0.599920701276238,7.260785022939168,1.1699175603182885
0.0019497239918954135,0.9996749254817857,0.0076,1.14946375221747e-05,2.0012877841126854e-05,4.99653704599004e-06,0.5997854843003343,7.260818237396891,1.1699216192763175
0.002126571895378071,0.9996469695235694,0.008,1.1497519789860585e-05,1.85797235963763e-05,4.638874229528239e-06,0.599659250209712,7.260849087883799,1.1699247208609855
0.0023077458737830736,0.9996183492128533,0.0084,1.1500277618998367e-05,1.730097368164837e-05,4.319730294182302e-06,0.5995422495610228,7.260877511670669,1.1699268404758183
0.002492960816507128,0.9995891028595972,0.0088,1.150290782211439e-05,1.6173730010529642e-05,4.038401439352454e-06,0.5994347102696936,7.260903451798274,1.1699279558008255
0.002681952628983353,0.9995592658942792,0.0092,1.1505407519734008e-05,1.5194252301641877e-05,3.793972522383028e-06,0.5993368379375471,7.260926856970515,1.1699280467328919
0.0028744769334329567,0.9995288710470017,0.0096,1.1507774136801812e-05,1.4358067854899773e-05,3.5853441901476427e-06,0.5992488162292638,7.26094768143841,1.1699270953230445
0.003070307841033515,0.9994979485161722,0.01,1.1510005398343171e-05,1.3660076598202365e-05,3.411258889888868e-06,0.5991708072945249,7.260965884875705,1.1699250857110155
0.0032692367917186993,0.9994665261273913,0.010400000000000001,1.1512099324408896e-05,1.30946508510605e-05,3.2703256181684022e-06,0.5991029522326369,7.260981432246892,1.169922004057473
0.003471071458043651,0.9994346294831657,0.0108,1.1514054224347094e-05,1.2655729382453286e-05,3.161043297555949e-06,0.5990453715963895,7.260994293668367,1.169917838474283
0.0036756347097305353,0.999402282103988,0.011200000000000002,1.1515868690448074e-05,1.2336905478661938e-05,3.0818227060592227e-06,0.5989981659318737,7.261004444263425,1.169912578953157
0.0038827636357075535,0.9993695055613055,0.0116,1.1517541591009599e-05,1.2131508829369125e-05,3.0310069055777453e-06,0.5989614163509884,7.261011864011798,1.1699062172929917
0.004092308620622653,0.999336319602852,0.012,1.1519072062871039e-05,1.2032681145365842e-05,3.0068901422530977e-06,0.5989351851333435,7.261016537594394,1.1698987470262265
0.004304132472982558,0.9993027422707867,0.0124,1.1520459503465554e-05,1.2033445492197871e-05,3.00773521036147e-06,0.5989195163543112,7.261018454233867,1.1698901633444918
0.00451810960222121,0.9992687900130525,0.0128,1.1521703562440014e-05,1.2126769402531377e-05,3.031789289326272e-06,0.598914436535985,7.261017607531663,1.1698804630238249
0.004734125242155718,0.9992344777883397,0.013200000000000002,1.1522804132892358e-05,1.230562187665e-05,3.077298276984639e-06,0.5989199553178708,7.261013995302084,1.1698696443497048
0.004952074718418409,0.9991998191650072,0.013600000000000001,1.1523761342275912e-05,1.2563024444963084e-05,3.1425196568565453e-06,0.5989360661441747,7.261007619403997,1.1698577070421454
0.005171862757594237,0.9991648264143027,0.013999999999999999,1.1524575543019668e-05,1.2892096490092308e-05,3.2257339450101247e-06,0.5989627469646371,7.260998485570689,1.1698446521810615
0.005393402835905281,0.9991295105981879,0.0144,1.1525247302912676e-05,1.3286095069214431e-05,3.3252547731142397e-06,0.5989999609459388,7.260986603238413,1.1698304821321135
0.005616616565414567,0.9990938816520638,0.0148,1.152577739529972e-05,1.3738449503122234e-05,3.439437668690466e-06,0.5990476571907897,7.260971985374109,1.169815200473228
0.005841433115812311,0.9990579484626694,0.0152,1.1526166789134088e-05,1.4242791007181553e-05,3.5666876008942923e-06,0.5991057714619316,7.260954648302795,1.1697988119219538
0.00606778866996549,0.9990217189414109,0.015600000000000001,1.1526416638931747e-05,1.4792977667597992e-05,3.705465362278002e-06,0.5991742269083798,7.260934611535056,1.1697813222638296
0.006295625911500291,0.9989852000933619,0.016,1.1526528274669636e-05,1.5383115063128267e-05,3.854292860363084e-06,0.599252934791356,7.260911897595082,1.1697627382818983
0.006524893542776855,0.998948398082164,0.016399999999999998,1.1526503191668786e-05,1.600757284528592e-05,4.0117573954556715e-06,0.5993417952074913,7.260886531849646,1.169743067687506
0.00675554583170318,0.9989113182910381,0.0168,1.152634304050108e-05,1.666099758438537e-05,4.176514998591754e-06,0.5994406978070064,7.260858542338423,1.1697223190525088
0.006987542185912576,0.9988739653801142,0.0172,1.1526049616956327e-05,1.733832219194732e-05,4.347292907527257e-06,0.5995495225047117,7.2608279596059875,1.1697005017429933
0.007220846752904131,0.9988363433402646,0.0176,1.152562485210411e-05,1.803477222103996e-05,4.5228912536568426e-06,0.5996681401818142,7.260794816535858,1.1696776258546049
0.007455428044815193,0.9987984555436241,0.018000000000000002,1.1525070802482586e-05,1.8745869340436414e-05,4.702184034012303e-06,0.5997964133766545,7.2607591481868825,1.16965370214958
0.007691258586562,0.9987603047909691,0.0184,1.1524389640444059e-05,1.9467432268711543e-05,4.884119438787263e-06,0.5999341969626435,7.260720991632274,1.1696287419955465
0.007928314586145457,0.9987218933561155,0.0188,1.1523583644684819e-05,2.0195575442469478e-05,5.067719603403494e-06,0.6000813388118149,7.260680385801566,1.169602757306163
0.008166575625975114,0.9986832230274891,0.0192,1.1522655190984357e-05,2.09267056831698e-05,5.252079849688232e-06,0.6002376804425485,7.260637371325741,1.169575760483654
0.008406024374125964,0.9986442951470189,0.0196,1.152160674317662e-05,2.1657517108786685e-05,5.4363674802551356e-06,0.6004030576501641,7.260591990385773,1.1695477643632857
0.008646646314482975,0.9986051106464878,0.02,1.1520440844373715e-05,2.23849845285704e-05,5.619820183323644e-06,0.600577301119233,7.260544286564781,1.169518782159816
0.008888429494791017,0.9985682186053433,0.02,1.1519172738495653e-05,2.2959309095053123e-05,5.7647178246672954e-06,0.6007584274463886,7.260494799602109,1.169489124072164
0.009115561733497812,0.9985334696371315,0.02,1.1517816607345468e-05,2.33872469263769e-05,5.87274915381052e-06,0.6009452801009731,7.260443835301235,1.1694589239162412
0.009329030308115827,0.9985007245495703,0.02,1.151638532431433e-05,2.3677381555697137e-05,5.946067223832756e-06,0.6011368094493487,7.260391672036913,1.169428303199026
0.009529751704421274,0.9984698536482366,0.02,1.1514890556751226e-05,2.3839491621203924e-05,5.987129491157728e-06,0.6013320643886535,7.260338562847724,1.1693973720973305
0.00971857691328637,0.9984407360856172,0.02,1.1513342862057201e-05,2.3884054138200003e-05,5.998572044245868e-06,0.6015301845453519,7.260284737379193,1.1693662303611985
0.009896296313918918,0.998413259252985,0.02,1.1511751777604164e-05,2.3821858518391728e-05,5.983111760134133e-06,0.601730393012275,7.2602304036878325,1.169334968147892
0.010063644177734032,0.9983873182126339,0.02,1.1510125904639948e-05,2.3663710732771458e-05,5.943471229802582e-06,0.6019319895969372,7.260175749915789,1.1693036667919168
0.010221302824001577,0.9983628151680941,0.02,1.1508472986386845e-05,2.3420210551358483e-05,5.8823221687596695e-06,0.6021343445535349,7.2601209458450535,1.1692723995160632
0.010369906455631406,0.9983396589700209,0.02,1.1506799980573307e-05,2.3101587748355825e-05,5.802243760652e-06,0.6023368927710753,7.260066144339624,1.1692412320880443
0.010510044700971388,0.998317764655573,0.02,1.1505113126660318e-05,2.2717585615840332e-05,5.7056929970226685e-06,0.6025391283904528,7.26001148268341,1.169210223426913
0.01064226588523387,0.9982970530191703,0.02,1.1503418008037352e-05,2.2277382204028697e-05,5.594984588853767e-06,0.6027405998239288,7.259957083821144,1.169179426163123
0.010767080053134814,0.9982774502126439,0.02,1.1501719609469392e-05,2.178954138425278e-05,5.472278455821231e-06,0.6029409051512855,7.259903057509053,1.1691488871557534
0.010884961762490653,0.9982588873728782,0.02,1.1500022370077778e-05,2.126198729116203e-05,5.339573154870513e-06,0.603139687867888,7.259849501381598,1.1691186479701743
0.010996352666851728,0.9982413002751598,0.02,1.1498330232134741e-05,2.0701996851458398e-05,5.198703911579483e-06,0.6033366329609523,7.259796501940134,1.16908874531914
0.011101663903730685,0.9982246290105355,0.02,1.1496646685945409e-05,2.0116206111803333e-05,5.051344161264228e-06,0.6035314632914323,7.259744135468968,1.1690592114700724
0.011201278303618556,0.9982088176855857,0.02,1.1494974811082688e-05,1.9510626881412755e-05,4.899009717485641e-06,0.6037239362600969,7.259692468883892,1.1690300746210889
0.011295552433723599,0.9981938141431115,0.02,1.1493317314230257e-05,1.8890670880133053e-05,4.7430648522675095e-06,0.6039138407375466,7.259641560517929,1.1690013592481174
0.011384818489232895,0.998179569702325,0.02,1.149167656387754e-05,1.826117914384629e-05,4.584729716386758e-06,0.6041009942390652,7.259591460848717,1.1689730864252734
0.011469386043851615,0.9981660389172166,0.02,1.1490054622098465e-05,1.7626454892020885e-05,4.425088643265877e-06,0.6042852403263796,7.259542213171624,1.1689452741205015
0.011549543670435092,0.9981531793518558,0.02,1.1488453273633252e-05,1.699029844136297e-05,4.2650989751911485e-06,0.6044664462194844,7.259493854222439,1.1689179374683296
0.011625560441652583,0.9981409513714694,0.02,1.1486874052479745e-05,1.635604306015221e-05,4.105600131485741e-06,0.6046445006027944,7.259446414753192,1.1688910890214528
0.011697687319838002,0.998129317948198,0.02,1.1485318266188287e-05,1.5726590907598546e-05,3.947322699491865e-06,0.6048193116109216,7.259399920064421,1.1688647389827231
0.011766158444448505,0.9981182444805249,0.02,1.1483787018041493e-05,1.5104448409635537e-05,3.7908973840231048e-06,0.6049908049803658,7.259354390496996,1.1688388954190185
0.011831192324897322,0.9981076986254149,0.02,1.1482281227288394e-05,1.4491760587857121e-05,3.636863692091117e-06,0.6051589223543505,7.2593098418863455,1.168813564458333
0.011892992945906511,0.9980976501422872,0.02,1.1480801647590603e-05,1.3890343994329133e-05,3.485678263967382e-06,0.6053236197289453,7.259266285981802,1.1687887504713526
0.011951750791977578,0.9980880707479852,0.02,1.1479348883827022e-05,1.3301718008792952e-05,3.3377227898023738e-06,0.6054848660294475,7.259223730833532,1.168764456238674
0.012007643797057266,0.9980789339819758,0.02,1.1477923407392973e-05,1.2727134347488241e-05,3.1933114717216867e-06,0.6056426418068032,7.259182181149388,1.1687406831047378
0.012060838225006254,0.9980702150810581,0.02,1.1476525570119523e-05,1.2167604690596634e-05,3.052698009414927e-06,0.6057969380445959,7.259141638623843,1.1687174311194755
0.012111489486050342,0.9980618908629082,0.02,1.1475155616929144e-05,1.1623926399008876e-05,2.916082100818979e-06,0.6059477550678276,7.259102102241013,1.1686946991685891
0.012159742893985359,0.9980539396178414,0.02,1.1473813697335143e-05,1.1096706318723117e-05,2.783615458269896e-06,0.606095101545381,7.259063568553651,1.1686724850933219
0.012205734368553212,0.9980463410082037,0.02,1.147249987588357e-05,1.0586382717401644e-05,2.655407350346455e-06,0.6062389935786525,7.259026031939844,1.168650785800501
0.012249591087056921,0.998039075974857,0.02,1.1471214141628765e-05,1.0093245405827685e-05,2.5315296844777096e-06,0.6063794538694346,7.258989484839043,1.1686295973635985
0.012291432088984644,0.9980321266502521,0.02,1.1469956416726166e-05,9.617454124647242e-06,2.412021648860781e-06,0.606516510960636,7.258953917968935,1.1686089151154773
0.012331368837111611,0.9980254762776241,0.02,1.146872656421937e-05,9.159055277970689e-06,2.2968939369613265e-06,0.6066501985439409,7.258919320524547,1.168588733733457
0.012369505738302589,0.9980191091358701,0.02,1.146752439509201e-05,8.717997113383605e-06,2.1861325769976614e-06,0.6067805548289479,7.258885680360914,1.1685690473172836
0.01240594062698075,0.9980130104697134,0.02,1.1466349674649238e-05,8.294143439993443e-06,2.0797023928190834e-06,0.6069076219687757,7.258852984160492,1.1685498494605349
0.012440765214008165,0.9980071664247661,0.02,1.146520212828814e-05,7.887285990740029e-06,1.9775501201862327e-06,0.6070314455374968,7.25882121758648,1.168531133315975
0.012474065503524256,0.9980015639871549,0.02,1.1464081446711477e-05,7.4971555196647185e-06,1.8796072040420519e-06,0.6071520740551332,7.258790365423067,1.1685128916553051
0.012505922180084617,0.9979961909273708,0.02,1.1462987290634505e-05,7.123431736830524e-06,1.7857923014350012e-06,0.6072695585562893,7.2587604117036095,1.1684951169237547
0.012536410968280676,0.9979910357480556,0.02,1.146191929503035e-05,6.765752169844198e-06,1.696013512848994e-06,0.6073839521988004,7.2587313398276265,1.1684778012899006
0.012565602966844558,0.9979860876354335,0.02,1.146087707295562e-05,6.4237200433597645e-06,1.6101703657971192e-06,0.6074953099090655,7.25870313266746,1.1684609366910865
0.012593564959102965,0.9979813364141341,0.02,1.1459860218994215e-05,6.0969112624217805e-06,1.5281555716134017e-06,0.6076036880610062,7.258675772665396,1.1684445148747828
0.012620359701505768,0.9979767725051629,0.02,1.1458868312354091e-05,5.784880575425075e-06,1.4498565754948663e-06,0.6077091441858257,7.258649241921952,1.168428527436205
0.012646046191817195,0.9979723868867965,0.02,1.1457900919648698e-05,5.487166997401405e-06,1.3751569190497955e-06,0.6078117367099771,7.25862352227603,1.1684129658524776
0.012670679918450167,0.9979681710581936,0.02,1.1456957597391978e-05,5.203298556990231e-06,1.303937433689374e-06,0.6079115247189647,7.258598595377539,1.168397821513621
0.012694313092306841,0.9979641170055267,0.02,1.145603789423336e-05,4.9327964411085385e-06,1.2360772800576513e-06,0.6080085677447707,7.258574442753101,1.1683830857506077
0.012716994862396969,0.9979602171704587,0.02,1.145514135295679e-05,4.675178587128259e-06,1.1714548502282212e-06,0.6081029255749082,7.258551045865339,1.1683687498607203
0.012738771516398018,0.9979564644207941,0.02,1.1454267512265729e-05,4.42996278670913e-06,1.1099485451608867e-06,0.6081946580812402,7.258528386166292,1.1683548051304287
0.012759686667249581,0.9979528520231528,0.02,1.1453415908374113e-05,4.196669347398022e-06,1.0514374421992313e-06,0.6082838250668678,7.258506445145395,1.1683412428559814
0.012779781426783432,0.9979493736175215,0.02,1.1452586076421484e-05,3.9748233601331244e-06,9.958018621438025e-07,0.6083704861295196,7.258485204372469,1.168328054361898
0.012799094567323255,0.9979460231935505,0.02,1.1451777551728842e-05,3.7639566147235222e-06,9.429238484987788e-07,0.6084547005400142,7.258464645536108,1.1683152310175313
0.01281766267211687,0.9979427950684697,0.02,1.1450989870910363e-05,3.5636092054266847e-06,8.926875684190066e-07,0.6085365271344755,7.2584447504778575,1.1683027642518569
0.012835520275399859,0.9979396838665142,0.02,1.1450222572854636e-05,3.3733308548874693e-06,8.449796431474535e-07,0.6086160242190851,7.258425501222502,1.1682906455666362
0.01285269999283456,0.9979366844997459,0.02,1.1449475199588e-05,3.1926819965836704e-06,7.99689417385102e-07,0.608693249486271,7.258406880004802,1.168278866548084
0.012869232643008988,0.9979337921501776,0.02,1.1448747297031264e-05,3.0212346394189213e-06,7.567091742481115e-07,0.6087682599413051,7.258388869292967,1.1682674188771724
0.012885147360634952,0.9979310022531083,0.02,1.1448038415660221e-05,2.8585730404765938e-06,7.159343021882373e-07,0.60884111183838,7.258371451809129,1.1682562943386763
0.012900471702034344,0.9979283104815765,0.02,1.1447348111079283e-05,2.7042942162594486e-06,6.77263420762993e-07,0.6089118606253007,7.258354610547096,1.1682454848290738
0.012915231743462041,0.9979257127318646,0.02,1.1446675944516795e-05,2.558008301690388e-06,6.405984691438377e-07,0.6089805608960148,7.25833832878759,1.1682349823633982
0.01292945217277508,0.9979232051099701,0.02,1.1446021483249814e-05,2.4193387880950222e-06,6.058447636901168e-07,0.609047266350245,7.258322590111202,1.168224779081128
0.012943156374913889,0.9979207839189803,0.02,1.144538430096534e-05,2.2879226510789518e-06,5.729110276655319e-07,0.6091120297595779,7.2583073784092695,1.1682148672512045
0.012956366511639117,0.9979184456472904,0.02,1.1444763978064428e-05,2.1634103797398875e-06,5.417093977056787e-07,0.6091749029393899,7.258292677892848,1.1682052392762483
0.01296910359592246,0.9979161869575967,0.02,1.1444160101914979e-05,2.0454659322837474e-06,5.121554098906292e-07,0.6092359367260645,7.258278473099952,1.1681958876960519
0.012981387561373958,0.9979140046766225,0.02,1.1443572267058496e-05,1.933766615554779e-06,4.841679687653792e-07,0.609295180958984,7.258264748901239,1.1681868051904067
0.012993237327048768,0.9979118957855128,0.02,1.144300007537551e-05,1.8280029146428348e-06,4.5766930221303017e-07,0.6093526844668374,7.258251490504251,1.168177984581332
0.013004670857960698,0.9979098574108651,0.02,1.1442443136214126e-05,1.727878268122893e-06,4.3258490374582423e-07,0.6094084950578126,7.258238683456386,1.1681694188347584
0.01301570522159956,0.9979078868163405,0.02,1.144190106648548e-05,1.6331088031897544e-06,4.088434653000934e-07,0.609462659513283,7.258226313646686,1.1681611010617126
0.013026356640736259,0.9979059813948198,0.02,1.1441373490729803e-05,1.5434230447329339e-06,3.863768020390869e-07,0.6095152235846352,7.258214367306592,1.1681530245190634
0.013036640542766487,0.9979041386610683,0.02,1.144086004115618e-05,1.4585615894780444e-06,3.6511976988713756e-07,0.6095662319929076,7.258202831009741,1.1681451826098554
0.013046571605841772,0.9979023562448727,0.02,1.144036035765904e-05,1.3782767673066226e-06,3.4501017920014526e-07,0.60961572843094,7.25819169167092,1.1681375688832873
0.01305616380200153,0.9979006318846132,0.02,1.1439874087813928e-05,1.3023322812968062e-06,3.259887036190821e-07,0.6096637555677722,7.258180936544264,1.1681301770343577
0.013065430437523451,0.9978989634212511,0.02,1.1439400886855001e-05,1.230502841280062e-06,3.0799878673033626e-07,0.6097103550550249,7.258170553220774,1.1681230009032204
0.013074384190673694,0.9978973487926933,0.02,1.1438940417636394e-05,1.1625737863915826e-06,2.9098654712834143e-07,0.6097555675350533,7.258160529625233,1.1681160344742803
0.013083037147043342,0.9978957860285127,0.02,1.143849235057937e-05,1.0983407068635554e-06,2.7490068180067477e-07,0.6097994326506553,7.258150854012595,1.1681092718750523
0.013091400832633493,0.9978942732450017,0.02,1.1438056363607103e-05,1.0376090600353808e-06,2.596923699826751e-07,0.609841989056147,7.258141514963904,1.168102707374815
0.013099486244842862,0.9978928086405303,0.02,1.1437632142068577e-05,9.801937936231784e-07,2.4531517694128654e-07,0.6098832744296407,7.258132501381798,1.168096335383082
0.013107303881501386,0.9978913904911969,0.02,1.1437219378653102e-05,9.259189647490597e-07,2.3172495868268987e-07,0.609923325486357,7.258123802485668,1.1680901504479113
0.013114863768083296,0.9978900171467431,0.02,1.1436817773296749e-05,8.746173702825602e-07,2.1887976801076496e-07,0.6099621779928388,7.258115407806496,1.168084147254075
0.013122175483222365,0.9978886870267194,0.02,1.1436427033081802e-05,8.261301795167518e-07,2.0673976190066346e-07,0.609999866781931,7.258107307181441,1.168078320621104
0.013129248182643938,0.997887398616887,0.02,1.143604687213034e-05,7.803065747197962e-07,1.9526711104670484e-07,0.6100364257684154,7.2580994907481955,1.1680726655012303
0.01313609062162091,0.9978861504658338,0.02,1.1435677011492851e-05,7.370034011731994e-07,1.8442591157001332e-07,0.6100718879651843,7.2580919489391595,1.168067176977236
0.013142711176053146,0.9978849411817956,0.02,1.1435317179032753e-05,6.960848253879194e-07,1.7418209867921966e-07,0.6101062854998661,7.258084672475464,1.168061850260229
0.01314911786226114,0.9978837694296671,0.02,1.1434967109307528e-05,6.574220031377201e-07,1.6450336321953855e-07,0.610139649631808,7.25807765236087,1.1680566806873527
0.013155318355581092,0.997882633928189,0.02,1.1434626543447218e-05,6.208927578456406e-07,1.553590704363289e-07,0.6101720107693452,7.2580708798755795,1.1680516637194442
0.013161320007840649,0.9978815334473022,0.02,1.1434295229030829e-05,5.863812686097937e-07,1.467201817293615e-07,0.6102033984872732,7.2580643465699755,1.168046794938654
0.013167129863788818,0.9978804668056549,0.02,1.1433972919961213e-05,5.537777702382891e-07,1.385591788243966e-07,0.610233841544472,7.2580580442583145,1.1680420700460286
0.013172754676549436,0.9978794328682556,0.02,1.1433659376338915e-05,5.229782635398424e-07,1.3084999096904545e-07,0.6102633679016157,7.258051965012404,1.168037484859075
0.013178200922163041,0.9978784305442613,0.02,1.1433354364335405e-05,4.938842343229794e-07,1.2356792437562023e-07,0.6102920047389191,7.258046101155267,1.168033035309309
0.013183474813276919,0.9978774587848902,0.02,1.1433057656066072e-05,4.6640238749577915e-07,1.166895950187022e-07,0.6103197784738733,7.258040445254813,1.1680287174397905
0.013188582312035901,0.997876516581456,0.02,1.143276902946334e-05,4.4044438792367865e-07,1.1019286367318988e-07,0.610346714778932,7.258034990117551,1.168024527402666
0.013193529142230931,0.9978756029635094,0.02,1.143248826815017e-05,4.1592661389764697e-07,1.0405677389302873e-07,0.6103728385991067,7.258029728782325,1.168020461456707
0.013198320800747676,0.9978747169970846,0.02,1.1432215161314265e-05,3.9276992064434814e-07,9.826149234849735e-08,0.6103981741694424,7.258024654514112,1.168016515964862
0.013202962568366006,0.9978738577830446,0.02,1.143194950358314e-05,3.708994129919985e-07,9.278825207469511e-08,0.6104227450323432,7.258019760797874,1.1680126873918197
0.013207459519947173,0.9978730244555151,0.02,1.1431691094900326e-05,3.502442294990463e-07,8.761929790752278e-08,0.6104465740547198,7.258015041332488,1.1680089723015934
0.013211816534049625,0.9978722161804018,0.02,1.143143974040285e-05,3.3073733627616745e-07,8.2737834627138e-08,0.6104696834449405,7.25801049002475,1.1680053673551238
0.01321603830201129,0.9978714321539941,0.02,1.1431195250300133e-05,3.123153278206849e-07,7.812797717442218e-08,0.610492094769564,7.2580061009834695,1.1680018693079084
0.013220129336527608,0.9978706716016355,0.02,1.1430957439754482e-05,2.9491824077589024e-07,7.377470358104286e-08,0.6105138289698364,7.258001868513653,1.167998475007658
0.013224093979762985,0.9978699337764714,0.02,1.1430726128763221e-05,2.784893719997916e-07,6.966380960696333e-08,0.6105349063779383,7.257997787110789,1.1679951813919829
0.013227936411018937,0.9978692179582567,0.02,1.1430501142042644e-05,2.629751103164587e-07,6.578186611287936e-08,0.6105553467329704,7.257993851455228,1.1679919854861127
0.013231660653990951,0.9978685234522304,0.02,1.1430282308913775e-05,2.483247717743897e-07,6.211617797414414e-08,0.6105751691966665,7.257990056406683,1.16798888440065
0.01323527058363605,0.9978678495880452,0.02,1.1430069463190094e-05,2.3449044543884354e-07,5.865474519868981e-08,0.6105943923688241,7.257986396998826,1.1679858753293582
0.013238769932678973,0.9978671957187527,0.02,1.1429862443067178e-05,2.2142684651226127e-07,5.538622617227225e-08,0.6106130343024437,7.257982868433995,1.1679829555469887
0.013242162297773585,0.99786656121984,0.02,1.142966109101443e-05,2.0909117598968187e-07,5.2299902339729854e-08,0.6106311125185818,7.257979466078035,1.1679801224071467
0.013245451145345977,0.9978659454883142,0.02,1.1429465253668786e-05,1.974429871331055e-07,4.938564481458557e-08,0.6106486440208947,7.2579761854552265,1.1679773733401928
0.013248639817136032,0.9978653479418331,0.02,1.1429274781730545e-05,1.864440607740405e-07,4.663388281618357e-08,0.6106656453098871,7.257973022243352,1.16797470585119
0.013251731535453448,0.9978647680178775,0.02,1.1429089529861264e-05,1.7605828400922395e-07,4.4035573555140415e-08,0.610682132396853,7.25796997226887,1.167972117517886
0.013254729408169241,0.9978642051729643,0.02,1.1428909356583748e-05,1.6625153746370762e-07,4.1582173742792176e-08,0.6106981208175125,7.257967031502206,1.1679696059887417
0.013257636433456566,0.9978636588818987,0.02,1.1428734124184162e-05,1.5699158640476583e-07,3.926561235241565e-08,0.6107136256453438,7.257964196053169,1.167967168980996
0.013260455504294388,0.9978631286370601,0.02,1.1428563698616203e-05,1.482479792453865e-07,3.7078265120101084e-08,0.6107286615046066,7.257961462166469,1.1679648042787762
0.01326318941274951,0.9978626139477229,0.02,1.1428397949407398e-05,1.3999195018966524e-07,3.501293031844096e-08,0.6107432425830611,7.257958826217372,1.1679625097312483
0.013265840854049915,0.9978621143394091,0.02,1.1428236749567467e-05,1.3219632814278053e-07,3.306280542556652e-08,0.6107573826443907,7.2579562847074515,1.1679602832508083
0.013268412430459842,0.9978616293532704,0.02,1.142807997549872e-05,1.248354482118259e-07,3.122146546383022e-08,0.6107710950403153,7.257953834260465,1.1679581228113172
0.01327090665497005,0.9978611585454992,0.02,1.1427927506908544e-05,1.1788507034994194e-07,2.9482842361182164e-08,0.6107843927224132,7.257951471618341,1.1679560264463744
0.013273325954811954,0.9978607014867663,0.02,1.142777922672388e-05,1.1132230091815841e-07,2.784120525231782e-08,0.6107972882536462,7.257949193637278,1.1679539922476352
0.013275672674805283,0.997860257761683,0.02,1.1427635021007686e-05,1.0512551871368845e-07,2.6291142055472524e-08,0.6108097938195922,7.2579469972839545,1.1679520183631646
0.013277949080552298,0.9978598269682885,0.02,1.142749477887741e-05,9.927430526291174e-08,2.4827541734494474e-08,0.6108219212393945,7.257944879631843,1.1679501029958361
0.013280157361482303,0.9978594087175601,0.02,1.142735839242537e-05,9.374937750941103e-08,2.3445577937832455e-08,0.6108336819764273,7.257942837857642,1.167948244401768
0.013282299633756378,0.9978590026329414,0.02,1.1427225756641048e-05,8.853252734666858e-08,2.2140693199447762e-08,0.610845087148678,7.257940869237797,1.1679464408887974
0.01328437794304177,0.9978586083498973,0.02,1.1427096769335281e-05,8.360655949523995e-08,2.090858399681843e-08,0.610856147538861,7.25793897114514,1.167944690814997
0.013286394267160051,0.99785822551548,0.02,1.142697133106629e-05,7.895523837354073e-08,1.974518669534566e-08,0.6108668736042605,7.2579371410456215,1.1679429925872247
0.013288350518620429,0.9978578537879219,0.02,1.1426849345067529e-05,7.456323237007518e-08,1.8646664506482497e-08,0.6108772754863065,7.257935376495141,1.1679413446597164
0.01329024854703531,0.9978574928362388,0.02,1.1426730717177302e-05,7.041606522098702e-08,1.7609394507775535e-08,0.6108873630198967,7.257933675136481,1.1679397455327107
0.01329209014143734,0.9978571423398539,0.02,1.1426615355770151e-05,6.650006813145099e-08,1.662995614999324e-08,0.6108971457424586,7.257932034696329,1.167938193751114
0.013293877032490076,0.9978568019882326,0.02,1.1426503171689941e-05,6.280233599625321e-08,1.570511983936492e-08,0.610906632902766,7.257930452982393,1.1679366879031983
0.013295610894608623,0.9978564714805398,0.02,1.1426394078184626e-05,5.93106830028201e-08,1.4831836158797632e-08,0.6109158334695108,7.257928927880615,1.1679352266193352
0.013297293347985017,0.997856150525304,0.02,1.1426287990842659e-05,5.601360385440243e-08,1.4007226304441376e-08,0.6109247561396367,7.25792745735246,1.1679338085707638
0.01329892596053267,0.9978558388400965,0.02,1.1426184827531029e-05,5.2900236322149036e-08,1.3228572028579767e-08,0.6109334093464376,7.257926039432307,1.1679324324683933
0.013300510249747266,0.9978555361512272,0.02,1.1426084508334833e-05,4.9960324396496986e-08,1.249330721923315e-08,0.610941801267431,7.2579246722249025,1.167931097061636
0.013302047684489782,0.9978552421934475,0.02,1.1425986955498424e-05,4.718418505353234e-08,1.1799008916865137e-08,0.6109499398320066,7.257923353902922,1.1679298011372738
0.01330353968669895,0.9978549567096681,0.02,1.1425892093368062e-05,4.456267585993049e-08,1.1143389771290776e-08,0.6109578327288581,7.257922082704589,1.1679285435183586
0.01330498763303084,0.9978546794506838,0.02,1.1425799848336006e-05,4.208716685741865e-08,1.0524290318802835e-08,0.6109654874132028,7.2579208569313804,1.1679273230631384
0.013306392856435034,0.9978544101749162,0.02,1.1425710148786083e-05,3.974950835142744e-08,9.939671583396609e-09,0.6109729111137935,7.257919674945813,1.1679261386640172
0.013307756647665092,0.997854148648158,0.02,1.1425622925040633e-05,3.7542006411299904e-08,9.387608833868585e-09,0.6109801108397296,7.2579185351692885,1.1679249892465435
0.013309080256730499,0.9978538946433309,0.02,1.1425538109308834e-05,3.5457398635394737e-08,8.866284848008854e-09,0.6109870933870696,7.2579174360800245,1.1679238737684268
0.013310364894292048,0.9978536479402539,0.02,1.1425455635636383e-05,3.348882711272399e-08,8.373983948590461e-09,0.6109938653452539,7.257916376211049,1.1679227912185814
0.013311611733000162,0.9978534083254174,0.02,1.1425375439856453e-05,3.1629817674809865e-08,7.909086440739713e-09,0.6110004331033375,7.257915354148256,1.1679217406162
0.013312821908784134,0.9978531755917667,0.02,1.1425297459541951e-05,2.987425773204783e-08,7.470063174595371e-09,0.6110068028560449,7.257914368528538,1.1679207210098503
0.013313996522089588,0.9978529495384946,0.02,1.1425221633959012e-05,2.8216376662942307e-08,7.055470533911909e-09,0.6110129806096432,7.257913418037972,1.1679197314766023
0.013315136639069303,0.9978527299708388,0.02,1.14251479040217e-05,2.6650726288140575e-08,6.663945550046518e-09,0.6110189721876447,7.257912501410073,1.1679187711211743
0.013316243292730179,0.99785251669989,0.02,1.142507621224791e-05,2.5172162898734793e-08,6.294201554538367e-09,0.6110247832363429,7.257911617424104,1.1679178390751108
0.013317317484034641,0.9978523095424042,0.02,1.1425006502716415e-05,2.3775830066295872e-08,5.945023636161311e-09,0.6110304192301814,7.257910764903444,1.167916934495978
0.013318360182962452,0.9978521083206228,0.02,1.1424938721025038e-05,2.2457143724576828e-08,5.6152649523203e-09,0.6110358854769675,7.257909942714011,1.167916056566588
0.013319372329533674,0.9978519128620997,0.02,1.1424872814249923e-05,2.1211774365908538e-08,5.303842636977182e-09,0.611041187122928,7.257909149762746,1.1679152044942402
0.01332035483479177,0.9978517229995321,0.02,1.1424808730905885e-05,2.003563556333748e-08,5.009734591982755e-09,0.6110463291576178,7.257908384996138,1.1679143775099905
0.013321308581752511,0.9978515385706005,0.02,1.14247464209078e-05,1.892486885938686e-08,4.731975486430039e-09,0.6110513164186787,7.257907647398809,1.1679135748679377
0.013322234426317803,0.9978513594178114,0.02,1.1424685835533001e-05,1.7875831368580845e-08,4.469654227272441e-09,0.6110561535964587,7.257906935992144,1.1679127958445323
0.013323133198156756,0.9978511853883477,0.02,1.1424626927384687e-05,1.6885083791286313e-08,4.22191049715875e-09,0.611060845238492,7.257906249832974,1.1679120397379075
0.013324005701553843,0.9978510163339221,0.02,1.1424569650356279e-05,1.5949378756100044e-08,3.987932038062419e-09,0.6110653957538464,7.257905588012295,1.1679113058672257
0.013324852716229574,0.9978508521106368,0.02,1.1424513959596729e-05,1.506565042533991e-08,3.7669519930393425e-09,0.6110698094173366,7.257904949654039,1.1679105935720493
0.0133256749981282,0.9978506925788476,0.02,1.1424459811476744e-05,1.4231004309099294e-08,3.5582463659447065e-09,0.6110740903736143,7.257904333913891,1.1679099022117259
0.013326473280181494,0.9978505376030335,0.02,1.14244071635559e-05,1.3442706875039525e-08,3.361131649594621e-09,0.6110782426411355,7.25790373997814,1.1679092311647943
0.01332724827304299,0.9978503870516684,0.02,1.142435597455064e-05,1.269817773774998e-08,3.1749622931969026e-09,0.6110822701160044,7.257903167062573,1.167908579828407
0.013328000665797424,0.9978502407970999,0.02,1.1424306204303103e-05,1.19949810173366e-08,2.9991289936810588e-09,0.6110861765757046,7.257902614411415,1.1679079476177723
0.013328731126646898,0.9978500987154293,0.02,1.1424257813750787e-05,1.1330815921269325e-08,2.833056277094389e-09,0.6110899656827178,7.257902081296291,1.1679073339656068
0.01332944030357075,0.9978499606863985,0.02,1.1424210764897022e-05,1.0703510092800067e-08,2.6762011226291468e-09,0.6110936409880299,7.257901567015242,1.1679067383216133
0.013330128824964815,0.9978498265932778,0.02,1.142416502078223e-05,1.0111013051075396e-08,2.5280504573430294e-09,0.6110972059345349,7.257901070891767,1.1679061601519658
0.013330797300259545,0.9978496963227589,0.02,1.1424120545455936e-05,9.551388361521426e-09,2.3881199680247906e-09,0.6111006638603315,7.257900592273898,1.1679055989388154
0.013331446320513585,0.9978495697648521,0.02,1.142407730394952e-05,9.02280697926768e-09,2.2559524461922356e-09,0.6111040180019252,7.25790013053331,1.167905054179809
0.01333207645899065,0.9978494468127849,0.02,1.142403526224973e-05,8.523543153055003e-09,2.1311160733710046e-09,0.6111072714973258,7.257899685064469,1.1679045253876226
0.013332688271716686,0.9978493273629049,0.02,1.1423994387272853e-05,8.051966772962041e-09,2.0132031707244418e-09,0.6111104273890586,7.257899255283798,1.1679040120895086
0.013333282298015836,0.9978492113145868,0.02,1.14239546468396e-05,7.606538063001822e-09,1.901828710931479e-09,0.6111134886270772,7.257898840628881,1.1679035138268552
0.013333859061031517,0.9978490985701395,0.02,1.1423916009650666e-05,7.18580384246148e-09,1.796629321111544e-09,0.6111164580715931,7.257898440557698,1.167903030154764
0.013334419068228465,0.9978489890347196,0.02,1.1423878445262912e-05,6.788391496282966e-09,1.6972617471777542e-09,0.6111193384958156,7.257898054547878,1.1679025606416338
0.013334962811879014,0.9978488826162453,0.02,1.1423841924066226e-05,6.413005482843625e-09,1.6034018244930465e-09,0.6111221325886094,7.257897682095988,1.167902104868761
0.01333549076953211,0.9978487792253143,0.02,1.1423806417260958e-05,6.058421450776196e-09,1.5147435642566274e-09,0.6111248429570715,7.257897322716845,1.1679016624299516
0.013336003404467944,0.9978486787751234,0.02,1.1423771896835989e-05,5.723484361250089e-09,1.4309980021515703e-09,0.6111274721290287,7.257896975942847,1.167901232931144
0.013336501166137882,0.997848581181391,0.02,1.1423738335547365e-05,5.407102466266772e-09,1.3518922072186462e-09,0.6111300225554599,7.257896641323336,1.167900815990043
0.013336984490590231,0.9978484863622815,0.02,1.1423705706897517e-05,5.108246022724849e-09,1.2771684958429951e-09,0.6111324966128436,7.257896318423985,1.1679004112357667
0.013337453800880195,0.9978483942383348,0.02,1.1423673985115035e-05,4.82594107574795e-09,1.206583527210606e-09,0.6111348966054343,7.257896006826193,1.1679000183085009
0.013337909507468437,0.9978483047323924,0.02,1.1423643145134967e-05,4.5592692499385424e-09,1.139907585418883e-09,0.6111372247674676,7.257895706126522,1.1678996368591674
0.013338352008607834,0.9978482177695318,0.02,1.1423613162579666e-05,4.307362946250499e-09,1.0769236462227326e-09,0.6111394832653009,7.257895415936141,1.1678992665491008
0.013338781690714119,0.9978481332769991,0.02,1.1423584013740135e-05,4.069402289129043e-09,1.017426746472109e-09,0.611141674199487,7.257895135880291,1.1678989070497332
0.01333919892872848,0.9978480511841458,0.02,1.1423555675557885e-05,3.844613664586939e-09,9.612234501185155e-10,0.6111437996067821,7.257894865597775,1.1678985580422918
0.013339604086465895,0.9978479714223654,0.02,1.1423528125607263e-05,3.632266543333732e-09,9.08130855921624e-10,0.6111458614620972,7.257894604740463,1.167898219217504
0.013339997516954138,0.9978478939250345,0.02,1.142350134207827e-05,3.4316705147365698e-09,8.579765964669289e-10,0.6111478616803864,7.2578943529728175,1.1678978902753108
0.013340379562760296,0.9978478186274533,0.02,1.1423475303759825e-05,3.2421735013586053e-09,8.105975934247849e-10,0.6111498021184766,7.257894109971427,1.1678975709245896
0.013340750556309344,0.9978477454667893,0.02,1.1423449990023492e-05,3.0631605434269083e-09,7.65839893868701e-10,0.6111516845768441,7.257893875424575,1.1678972608828866
0.013341110820190294,0.9978476743820232,0.02,1.1423425380807627e-05,2.8940501173435195e-09,7.2355823119739e-10,0.6111535108013351,7.257893649031804,1.167896959876154
0.01334146066745362,0.9978476053138949,0.02,1.142340145660197e-05,2.7342929654315074e-09,6.836152416809605e-10,0.6111552824848335,7.2578934305035085,1.1678966676384994
0.013341800401898918,0.9978475382048515,0.02,1.1423378198432643e-05,2.583371128711434e-09,6.458813419742361e-10,0.611157001268879,7.257893219560542,1.1678963839119392
0.013342130318355738,0.9978474729989982,0.02,1.1423355587847537e-05,2.440794764894186e-09,6.102340866602637e-10,0.6111586687452315,7.25789301593383,1.1678961084461603
0.013342450702951869,0.9978474096420501,0.02,1.1423333606902112e-05,2.3061010179189456e-09,5.7655777680399e-10,0.6111602864573946,7.257892819364009,1.1678958409982925
0.01334276183337596,0.997847348081283,0.02,1.1423312238145575e-05,2.178853481829615e-09,5.447432791196206e-10,0.6111618559020849,7.257892629601064,1.167895581332681
0.013343063979131708,0.9978472882654903,0.02,1.1423291464607412e-05,2.058640246640162e-09,5.146874114456762e-10,0.6111633785306616,7.2578924464039964,1.1678953292206729
0.013343357401782385,0.9978472301449373,0.02,1.1423271269784319e-05,1.9450702402640166e-09,4.862927755761582e-10,0.6111648557505097,7.257892269540491,1.1678950844404044
0.013343642355191254,0.9978471736713187,0.02,1.1423251637627438e-05,1.8377765929645158e-09,4.594673448295126e-10,0.6111662889263821,7.2578920987866,1.1678948467766
0.013343919085749889,0.9978471187977163,0.02,1.142323255252998e-05,1.7364119800729895e-09,4.341242611332057e-10,0.6111676793816994,7.257891933926437,1.1678946160203714
0.013344187832602827,0.9978470654785603,0.02,1.1423213999315143e-05,1.6406474837441934e-09,4.101813517177356e-10,0.6111690283998095,7.257891774751887,1.1678943919690283
0.013344448827865785,0.9978470136695882,0.02,1.1423195963224401e-05,1.5501728283565053e-09,3.875611937224823e-10,0.6111703372252131,7.257891621062318,1.1678941744258913
0.013344702296832656,0.9978469633278071,0.02,1.1423178429906059e-05,1.4646962385381919e-09,3.661905382979008e-10,0.611171607064743,7.257891472664311,1.1678939632001124
0.01334494845818257,0.9978469144114578,0.02,1.1423161385404153e-05,1.3839403474561725e-09,3.4600020994931384e-10,0.6111728390887163,7.257891329371399,1.1678937581064996
0.013345187524174629,0.9978468668799787,0.02,1.1423144816147639e-05,1.3076439911388507e-09,3.269248793632047e-10,0.6111740344320453,7.257891191003811,1.1678935589653476
0.01334541970084091,0.9978468206939701,0.02,1.1423128708939862e-05,1.2355606649296687e-09,3.089029064063783e-10,0.6111751941953174,7.257891057388229,1.1678933656022734
0.013345645188170385,0.9978467758151613,0.02,1.1423113050948328e-05,1.1674572362202207e-09,2.918760081551145e-10,0.6111763194458396,7.257890928357556,1.1678931778480568
0.0133458641802911,0.9978467322063781,0.02,1.1423097829694746e-05,1.1031132157274792e-09,2.757890823476672e-10,0.6111774112186535,7.2578908037506835,1.1678929955384865
0.01334607686564232,0.9978466898315103,0.02,1.1423083033045324e-05,1.04232121704898e-09,2.605902073997227e-10,0.6111784705175172,7.2578906834122785,1.1678928185142095
0.013346283427144001,0.9978466486554813,0.02,1.142306864920136e-05,9.848845143572446e-10,2.462301957571507e-10,0.6111794983158576,7.257890567192575,1.1678926466205848
0.013346484042361606,0.9978466086442185,0.02,1.1423054666690046e-05,9.306171860362389e-10,2.3266270151333968e-10,0.6111804955576956,7.257890454947165,1.1678924797075454
0.013346678883664753,0.9978465697646236,0.02,1.1423041074355569e-05,8.793453929993571e-10,2.1984393933327807e-10,0.611181463158538,7.25789034653681,1.1678923176294587
0.013346868118379873,0.9978465319845458,0.02,1.1423027861350399e-05,8.309018122506254e-10,2.0773250886150653e-10,0.6111824020062482,7.257890241827249,1.1678921602449943
0.013347051908941365,0.9978464952727514,0.02,1.1423015017126862e-05,7.851311963257354e-10,1.9628923049195867e-10,0.6111833129618851,7.257890140689022,1.1678920074169976
0.01334723041303626,0.9978464595989022,0.02,1.1423002531428914e-05,7.418852403388761e-10,1.8547725057654697e-10,0.6111841968605194,7.257890042997291,1.1678918590123621
0.013347403783743494,0.9978464249335239,0.02,1.1422990394284133e-05,7.010249347797986e-10,1.7526170945537481e-10,0.6111850545120242,7.257889948631675,1.167891714901911
0.013347572169672084,0.9978463912479862,0.02,1.1422978595995962e-05,6.624180752284806e-10,1.65609554704924e-10,0.6111858867018412,7.257889857476088,1.1678915749602778
0.013347735715091402,0.9978463585144757,0.02,1.1422967127136117e-05,6.259407466816875e-10,1.564897514741232e-10,0.611186694191722,7.2578897694185835,1.1678914390657953
0.013347894560060136,0.9978463267059731,0.02,1.1422955978537237e-05,5.914746982480439e-10,1.4787283773762883e-10,0.611187477720449,7.257889684351203,1.1678913071003816
0.013348048840551685,0.9978462957962302,0.02,1.1422945141285714e-05,5.589087751825924e-10,1.3973108177989637e-10,0.6111882380045343,7.257889602169833,1.1678911789494366
0.013348198688572732,0.9978462657597481,0.02,1.1422934606714731e-05,5.281385508886701e-10,1.320381913998757e-10,0.6111889757388953,7.257889522774063,1.167891054501737
0.01334834423228154,0.9978462365717553,0.02,1.1422924366397479e-05,4.990645863799757e-10,1.2476936840799916e-10,0.6111896915975098,7.2578894460670575,1.1678909336493342
0.013348485596101245,0.9978462082081866,0.02,1.1422914412140545e-05,4.71593073689337e-10,1.1790128577026812e-10,0.6111903862340531,7.257889371955419,1.1678908162874595
0.013348622900829887,0.9978461806456627,0.02,1.1422904735977536e-05,4.456359156215218e-10,1.114117221318003e-10,0.6111910602825141,7.257889300349069,1.1678907023144267
0.013348756263746653,0.9978461538614718,0.02,1.1422895330162787e-05,4.2110909170767414e-10,1.0527984656114283e-10,0.6111917143577922,7.257889231161125,1.167890591631543
0.01334888579871607,0.9978461278335483,0.02,1.142288618716533e-05,3.97934375201238e-10,9.948590618643828e-11,0.6111923490562773,7.257889164307789,1.1678904841430173
0.013349011616288264,0.9978461025404564,0.02,1.1422877299662971e-05,3.7603640264423293e-10,9.401117024985136e-11,0.6111929649564114,7.257889099708231,1.167890379755876
0.013349133823796655,0.9978460779613707,0.02,1.1422868660536536e-05,3.5534470356677756e-10,8.883812413110642e-11,0.6111935626192317,7.257889037284482,1.1678902783798777
0.013349252525451272,0.9978460540760584,0.02,1.1422860262864303e-05,3.357932367117752e-10,8.395012522764708e-11,0.6111941425889007,7.257888976961338,1.167890179927433
0.013349367822432512,0.9978460308648635,0.02,1.1422852099916537e-05,3.173188408167355e-10,7.933133023135198e-11,0.611194705393215,7.257888918666252,1.1678900843135258
0.013349479812979237,0.9978460083086891,0.02,1.1422844165150234e-05,2.99861607788539e-10,7.496699971432995e-11,0.6111952515441031,7.25788886232924,1.1678899914556355
0.01334958859247426,0.9978459863889827,0.02,1.1422836452203948e-05,2.8336655477379183e-10,7.084302978682748e-11,0.6111957815381064,7.257888807882795,1.1678899012736654
0.013349694253528777,0.9978459650877193,0.02,1.1422828954892807e-05,2.67779737141783e-10,6.694621916613471e-11,0.6111962958568441,7.257888755261787,1.1678898136898672
0.013349796886064247,0.9978459443873863,0.02,1.1422821667203628e-05,2.5305130455458267e-10,6.32639546185655e-11,0.611196794967467,7.2578887044033875,1.1678897286287744
0.013349896577391218,0.9978459242709703,0.02,1.1422814583290201e-05,2.391338889244298e-10,5.978451877123049e-11,0.6111972793230936,7.25788865524698,1.167889646017134
0.013349993412284267,0.9978459047219412,0.02,1.1422807697468663e-05,2.2598271444860624e-10,5.649663849402783e-11,0.6111977493632359,7.257888607734083,1.1678895657838395
0.013350087473058103,0.9978458857242399,0.02,1.1422801004213041e-05,2.135555069661115e-10,5.338980352680934e-11,0.6111982055142116,7.257888561808276,1.1678894878598693
0.01335017883963846,0.9978458672622619,0.02,1.1422794498150873e-05,2.018128648803785e-10,5.045399768940951e-11,0.6111986481895427,7.257888517415118,1.1678894121782226
0.013350267589633313,0.9978458493208486,0.02,1.1422788174058986e-05,1.9071615946835881e-10,4.7679777212129025e-11,0.6111990777903423,7.257888474502085,1.167889338673862
0.013350353798399106,0.9978458318852708,0.02,1.1422782026859368e-05,1.8023042315487608e-10,4.5058316765199176e-11,0.6111994947056921,7.257888433018496,1.1678892672836534
0.013350437539107474,0.9978458149412184,0.02,1.1422776051615157e-05,1.703218923301854e-10,4.258108294150381e-11,0.6111998993130027,7.257888392915448,1.1678891979463106
0.013350518882809137,0.9978457984747877,0.02,1.1422770243526746e-05,1.609587102515825e-10,4.0240231729807385e-11,0.6112002919783684,7.257888354145752,1.1678891306023407
0.013350597898495797,0.9978457824724704,0.02,1.1422764597927981e-05,1.521107375418047e-10,3.802820730399402e-11,0.6112006730569102,7.257888316663875,1.167889065193991
0.013350674653160255,0.9978457669211414,0.02,1.1422759110282488e-05,1.4374947577268294e-10,3.593789253319895e-11,0.6112010428931055,7.257888280425873,1.1678890016651973
0.013350749211855084,0.9978457518080481,0.02,1.1422753776180071e-05,1.358484821227096e-10,3.3962562596881404e-11,0.61120140182111,7.257888245389344,1.167888939961534
0.013350821637748589,0.997845737120801,0.02,1.1422748591333224e-05,1.2838215472925108e-10,3.2095929041681676e-11,0.6112017501650706,7.257888211513365,1.167888880030166
0.01335089199218048,0.9978457228473616,0.02,1.1422743551573748e-05,1.2132644677459174e-10,3.0332060113949e-11,0.6112020882394261,7.257888178758444,1.1678888218198011
0.013350960334715278,0.9978457089760329,0.02,1.1422738652849432e-05,1.1465906662393749e-10,2.8665155785964365e-11,0.6112024163492012,7.257888147086465,1.1678887652806458
0.013351026723193327,0.9978456954954507,0.02,1.1422733891220869e-05,1.08358491231932e-10,2.7089965873373176e-11,0.6112027347902904,7.257888116460643,1.1678887103643592
0.013351091213781863,0.9978456823945722,0.02,1.1422729262858299e-05,1.0240446368356306e-10,2.5601456240226596e-11,0.6112030438497326,7.257888086845474,1.1678886570240123
0.013351153861023757,0.9978456696626691,0.02,1.142272476403861e-05,9.677785865039045e-11,2.4194769535642773e-11,0.6112033438059804,7.25788805820669,1.1678886052140443
0.013351214717884086,0.9978456572893166,0.02,1.1422720391142357e-05,9.146074159433728e-11,2.2865430774552958e-11,0.611203634929156,7.2578880305112135,1.1678885548902234
0.013351273835796929,0.9978456452643858,0.02,1.14227161406509e-05,8.643574306307546e-11,2.160920856106751e-11,0.6112039174813051,7.257888003727118,1.1678885060096076
0.013351331264709998,0.9978456335780348,0.02,1.1422712009143613e-05,8.168765898979645e-11,2.042211083316765e-11,0.611204191716639,7.257887977823585,1.1678884585305065
0.013351387053126995,0.9978456222207013,0.02,1.142270799329517e-05,7.720012481124994e-11,1.9300239137621983e-11,0.6112044578817708,7.257887952770866,1.1678884124124442
0.013351441248150797,0.9978456111830938,0.02,1.1422704089872892e-05,7.295954749971713e-11,1.824005192581062e-11,0.611204716215944,7.257887928540244,1.1678883676161247
0.013351493895523148,0.9978456004561839,0.02,1.1422700295734194e-05,6.895213127913187e-11,1.723819552189488e-11,0.6112049669512554,7.2578879051039955,1.1678883241033953
0.013351545039665347,0.9978455900312,0.02,1.1422696607824067e-05,6.516476051229727e-11,1.6291379689045125e-11,0.6112052103128699,7.257887882435358,1.167888281837214
0.01335159472371572,0.9978455798996178,0.02,1.142269302317267e-05,6.158609187893223e-11,1.5396615824025834e-11,0.6112054465192279,7.257887860508492,1.167888240781618
0.01335164298956737,0.9978455700531557,0.02,1.1422689538892957e-05,5.8203686668971966e-11,1.455104024065889e-11,0.6112056757822512,7.257887839298454,1.1678882009016898
0.013351689877904582,0.9978455604837658,0.02,1.1422686152178373e-05,5.500759095821969e-11,1.3751959684662541e-11,0.6112058983075334,7.257887818781159,1.1678881621635278
0.013351735428237255,0.997845551183629,0.02,1.1422682860300633e-05,5.198674781659819e-11,1.299680223043676e-11,0.6112061142945362,7.257887798933354,1.1678881245342156
0.013351779678936193,0.9978455421451471,0.02,1.1422679660607544e-05,4.913213472602156e-11,1.2283123541483759e-11,0.6112063239367708,7.257887779732587,1.167888087981795
0.013351822667264535,0.9978455333609374,0.02,1.1422676550520883e-05,4.643452810342864e-11,1.1608691391828864e-11,0.6112065274219762,7.257887761157179,1.1678880524752349
0.013351864429411331,0.997845524823826,0.02,1.1422673527534367e-05,4.388476754816926e-11,1.0971290748386874e-11,0.6112067249322947,7.257887743186197,1.167888017984407
0.013351905000522635,0.9978455165268415,0.02,1.142267058921162e-05,4.147566385635101e-11,1.0368926469863868e-11,0.6112069166444388,7.257887725799429,1.1678879844800572
0.01335194441473092,0.9978455084632121,0.02,1.1422667733184267e-05,3.919837375571804e-11,9.799703286582563e-12,0.6112071027298553,7.257887708977353,1.167887951933781
0.013351982705184673,0.9978455006263546,0.02,1.1422664957150017e-05,3.704683019533222e-11,9.261723637006279e-12,0.6112072833548818,7.257887692701121,1.1678879203179986
0.013352019904078027,0.9978454930098746,0.02,1.1422662258870842e-05,3.501289029658821e-11,8.753312097403355e-12,0.6112074586809013,7.257887676952528,1.1678878896059302
0.013352056042676863,0.9978454856075574,0.02,1.1422659636171184e-05,3.3090723722281157e-11,8.272778855202288e-12,0.6112076288644923,7.257887661713997,1.167887859771573
0.01335209115134739,0.997845478413364,0.02,1.1422657086936215e-05,3.1274644189623095e-11,7.818731442778773e-12,0.6112077940575695,7.257887646968547,1.1678878307896787
0.013352125259580572,0.9978454714214273,0.02,1.1422654609110168e-05,2.955788437070419e-11,7.389516905630905e-12,0.6112079544075271,7.2578876326997825,1.16788780263573
0.013352158396018776,0.9978454646260452,0.02,1.1422652200694657e-05,2.793581791545626e-11,6.983996980581843e-12,0.6112081100573723,7.257887618891864,1.1678877752859218
0.013352190588479418,0.9978454580216775,0.02,1.142264985974712e-05,2.640246810265227e-11,6.600668633924706e-12,0.6112082611458582,7.257887605529496,1.167887748717137
0.01335222186397994,0.9978454516029399,0.02,1.1422647584379247e-05,2.4953857419626035e-11,6.238420232272072e-12,0.611208407807611,7.2578875925979025,1.16788772290693
0.013352252248759633,0.9978454453646018,0.02,1.1422645372755464e-05,2.3584240754027967e-11,5.896072591703083e-12,0.6112085501732529,7.257887580082811,1.167887697833504
0.01335228176830311,0.9978454393015788,0.02,1.1422643223091484e-05,2.229005024701841e-11,5.572480543975371e-12,0.6112086883695228,7.257887567970437,1.1678876734756931
0.013352310447362625,0.9978454334089308,0.02,1.1422641133652861e-05,2.1066717074189464e-11,5.266734620813745e-12,0.6112088225193936,7.257887556247462,1.1678876498129453
0.013352338309977618,0.9978454276818585,0.02,1.1422639102753617e-05,1.9910554405206555e-11,4.977752807839178e-12,0.611208952742182,7.25788754490102,1.167887626825303
0.013352365379496689,0.9978454221156965,0.02,1.1422637128754877e-05,1.881828949608506e-11,4.704559035039056e-12,0.6112090791536617,7.257887533918685,1.1678876044933846
0.013352391678597142,0.9978454167059116,0.02,1.1422635210063575e-05,1.778602145723566e-11,4.446457842398912e-12,0.6112092018661677,7.257887523288448,1.1678875827983708
0.013352417229304914,0.9978454114481006,0.02,1.1422633345131167e-05,1.681001095032786e-11,4.202532275632539e-12,0.6112093209886984,7.257887512998711,1.1678875617219857
0.013352442053012337,0.997845406337982,0.02,1.142263153245239e-05,1.5887776407689502e-11,3.971908773911916e-12,0.6112094366270168,7.257887503038268,1.1678875412464813
0.013352466170497124,0.9978454013713969,0.02,1.1422629770564054e-05,1.5016199123730193e-11,3.75405084242365e-12,0.6112095488837472,7.2578874933962885,1.1678875213546234
0.013352489601940576,0.9978453965443035,0.02,1.142262805804389e-05,1.419221473955223e-11,3.548095662199797e-12,0.6112096578584679,7.257887484062311,1.167887502029675
0.013352512366943903,0.997845391852774,0.02,1.1422626393509379e-05,1.3413974636506113e-11,3.3534695877604213e-12,0.6112097636478039,7.257887475026228,1.1678874832553832
0.013352534484545375,0.9978453872929919,0.02,1.1422624775616664e-05,1.2678197309586627e-11,3.169549235970038e-12,0.6112098663455142,7.25788746627827,1.1678874650159636
0.013352555973237201,0.9978453828612481,0.02,1.1422623203059467e-05,1.1982527024589248e-11,2.9956536451859697e-12,0.6112099660425775,7.257887457808999,1.167887447296088
0.013352576850980014,0.9978453785539385,0.02,1.1422621674568043e-05,1.1325574305596803e-11,2.8313257506197612e-12,0.6112100628272751,7.257887449609294,1.1678874300808708
0.01335259713521908,0.9978453743675608,0.02,1.1422620188908157e-05,1.070416452182738e-11,2.6760563717294698e-12,0.6112101567852725,7.2578874416703405,1.1678874133558554
0.013352616842899567,0.9978453702987108,0.02,1.1422618744880097e-05,1.0117325399842086e-11,2.5292985949582232e-12,0.611210247999697,7.25788743398362,1.1678873971070027
0.013352635990479478,0.9978453663440816,0.02,1.142261734131771e-05,9.562242013761447e-12,2.3905608893300438e-12,0.6112103365512125,7.2578874265409015,1.1678873813206785
0.013352654593946078,0.997845362500459,0.02,1.142261597708746e-05,9.037893258591284e-12,2.2594475944262032e-12,0.6112104225180948,7.257887419334229,1.1678873659836406
0.013352672668826615,0.9978453587647192,0.02,1.142261465108754e-05,8.54205064726623e-12,2.1355609825845087e-12,0.611210505976301,7.257887412355913,1.1678873510830303
0.013352690230203523,0.9978453551338269,0.02,1.1422613362246945e-05,8.073886956901492e-12,2.0184234822231206e-12,0.6112105869995402,7.257887405598521,1.1678873366063582
0.013352707292727195,0.9978453516048329,0.02,1.1422612109524668e-05,7.631187541770625e-12,1.907745421818511e-12,0.6112106656593401,7.257887399054871,1.1678873225414954
0.013352723870627914,0.9978453481748705,0.02,1.1422610891908802e-05,7.212507511314044e-12,1.8031547393097148e-12,0.6112107420251119,7.257887392718019,1.1678873088766617
0.013352739977727401,0.9978453448411537,0.02,1.1422609708415783e-05,6.817274779135066e-12,1.7042765525653e-12,0.6112108161642128,7.257887386581253,1.167887295600417
0.013352755627452195,0.9978453416009762,0.02,1.1422608558089556e-05,6.4432507711705925e-12,1.6108519555954023e-12,0.6112108881420092,7.2578873806380875,1.1678872827016498
0.013352770832843308,0.9978453384517071,0.02,1.1422607440000835e-05,6.0898123612272885e-12,1.5225080166612127e-12,0.6112109580219333,7.25788737488225,1.1678872701695688
0.013352785606568551,0.9978453353907895,0.02,1.1422606353246342e-05,5.756186649052021e-12,1.4390426249995761e-12,0.611211025865543,7.257887369307677,1.1678872579936936
0.01335279996093297,0.9978453324157397,0.02,1.1422605296948083e-05,5.440415070218764e-12,1.3601465775196702e-12,0.6112110917325771,7.257887363908509,1.1678872461638443
0.013352813907888783,0.9978453295241431,0.02,1.1422604270252639e-05,5.142363572181556e-12,1.285559676612265e-12,0.6112111556810081,7.2578873586790795,1.167887234670135
0.013352827459045924,0.9978453267136529,0.02,1.1422603272330492e-05,4.8606596558663595e-12,1.2151048774558111e-12,0.6112112177670966,7.25788735361391,1.1678872235029634
0.01335284062568276,0.9978453239819899,0.02,1.142260230237534e-05,4.593819686526609e-12,1.1485511281234924e-12,0.6112112780454418,7.257887348707705,1.1678872126530027
0.013352853418754196,0.9978453213269376,0.02,1.1422601359603456e-05,4.342106377121899e-12,1.0855083547759144e-12,0.6112113365690316,7.257887343955343,1.167887202111196
0.013352865848901052,0.997845318746343,0.02,1.1422600443253068e-05,4.1041338674540126e-12,1.0260371094691358e-12,0.6112113933892869,7.257887339351872,1.167887191868745
0.013352877926460116,0.997845316238113,0.02,1.1422599552583724e-05,3.879224333674121e-12,9.697568574304385e-13,0.6112114485561133,7.257887334892506,1.1678871819171046
0.013352889661473133,0.9978453138002144,0.02,1.1422598686875716e-05,3.666585115918026e-12,9.16626589003816e-13,0.6112115021179438,7.257887330572616,1.1678871722479758
0.013352901063693356,0.9978453114306703,0.02,1.1422597845429478e-05,3.465188695855121e-12,8.663721256262643e-13,0.6112115541217812,7.257887326387723,1.167887162853297
0.013352912142595652,0.99784530912756,0.02,1.1422597027565052e-05,3.275735170992024e-12,8.188439558446676e-13,0.6112116046132436,7.2578873223335005,1.1678871537252387
0.013352922907384268,0.9978453068890175,0.02,1.1422596232621514e-05,3.0959940848058864e-12,7.740080846269626e-13,0.6112116536366027,7.2578873184057615,1.1678871448561954
0.013352933366999331,0.9978453047132281,0.02,1.1422595459956457e-05,2.9261091195484906e-12,7.315723513175743e-13,0.6112117012348254,7.257887314600457,1.1678871362387813
0.013352943530125838,0.9978453025984287,0.02,1.142259470894546e-05,2.7660004302678686e-12,6.91483263410221e-13,0.6112117474496125,7.257887310913673,1.167887127865821
0.013352953405200874,0.9978453005429069,0.02,1.142259397898161e-05,2.614191174257022e-12,6.535804966196113e-13,0.6112117923214362,7.257887307341622,1.1678871197303455
0.013352963000419882,0.9978452985449965,0.02,1.1422593269474974e-05,2.471216676365085e-12,6.177935128443858e-13,0.6112118358895757,7.257887303880641,1.167887111825586
0.013352972323744383,0.9978452966030804,0.02,1.1422592579852162e-05,2.3353858665472043e-12,5.838776377668974e-13,0.611211878192154,7.257887300527189,1.1678871041449672
0.013352981382907969,0.9978452947155855,0.02,1.142259190955584e-05,2.2075721173386254e-12,5.518851428491125e-13,0.6112119192661707,7.257887297277839,1.1678870966821033
0.013352990185423852,0.9978452928809834,0.02,1.1422591258044293e-05,2.0866616068305485e-12,5.216814358725838e-13,0.6112119591475366,7.257887294129278,1.1678870894307902
0.01335299873859025,0.9978452910977894,0.02,1.1422590624790978e-05,1.9721472493258586e-12,4.930625567398436e-13,0.6112119978711066,7.257887291078299,1.1678870823850023
0.013353007049496879,0.9978452893645592,0.02,1.1422590009284109e-05,1.8642735230044442e-12,4.660428124527933e-13,0.6112120354707073,7.257887288121802,1.1678870755388866
0.013353015125031453,0.9978452876798906,0.02,1.1422589411026242e-05,1.7621899078961657e-12,4.4053046924067483e-13,0.6112120719791725,7.257887285256787,1.1678870688867578
0.01335302297188462,0.9978452860424198,0.02,1.1422588829533863e-05,1.6656379968407725e-12,4.163780407307869e-13,0.6112121074283691,7.257887282480353,1.167887062423093
0.013353030596556126,0.997845284450822,0.02,1.1422588264337023e-05,1.574367993509077e-12,3.93569335074397e-13,0.6112121418492276,7.257887279789691,1.167887056142528
0.013353038005360418,0.9978452829038096,0.02,1.1422587714978923e-05,1.4881569716804396e-12,3.7200132573838026e-13,0.611212175271768,7.257887277182087,1.1678870500398522
0.013353045204431147,0.9978452814001314,0.02,1.142258718101558e-05,1.406425375834884e-12,3.516569985903009e-13,0.6112122077251291,7.2578872746549115,1.167887044110003
0.013353052199727322,0.9978452799385703,0.02,1.1422586662015449e-05,1.3295981877600963e-12,3.3234821084727705e-13,0.6112122392375925,7.257887272205624,1.1678870383480644
0.013353058997038258,0.9978452785179451,0.02,1.1422586157559073e-05,1.2565784919013879e-12,3.141896679161667e-13,0.6112122698366099,7.257887269831763,1.1678870327492599
0.01335306560198729,0.9978452771371066,0.02,1.1422585667238766e-05,1.1877876452483567e-12,2.9693380799363655e-13,0.6112122995488249,7.2578872675309505,1.1678870273089492
0.01335307202003827,0.997845275794938,0.02,1.142258519065825e-05,1.1226776231089573e-12,2.8068444583652585e-13,0.6112123284001005,7.257887265300882,1.167887022022626
0.013353078256498507,0.9978452744903549,0.02,1.1422584727432369e-05,1.0612561092366917e-12,2.652816165132711e-13,0.6112123564155387,7.257887263139329,1.167887016885912
0.01335308431652421,0.9978452732223027,0.02,1.1422584277186752e-05,1.0029428693999644e-12,2.507504577382853e-13,0.6112123836195059,7.257887261044138,1.1678870118945543
0.013353090205124762,0.9978452719897558,0.02,1.142258383955753e-05,9.482453363147013e-13,2.370398383677075e-13,0.6112124100356531,7.257887259013219,1.1678870070444216
0.013353095927166436,0.9978452707917189,0.02,1.1422583414191029e-05,8.961040950100085e-13,2.240297853265592e-13,0.6112124356869368,7.257887257044554,1.1678870023315002
0.013353101487376895,0.9978452696272234,0.02,1.1422583000743483e-05,8.470561198390408e-13,2.1175257859047403e-13,0.6112124605956405,7.25788725513619,1.167886997751892
0.013353106890349353,0.9978452684953287,0.02,1.1422582598880778e-05,8.006644970330378e-13,2.0013691346349682e-13,0.6112124847833931,7.257887253286234,1.1678869933018092
0.013353112140545575,0.9978452673951208,0.02,1.142258220827815e-05,7.566330585706113e-13,1.8920381582131618e-13,0.6112125082711913,7.257887251492858,1.1678869889775727
0.013353117242300705,0.9978452663257099,0.02,1.1422581828619946e-05,7.154404742051997e-13,1.7886649671931892e-13,0.6112125310794149,7.257887249754288,1.1678869847756084
0.01335312219982615,0.9978452652862335,0.02,1.1422581459599363e-05,6.760987147454165e-13,1.6901656170196948e-13,0.6112125532278458,7.257887248068811,1.1678869806924448
0.013353127017213362,0.9978452642758513,0.02,1.1422581100918197e-05,6.392832093588349e-13,1.5976434985859473e-13,0.6112125747356881,7.257887246434767,1.167886976724708
0.013353131698437326,0.9978452632937478,0.02,1.1422580752286605e-05,6.040754239766283e-13,1.5103941041660123e-13,0.6112125956215813,7.257887244850551,1.1678869728691224
0.013353136247360009,0.9978452623391301,0.02,1.1422580413422872e-05,5.710384536083956e-13,1.4279045406361432e-13,0.6112126159036199,7.257887243314606,1.1678869691225036
0.013353140667732855,0.9978452614112274,0.02,1.1422580084053172e-05,5.399651979375267e-13,1.349357340039278e-13,0.6112126355993684,7.257887241825429,1.16788696548176
0.013353144963200725,0.9978452605092911,0.02,1.1422579763911365e-05,5.102140228427097e-13,1.275607466925954e-13,0.6112126547258773,7.257887240381562,1.167886961943887
0.013353149137305675,0.997845259632593,0.02,1.1422579452738772e-05,4.82306556160631e-13,1.205807774396516e-13,0.6112126732996969,7.257887238981595,1.1678869585059661
0.013353153193487455,0.9978452587804254,0.02,1.1422579150283962e-05,4.559123432202774e-13,1.139578102169379e-13,0.6112126913368946,7.257887237624162,1.1678869551651623
0.013353157135088778,0.997845257952101,0.02,1.1422578856302559e-05,4.30778628285075e-13,1.0772118070694577e-13,0.6112127088530668,7.257887236307943,1.1678869519187212
0.013353160965357047,0.9978452571469512,0.02,1.1422578570557029e-05,4.0744969816346484e-13,1.0185381238796892e-13,0.611212725863353,7.2578872350316574,1.167886948763966
0.013353164687447516,0.997845256364327,0.02,1.1422578292816515e-05,3.849637844382824e-13,9.624050144870616e-14,0.611212742382452,7.257887233794066,1.1678869456982979
0.013353168304425345,0.9978452556035967,0.02,1.1422578022856616e-05,3.639333832908369e-13,9.097910951150063e-14,0.6112127584246307,7.25788723259397,1.1678869427191905
0.013353171819268372,0.9978452548641463,0.02,1.1422577760459226e-05,3.4402280745776143e-13,8.60064066504464e-14,0.6112127740037397,7.257887231430207,1.1678869398241907
0.013353175234870673,0.9978452541453806,0.02,1.1422577505412366e-05,3.2521114506539937e-13,8.130295175541191e-14,0.6112127891332251,7.2578872303016535,1.1678869370109142
0.013353178554042722,0.9978452534467191,0.02,1.142257725750999e-05,3.074211916281771e-13,7.684937060539869e-14,0.6112128038261392,7.25788722920722,1.1678869342770453
0.01335318177951611,0.9978452527675993,0.02,1.142257701655183e-05,2.903680522398797e-13,7.264574014805602e-14,0.6112128180951535,7.257887228145853,1.167886931620334
0.013353184913943827,0.9978452521074727,0.02,1.1422576782343238e-05,2.745297271604272e-13,6.866403979895236e-14,0.6112128319525701,7.257887227116531,1.1678869290385943
0.013353187959904866,0.9978452514658079,0.02,1.142257655469502e-05,2.595837172640055e-13,6.4906150884438e-14,0.61121284541033,7.257887226118266,1.1678869265297025
0.013353190919903668,0.9978452508420875,0.02,1.1422576333423287e-05,2.453498194409899e-13,6.131399305676888e-14,0.6112128584800273,7.257887225150099,1.1678869240915954
0.01335319379637362,0.9978452502358087,0.02,1.1422576118349313e-05,2.3195911196055873e-13,5.799704016607931e-14,0.6112128711729162,7.257887224211105,1.1678869217222683
0.013353196591679717,0.9978452496464835,0.02,1.1422575909299369e-05,2.190247522022532e-13,5.48451197817379e-14,0.6112128834999235,7.2578872233003855,1.1678869194197736
0.013353199308118902,0.997845249073636,0.02,1.1422575706104616e-05,2.0731240562625435e-13,5.183068789445992e-14,0.6112128954716567,7.257887222417071,1.1678869171822195
0.013353201947923554,0.9978452485168059,0.02,1.1422575508600936e-05,1.9581488013173657e-13,4.8959803828879823e-14,0.6112129070984141,7.257887221560318,1.167886915007767
0.013353204513262273,0.9978452479755437,0.02,1.142257531662882e-05,1.8529196989059769e-13,4.630376503815935e-14,0.6112129183901929,7.257887220729313,1.1678869128946305
0.013353207006242207,0.9978452474494139,0.02,1.1422575130033223e-05,1.7495094347097408e-13,4.375908181435274e-14,0.6112129293566997,7.257887219923265,1.1678869108410745
0.013353209428910717,0.9978452469379926,0.02,1.1422574948663459e-05,1.6564371538018293e-13,4.133097262901354e-14,0.6112129400073575,7.257887219141408,1.1678869088454134
0.013353211783256325,0.997845246440868,0.02,1.1422574772373056e-05,1.565203244416753e-13,3.909805689654908e-14,0.6112129503513145,7.2578872183830025,1.167886906906009
0.01335321407121226,0.99784524595764,0.02,1.1422574601019663e-05,1.4775494399229594e-13,3.698267923109794e-14,0.6112129603974529,7.257887217647331,1.1678869050212692
0.01335321629465619,0.9978452454879189,0.02,1.1422574434464903e-05,1.3987910990759162e-13,3.49371216155047e-14,0.6112129701543955,7.257887216933694,1.1678869031896484
0.013353218455412541,0.997845245031327,0.02,1.1422574272574296e-05,1.322979209319756e-13,3.30409484088387e-14,0.611212979630514,7.257887216241423,1.1678869014096445
0.013353220555254175,0.997845244587497,0.02,1.1422574115217123e-05,1.2485623184399846e-13,3.118898033050475e-14,0.6112129888339368,7.257887215569863,1.167886899679797
0.013353222595903103,0.9978452441560712,0.02,1.1422573962266334e-05,1.1783529247262688e-13,2.951159409133383e-14,0.6112129977725543,7.257887214918382,1.167886897998688
0.013353224579033318,0.9978452437367026,0.02,1.1422573813598437e-05,1.114650012975613e-13,2.7915648017806317e-14,0.611213006454029,7.2578872142863675,1.1678868963649398
0.013353226506270521,0.9978452433290533,0.02,1.1422573669093413e-05,1.0534654275528459e-13,2.635586672568279e-14,0.6112130148857987,7.257887213673227,1.1678868947772139
0.013353228379195115,0.9978452429327959,0.02,1.1422573528634595e-05,9.959604000713742e-14,2.4950929961621103e-14,0.6112130230750856,7.2578872130783845,1.1678868932342081
0.013353230199341704,0.9978452425476111,0.02,1.14225733921086e-05,9.419362808571619e-14,2.35281221399234e-14,0.6112130310289013,7.257887212501284,1.1678868917346599
0.013353231968202206,0.9978452421731894,0.02,1.1422573259405213e-05,8.90469111316657e-14,2.229792560356844e-14,0.611213038754054,7.257887211941386,1.1678868902773405
0.013353233687225519,0.9978452418092292,0.02,1.1422573130417316e-05,8.395897831378549e-14,2.106370048835365e-14,0.6112130462571533,7.2578872113981685,1.1678868888610572
0.013353235357820625,0.997845241455438,0.02,1.14225730050408e-05,7.968304141498733e-14,1.9876477288457463e-14,0.6112130535446171,7.2578872108711225,1.16788688748465
0.013353236981354932,0.9978452411115313,0.02,1.1422572883174459e-05,7.509233142273228e-14,1.8822995982709538e-14,0.6112130606226756,7.25788721035976,1.1678868861469929
0.013353238559158376,0.9978452407772321,0.02,1.142257276471994e-05,7.141703562549606e-14,1.777946867645832e-14,0.6112130674973796,7.257887209863603,1.1678868848469919
0.013353240092522423,0.9978452404522723,0.02,1.1422572649581642e-05,6.730032907886406e-14,1.678559286579608e-14,0.6112130741746026,7.257887209382193,1.1678868835835823
0.013353241582702735,0.99784524013639,0.02,1.1422572537666642e-05,6.383006026341487e-14,1.5887690669161696e-14,0.6112130806600481,7.257887208915082,1.1678868823557318
0.013353243030918671,0.9978452398293317,0.02,1.1422572428884626e-05,6.017164940623768e-14,1.5008677661284384e-14,0.6112130869592538,7.257887208461837,1.1678868811624359
0.013353244438355227,0.99784523953085,0.02,1.1422572323147814e-05,5.68597442495786e-14,1.4192968138003336e-14,0.6112130930775965,7.25788720802204,1.1678868800027191
0.013353245806164094,0.9978452392407057,0.02,1.142257222037088e-05,5.3772218689747436e-14,1.3427759614047011e-14,0.6112130990202967,7.257887207595283,1.1678868788756336
0.013353247135463653,0.9978452389586648,0.02,1.14225721204709e-05,5.086913840222511e-14,1.2716211723313559e-14,0.6112131047924237,7.257887207181175,1.167886877780258
0.013353248427341702,0.9978452386845015,0.02,1.1422572023367264e-05,4.787217552061924e-14,1.1999433369389225e-14,0.6112131103988994,7.257887206779332,1.1678868767156982
0.013353249682854174,0.9978452384179946,0.02,1.1422571928981632e-05,4.553675685208588e-14,1.1336618616822e-14,0.6112131158445028,7.257887206389383,1.1678868756810836
0.013353250903027747,0.9978452381589307,0.02,1.1422571837237855e-05,4.285226563406017e-14,1.0684403543980438e-14,0.6112131211338743,7.257887206010973,1.16788687467557
0.013353252088859846,0.9978452379071012,0.02,1.1422571748061923e-05,4.050490719902848e-14,1.011204828712889e-14,0.6112131262715196,7.257887205643752,1.167886873698336
0.01335325324131953,0.9978452376623036,0.02,1.1422571661381894e-05,3.831778182615585e-14,9.580140058297296e-15,0.6112131312618135,7.257887205287383,1.1678868727485838
0.013353254361348765,0.9978452374243418,0.02,1.1422571577127849e-05,3.629995795109161e-14,9.038434784181505e-15,0.6112131361090047,7.257887204941541,1.1678868718255382
0.0133532554498621,0.9978452371930245,0.02,1.1422571495231828e-05,3.4294044798560034e-14,8.530487832402654e-15,0.6112131408172178,7.257887204605909,1.167886870928446
0.013353256507749378,0.9978452369681658,0.02,1.1422571415627778e-05,3.245844045626268e-14,8.11586798073981e-15,0.6112131453904583,7.257887204280181,1.1678868700565754
0.013353257535873908,0.9978452367495851,0.02,1.142257133825149e-05,3.071712333171731e-14,7.617776318100038e-15,0.6112131498326152,7.257887203964058,1.1678868692092155
0.01335325853507563,0.9978452365371071,0.02,1.1422571263040563e-05,2.9076616756522977e-14,7.21448661364537e-15,0.6112131541474664,7.257887203657254,1.1678868683856742
0.013353259506170279,0.9978452363305609,0.02,1.1422571189934345e-05,2.7479879905774487e-14,6.8357622319906306e-15,0.6112131583386767,7.257887203359488,1.1678868675852807
0.013353260449950721,0.997845236129781,0.02,1.142257111887388e-05,2.5787291885235498e-14,6.454733835519756e-15,0.6112131624098088,7.2578872030704895,1.1678868668073825
0.013353261367186786,0.9978452359346056,0.02,1.1422571049801868e-05,2.4388296682585982e-14,6.0967505879306224e-15,0.6112131663643202,7.2578872027899966,1.1678868660513455
0.013353262258627596,0.997845235744879,0.02,1.1422570982662617e-05,2.2895825188698e-14,5.759626674380726e-15,0.6112131702055683,7.257887202517754,1.1678868653165535
0.013353263124999848,0.9978452355604478,0.02,1.1422570917401986e-05,2.1873456848187254e-14,5.488444943309331e-15,0.6112131739368136,7.2578872022535155,1.1678868646024079
0.013353263967010809,0.9978452353811645,0.02,1.1422570853967366e-05,2.0697566816776432e-14,5.1653854572239915e-15,0.6112131775612218,7.2578872019970415,1.1678868639083266
0.013353264785346985,0.9978452352068857,0.02,1.1422570792307612e-05,1.9614588967550458e-14,4.867495690410344e-15,0.6112131810818677,7.257887201748101,1.1678868632337445
0.0133532655806759,0.9978452350374707,0.02,1.1422570732373019e-05,1.8567603877593923e-14,4.612269861419152e-15,0.6112131845017369,7.257887201506468,1.1678868625781123
0.013353266353645865,0.9978452348727843,0.02,1.142257067411527e-05,1.7584358690243293e-14,4.367534722008932e-15,0.6112131878237282,7.257887201271925,1.167886861940896
0.01335326710488699,0.9978452347126938,0.02,1.1422570617487404e-05,1.6443672572347666e-14,4.091194848561202e-15,0.611213191050657,7.2578872010442606,1.1678868613215772
0.013353267835012117,0.9978452345570712,0.02,1.1422570562443783e-05,1.55903852975926e-14,3.902386337487494e-15,0.6112131941852564,7.257887200823269,1.1678868607196515
0.013353268544615493,0.9978452344057909,0.02,1.1422570508940039e-05,1.4727621840085768e-14,3.679658116589844e-15,0.6112131972301824,7.257887200608753,1.1678868601346293
0.013353269234276266,0.9978452342587324,0.02,1.142257045693305e-05,1.393714118155816e-14,3.453440573658072e-15,0.6112132001880115,7.2578872004005195,1.1678868595660346
0.013353269904555487,0.9978452341157774,0.02,1.1422570406380902e-05,1.3197676142847209e-14,3.2733992274740832e-15,0.6112132030612486,7.257887200198381,1.1678868590134048
0.013353270555999608,0.9978452339768114,0.02,1.142257035724286e-05,1.2473853996109587e-14,3.1021341658460666e-15,0.6112132058523239,7.257887200002156,1.1678868584762905
0.013353271189138871,0.9978452338417231,0.02,1.1422570309479331e-05,1.159964010403067e-14,2.912406338233686e-15,0.6112132085635986,7.2578871998116705,1.167886857954255
0.013353271804489142,0.9978452337104031,0.02,1.1422570263051822e-05,1.1226354546986439e-14,2.7611487546142957e-15,0.611213211197365,7.257887199626753,1.1678868574468735
0.013353272402551464,0.9978452335827477,0.02,1.142257021792293e-05,1.042361711739845e-14,2.6259055483337657e-15,0.6112132137558505,7.257887199447238,1.1678868569537337
0.013353272983812725,0.9978452334586534,0.02,1.1422570174056295e-05,9.91747957109718e-15,2.4520578838699562e-15,0.6112132162412159,7.2578871992729646,1.1678868564744351
0.013353273548745936,0.9978452333380212,0.02,1.1422570131416573e-05,9.363249554557717e-15,2.3483810033563495e-15,0.6112132186555617,7.257887199103779,1.1678868560085882
0.013353274097810619,0.9978452332207542,0.02,1.142257008996942e-05,8.884716347959142e-15,2.220438201994637e-15,0.6112132210009272,7.257887198939531,1.1678868555558142
0.013353274631454137,0.9978452331067585,0.02,1.1422570049681443e-05,8.386317773601562e-15,2.102215630823513e-15,0.6112132232792922,7.257887198780072,1.167886855115745
0.013353275150110477,0.9978452329959429,0.02,1.1422570010520193e-05,7.987345336935636e-15,1.963433979147414e-15,0.6112132254925798,7.257887198625261,1.1678868546880243
0.013353275654200858,0.9978452328882184,0.02,1.1422569972454129e-05,7.377620153603072e-15,1.864461152768256e-15,0.6112132276426577,7.257887198474963,1.1678868542723035
0.013353276144136061,0.9978452327834983,0.02,1.1422569935452585e-05,7.20284742762444e-15,1.7971020429876754e-15,0.6112132297313396,7.257887198329041,1.167886853868246
0.01335327662031438,0.9978452326816996,0.02,1.1422569899485772e-05,6.7761725699690484e-15,1.6841144675435988e-15,0.6112132317603867,7.257887198187369,1.167886853475523
0.01335327708312306,0.9978452325827399,0.02,1.1422569864524716e-05,6.689535715746357e-15,1.5777600499160674e-15,0.6112132337315099,7.2578871980498185,1.1678868530938165
0.013353277532937857,0.9978452324865403,0.02,1.1422569830541272e-05,5.852120538094915e-15,1.4962910578554993e-15,0.6112132356463704,7.25788719791627,1.167886852722816
0.013353277970124866,0.9978452323930235,0.02,1.1422569797508069e-05,5.756150761357924e-15,1.404388924823535e-15,0.6112132375065816,7.257887197786604,1.1678868523622206
0.013353278395039359,0.9978452323021151,0.02,1.1422569765398512e-05,5.259708486519825e-15,1.2943345897342145e-15,0.6112132393137101,7.257887197660708,1.1678868520117385
0.013353278808026559,0.9978452322137417,0.02,1.1422569734186752e-05,5.159919660735249e-15,1.2854335469031248e-15,0.6112132410692783,7.257887197538469,1.167886851671085
0.013353279209421975,0.9978452321278329,0.02,1.1422569703847655e-05,4.878729191076521e-15,1.2160784068774717e-15,0.6112132427747632,7.25788719741978,1.1678868513399832
0.013353279599551626,0.9978452320443194,0.02,1.14225696743568e-05,4.4726409298823854e-15,1.1090894676874473e-15,0.6112132444316007,7.2578871973045365,1.167886851018165
0.013353279978732924,0.997845231963135,0.02,1.142256964569045e-05,4.031365017543897e-15,1.0603349864002592e-15,0.6112132460411843,7.257887197192637,1.16788685070537
0.013353280347273122,0.9978452318842138,0.02,1.1422569617825527e-05,4.278291221911969e-15,9.76804224122231e-16,0.6112132476048685,7.257887197083983,1.167886850401344
0.013353280705472093,0.9978452318074937,0.02,1.1422569590739598e-05,4.053379891052417e-15,9.714898492484707e-16,0.6112132491239675,7.25788719697848,1.167886850105841
0.013353281053620214,0.9978452317329127,0.02,1.1422569564410873e-05,3.645361844786156e-15,9.15708219469485e-16,0.6112132505997583,7.257887196876035,1.167886849818621
0.013353281392000205,0.9978452316604107,0.02,1.1422569538818154e-05,3.440081644815649e-15,8.3516092126467e-16,0.6112132520334814,7.257887196776558,1.1678868495394517
0.013353281720887011,0.9978452315899304,0.02,1.1422569513940854e-05,3.3056303663643262e-15,8.031527921287277e-16,0.6112132534263407,7.257887196679961,1.1678868492681067
0.013353282040547088,0.997845231521415,0.02,1.1422569489758943e-05,3.1146545229717213e-15,7.626061926561269e-16,0.6112132547795073,7.257887196586161,1.1678868490043663
0.013353282351240336,0.9978452314548097,0.02,1.1422569466252969e-05,2.969973525873193e-15,7.350023653918224e-16,0.6112132560941157,7.2578871964950755,1.167886848748017
0.01335328265321839,0.9978452313900613,0.02,1.1422569443404023e-05,2.4104493263523124e-15,6.897885398301977e-16,0.6112132573712711,7.2578871964066245,1.167886848498851
0.013353282946726608,0.9978452313271178,0.02,1.1422569421193711e-05,2.787429113784826e-15,6.452486976195612e-16,0.6112132586120442,7.257887196320732,1.1678868482566669
0.0133532832320028,0.9978452312659291,0.02,1.1422569399604176e-05,2.4262405251920273e-15,5.900910559817507e-16,0.611213259817476,7.257887196237323,1.167886848021268
0.013353283509278502,0.9978452312064453,0.02,1.1422569378618042e-05,2.532352092931471e-15,5.951341246101827e-16,0.6112132609885779,7.2578871961563225,1.1678868477924642
0.013353283778778813,0.9978452311486204,0.02,1.142256935821843e-05,2.2607968323244557e-15,5.498143508605701e-16,0.6112132621263319,7.257887196077662,1.1678868475700708
0.013353284040721392,0.9978452310924069,0.02,1.142256933838893e-05,2.244332695173059e-15,5.428636584659957e-16,0.6112132632316913,7.257887196001273,1.167886847353907
0.013353284295319567,0.9978452310377605,0.02,1.1422569319113591e-05,1.7410156474041862e-15,4.702118636246895e-16,0.6112132643055826,7.257887195927089,1.1678868471437978
0.01335328454277901,0.9978452309846366,0.02,1.1422569300376918e-05,1.91613157599564e-15,4.64470214705972e-16,0.6112132653489056,7.257887195855046,1.167886846939574
0.013353284783300778,0.9978452309329938,0.02,1.1422569282163834e-05,1.5722820430007125e-15,4.2187675990953605e-16,0.6112132663625341,7.257887195785081,1.16788684674107
0.013353285017079497,0.99784523088279,0.02,1.1422569264459695e-05,1.7584952939276893e-15,3.875950669573488e-16,0.6112132673473167,7.2578871957171325,1.1678868465481251
0.013353285244304736,0.9978452308339855,0.02,1.1422569247250266e-05,1.6737476081410963e-15,3.8468456817577625e-16,0.6112132683040785,7.257887195651143,1.1678868463605838
0.013353285465160292,0.9978452307865413,0.02,1.1422569230521709e-05,1.4168336747460703e-15,4.260142171412746e-16,0.611213269233619,7.257887195587054,1.1678868461782939
0.01335328567982541,0.9978452307404191,0.02,1.1422569214260569e-05,1.3113520708039446e-15,3.455529653657046e-16,0.6112132701367171,7.2578871955248125,1.1678868460011085
0.013353285888473954,0.997845230695582,0.02,1.1422569198453782e-05,1.272646274517026e-15,3.157125912379524e-16,0.6112132710141274,7.257887195464362,1.167886845828884
0.013353286091274785,0.9978452306519944,0.02,1.142256918308863e-05,1.281447062644284e-15,2.9290431317603654e-16,0.6112132718665838,7.257887195405653,1.1678868456614813
0.013353286288391997,0.9978452306096214,0.02,1.1422569168152765e-05,1.204504926914524e-15,2.9034191464029555e-16,0.611213272694799,7.257887195348633,1.1678868454987652
0.013353286479985516,0.9978452305684293,0.02,1.1422569153634182e-05,9.291779299230105e-16,2.885022072621299e-16,0.6112132734994652,7.257887195293252,1.1678868453406044
0.013353286666210051,0.9978452305283845,0.02,1.1422569139521212e-05,1.1338490950064681e-15,2.568725160481651e-16,0.6112132742812549,7.257887195239464,1.167886845186871
0.013353286847216705,0.9978452304894557,0.02,1.1422569125802509e-05,8.717414293756615e-16,2.3912609933101786e-16,0.6112132750408209,7.257887195187223,1.16788684503744
0.013353287023152027,0.9978452304516117,0.02,1.1422569112467047e-05,1.0435118458319792e-15,2.1629745256690334e-16,0.6112132757787977,7.257887195136482,1.1678868448921924
0.013353287194157959,0.997845230414822,0.02,1.1422569099504111e-05,7.757905504069448e-16,2.50507074202897e-16,0.6112132764958013,7.2578871950872,1.1678868447510093
0.013353287360373,0.9978452303790568,0.02,1.1422569086903285e-05,1.011296931675861e-15,1.816326914458622e-16,0.6112132771924305,7.257887195039333,1.1678868446137778
0.013353287521931878,0.9978452303442884,0.02,1.1422569074654438e-05,9.540496879847127e-16,2.032657294914362e-16,0.6112132778692659,7.25788719499284,1.1678868444803865
0.013353287678965264,0.9978452303104887,0.02,1.1422569062747735e-05,7.56274713192449e-16,1.9280841509721642e-16,0.6112132785268731,7.257887194947681,1.1678868443507275
0.01335328783159967,0.9978452302776306,0.02,1.1422569051173604e-05,7.038069558901692e-16,1.9711433608760388e-16,0.6112132791658,7.257887194903819,1.167886844224697
0.01335328797995905,0.9978452302456878,0.02,1.1422569039922748e-05,6.935749354061141e-16,1.7204233590097372e-16,0.6112132797865796,7.2578871948612145,1.1678868441021928
0.01335328812416331,0.9978452302146346,0.02,1.142256902898613e-05,8.228600745057346e-16,1.4821373639543678e-16,0.6112132803897292,7.257887194819832,1.1678868439831158
0.0133532882643288,0.9978452301844467,0.02,1.1422569018354962e-05,6.430374561756054e-16,1.986244793551883e-16,0.6112132809757514,7.257887194779635,1.1678868438673702
0.013353288400569263,0.9978452301550992,0.02,1.1422569008020709e-05,8.243974765281287e-16,1.304150641974527e-16,0.6112132815451344,7.25788719474059,1.167886843754863
0.0133532885329945,0.9978452301265696,0.02,1.1422568997975064e-05,5.554603192808457e-16,1.446128790335784e-16,0.611213282098353,7.257887194702664,1.1678868436455025
0.013353288661711649,0.9978452300988346,0.02,1.142256898820996e-05,3.221458475211867e-16,8.744468201423527e-17,0.6112132826358677,7.257887194665825,1.1678868435392014
0.01335328878682468,0.9978452300718719,0.02,1.1422568978717558e-05,6.260144090075334e-16,1.2393860049681321e-16,0.6112132831581261,7.257887194630039,1.1678868434358736
0.01335328890843468,0.9978452300456603,0.02,1.1422568969490234e-05,6.087458525657041e-16,1.3110912198113663e-16,0.6112132836655623,7.25788719459528,1.1678868433354352
0.013353289026639847,0.9978452300201788,0.02,1.1422568960520575e-05,3.1081447070902897e-16,1.203416293328702e-16,0.6112132841585992,7.257887194561514,1.1678868432378064
0.013353289141535996,0.9978452299954069,0.02,1.1422568951801382e-05,3.516171775001902e-16,8.624207348655617e-17,0.6112132846376471,7.257887194528713,1.1678868431429081
0.013353289253215606,0.9978452299713247,0.02,1.1422568943325654e-05,5.550668036140601e-16,1.059806298047649e-16,0.611213285103104,7.257887194496852,1.1678868430506633
0.013353289361768939,0.9978452299479134,0.02,1.1422568935086585e-05,3.4927377151610503e-16,1.0804355709280561e-16,0.6112132855553571,7.257887194465901,1.1678868429609979
0.013353289467283924,0.997845229925154,0.02,1.1422568927077558e-05,5.950804158764072e-16,7.040753539752589e-17,0.6112132859947824,7.257887194435836,1.1678868428738398
0.013353289569845328,0.9978452299030286,0.02,1.1422568919292144e-05,3.307055228396431e-16,6.426782705721923e-17,0.6112132864217453,7.257887194406629,1.1678868427891187
0.01335328966953625,0.997845229881519,0.02,1.1422568911724098e-05,3.8319997408747055e-16,6.847381186000958e-17,0.6112132868366003,7.257887194378257,1.1678868427067663
0.013353289766437126,0.9978452298606083,0.02,1.1422568904367342e-05,5.211621238686429e-16,6.110216027237055e-17,0.6112132872396923,7.257887194350695,1.1678868426267166
0.013353289860626283,0.99784522984028,0.02,1.142256889721597e-05,2.686815813922661e-16,3.1667038056730025e-17,0.6112132876313556,7.25788719432392,1.167886842548904
0.013353289952179548,0.997845229820518,0.02,1.1422568890264247e-05,3.3260630757987845e-16,5.152968159978421e-17,0.6112132880119162,7.257887194297909,1.1678868424732671
0.013353290041171029,0.9978452298013061,0.02,1.142256888350659e-05,2.4660860485636394e-16,7.888428006930955e-17,0.6112132883816896,7.257887194272641,1.1678868423997448
0.013353290127672168,0.997845229782629,0.02,1.1422568876937576e-05,2.666613432929768e-16,6.184022871753324e-17,0.6112132887409828,7.257887194248093,1.1678868423282773
0.013353290211753133,0.9978452297644721,0.02,1.1422568870551936e-05,3.394272018946583e-16,2.3766616432395298e-17,0.6112132890900934,7.257887194224247,1.1678868422588071
0.013353290293481701,0.9978452297468207,0.02,1.1422568864344541e-05,3.381043167564206e-16,3.527567334618944e-17,0.611213289429312,7.257887194201079,1.1678868421912787
0.01335329037292371,0.9978452297296607,0.02,1.1422568858310414e-05,9.120626796203942e-17,4.329348647850374e-17,0.6112132897589189,7.257887194178573,1.1678868421256376
0.013353290450143107,0.9978452297129783,0.02,1.1422568852444716e-05,3.883774221355197e-16,5.185296516061889e-17,0.6112132900791885,7.257887194156708,1.1678868420618311
0.013353290525202621,0.9978452296967605,0.02,1.1422568846742739e-05,1.657423733111038e-16,5.085764631083738e-17,0.6112132903903853,7.257887194135466,1.1678868419998076
0.013353290598162315,0.997845229680994,0.02,1.1422568841199906e-05,1.8350517854413726e-16,3.343715904681042e-17,0.6112132906927679,7.257887194114829,1.1678868419395172
0.013353290669081364,0.9978452296656668,0.02,1.1422568835811777e-05,-4.657679618253942e-17,5.3431537849105544e-17,0.6112132909865864,7.2578871940947804,1.1678868418809114
0.013353290738016388,0.9978452296507657,0.02,1.1422568830574027e-05,4.2663854690804275e-17,4.793954607547757e-17,0.6112132912720849,7.257887194075302,1.1678868418239432
0.013353290805023732,0.9978452296362799,0.02,1.1422568825482451e-05,2.2755554520929437e-16,4.188119417958977e-17,0.6112132915494989,7.257887194056379,1.1678868417685668
0.013353290870156909,0.997845229622197,0.02,1.1422568820532973e-05,2.8512907804788256e-16,4.73728834377581e-17,0.6112132918190588,7.257887194037994,1.1678868417147374
0.013353290933468542,0.9978452296085062,0.02,1.1422568815721618e-05,2.819156621070779e-16,2.313512250604061e-17,0.6112132920809872,7.257887194020132,1.167886841662412
0.013353290995009759,0.9978452295951967,0.02,1.1422568811044527e-05,-1.1568064339098982e-16,3.673784114637215e-17,0.6112132923355019,7.2578871940027785,1.167886841611548
0.013353291054829963,0.9978452295822576,0.02,1.1422568806497954e-05,1.1474180652723435e-16,2.5068761903778984e-17,0.6112132925828129,7.257887193985918,1.167886841562105
0.013353291112977395,0.9978452295696786,0.02,1.142256880207825e-05,4.075740993620826e-16,4.234283390838463e-17,0.6112132928231242,7.2578871939695375,1.1678868415140435
0.013353291169498849,0.9978452295574497,0.02,1.1422568797781873e-05,-3.463595724454598e-17,3.7994473434393155e-17,0.6112132930566353,7.257887193953623,1.1678868414673242
0.013353291224440123,0.9978452295455612,0.02,1.1422568793605376e-05,-2.0429675749561707e-17,4.070286089549787e-17,0.6112132932835393,7.25788719393816,1.16788684142191
0.013353291277845514,0.9978452295340033,0.02,1.1422568789545416e-05,2.2743557817108004e-16,2.7205416239256246e-17,0.6112132935040236,7.257887193923137,1.167886841377764
0.013353291329757655,0.9978452295227677,0.02,1.1422568785598732e-05,2.4557155290937215e-16,8.082463035750817e-18,0.6112132937182705,7.257887193908541,1.1678868413348509
0.01335329138021818,0.9978452295118444,0.02,1.1422568781762166e-05,2.5451141212128406e-17,6.335473867157132e-18,0.6112132939264574,7.257887193894359,1.1678868412931362
0.013353291429268721,0.9978452295012249,0.02,1.1422568778032636e-05,2.6545404547840516e-16,2.7604433535994742e-17,0.6112132941287559,7.25788719388058,1.1678868412525867
0.013353291476947582,0.9978452294909013,0.02,1.1422568774407162e-05,5.158918147672697e-17,2.9937124506768244e-17,0.6112132943253328,7.257887193867193,1.1678868412131693
0.013353291523294009,0.9978452294808647,0.02,1.1422568770882829e-05,7.52602881200793e-17,1.5723105952075063e-18,0.6112132945163508,7.2578871938541845,1.1678868411748524
0.013353291568345027,0.9978452294711078,0.02,1.142256876745682e-05,2.5919997936671425e-17,-2.7341783399734754e-17,0.6112132947019677,7.257887193841547,1.1678868411376058
0.013353291612136609,0.9978452294616221,0.02,1.1422568764126381e-05,2.6147881645936415e-17,5.703246833889994e-17,0.6112132948823373,7.257887193829267,1.1678868411013992
0.013353291654704391,0.9978452294524005,0.02,1.1422568760888852e-05,9.553962275933372e-17,3.339867953529264e-17,0.6112132950576072,7.257887193817335,1.167886841066203
0.013353291696082459,0.9978452294434355,0.02,1.1422568757741635e-05,1.219177129056467e-16,-6.765091986873991e-19,0.611213295227923,7.257887193805741,1.16788684103199
0.013353291736304507,0.9978452294347198,0.02,1.1422568754682208e-05,1.6334469952254662e-16,-1.973119420396185e-17,0.6112132953934246,7.2578871937944776,1.1678868409987317
0.013353291775402232,0.9978452294262468,0.02,1.1422568751708117e-05,1.384035939470105e-16,-8.250348310808221e-18,0.6112132955542494,7.2578871937835325,1.167886840966402
0.013353291813407386,0.9978452294180095,0.02,1.1422568748816987e-05,-6.478948768334519e-17,-1.924708145133939e-17,0.6112132957105287,7.2578871937728975,1.1678868409349747
0.01335329185035089,0.9978452294100012,0.02,1.1422568746006496e-05,1.9893901080230488e-16,1.024728013104973e-17,0.6112132958623926,7.257887193762564,1.167886840904425
0.013353291886261942,0.9978452294022159,0.02,1.1422568743274395e-05,1.8416648333598532e-16,-2.352851779219771e-17,0.6112132960099655,7.257887193752524,1.1678868408747278
0.013353291921169685,0.9978452293946474,0.02,1.1422568740618494e-05,-1.24610106390168e-18,2.1662661645131508e-17,0.6112132961533693,7.257887193742767,1.1678868408458596
0.013353291955102042,0.9978452293872891,0.02,1.1422568738036667e-05,1.421718885363776e-17,2.1090457375521723e-17,0.6112132962927224,7.257887193733287,1.167886840817797
0.013353291988086491,0.997845229380136,0.02,1.1422568735526844e-05,6.6184804788523495e-18,4.27576653086974e-17,0.6112132964281393,7.257887193724076,1.1678868407905179
0.013353292020149288,0.9978452293731815,0.02,1.1422568733087018e-05,-1.5288717249121063e-16,3.044633717619922e-17,0.6112132965597313,7.257887193715126,1.1678868407639997
0.013353292051316579,0.9978452293664207,0.02,1.1422568730715234e-05,7.504469248900651e-17,-1.0637663316554398e-17,0.6112132966876072,7.257887193706429,1.167886840738222
0.01335329208161301,0.9978452293598478,0.02,1.1422568728409592e-05,1.0867241851686084e-16,3.208899619963131e-17,0.6112132968118724,7.257887193697977,1.1678868407131635
0.013353292111063453,0.997845229353458,0.02,1.1422568726168244e-05,8.720642897560647e-17,-9.166474297535883e-18,0.6112132969326284,7.257887193689766,1.167886840688804
0.01335329213969122,0.9978452293472457,0.02,1.1422568723989401e-05,-1.366930164418008e-16,1.8017701998616835e-17,0.6112132970499755,7.257887193681786,1.1678868406651244
0.013353292167519237,0.9978452293412061,0.02,1.1422568721871312e-05,1.3311799782413432e-16,3.0513061390118083e-17,0.6112132971640096,7.257887193674033,1.1678868406421055
0.013353292194570265,0.997845229335335,0.02,1.1422568719812287e-05,-9.490602577797041e-17,1.444706953199782e-17,0.611213297274825,7.257887193666498,1.167886840619729
0.013353292220865343,0.9978452293296268,0.02,1.1422568717810672e-05,-6.329912804277242e-17,-2.5349158799415688e-17,0.6112132973825122,7.257887193659176,1.1678868405979768
0.013353292246426618,0.9978452293240777,0.02,1.142256871586487e-05,7.386919067000077e-18,2.3015022976756604e-17,0.6112132974871607,7.257887193652062,1.1678868405768312
0.013353292271273742,0.9978452293186828,0.02,1.142256871397332e-05,-1.9267174340502552e-16,1.053976285921887e-17,0.6112132975888558,7.257887193645149,1.167886840556276
0.013353292295427144,0.9978452293134378,0.02,1.142256871213451e-05,9.921097147071688e-17,3.502547336382293e-17,0.611213297687681,7.257887193638431,1.1678868405362939
0.013353292318905974,0.9978452293083387,0.02,1.1422568710346965e-05,8.893956560897567e-17,1.2935079997286188e-17,0.611213297783718,7.257887193631903,1.1678868405168696
0.013353292341729384,0.9978452293033816,0.02,1.1422568708609258e-05,1.0515106773922833e-16,-6.17547351034313e-18,0.6112132978770457,7.257887193625559,1.1678868404979867
0.013353292363915303,0.9978452292985627,0.02,1.1422568706919997e-05,-8.422495804577806e-17,6.009324926831175e-18,0.6112132979677406,7.2578871936193945,1.1678868404796308
0.013353292385481774,0.9978452292938772,0.02,1.1422568705277832e-05,8.010888074453702e-17,1.769845060722623e-17,0.6112132980558772,7.257887193613404,1.1678868404617868
0.013353292406446171,0.9978452292893225,0.02,1.1422568703681444e-05,-6.952741176195065e-17,6.094149946353621e-18,0.6112132981415276,7.257887193607583,1.1678868404444407
0.01335329242682548,0.9978452292848942,0.02,1.1422568702129561e-05,-3.157999451295532e-17,-1.7614302777206825e-17,0.6112132982247628,7.257887193601926,1.1678868404275784
0.013353292446635467,0.9978452292805892,0.02,1.142256870062094e-05,1.2431270911056105e-18,-1.9030386135341005e-18,0.6112132983056503,7.257887193596429,1.167886840411186
0.013353292465892508,0.9978452292764036,0.02,1.142256869915437e-05,2.304370219454852e-17,-2.866139989500784e-17,0.6112132983842574,7.257887193591087,1.1678868403952511
0.0133532924846122,0.997845229272335,0.02,1.1422568697728678e-05,-2.3204921034933723e-16,7.282350551650394e-18,0.6112132984606478,7.257887193585896,1.1678868403797606
0.013353292502809033,0.9978452292683792,0.02,1.1422568696342732e-05,2.511292900320616e-16,-2.6810869336740717e-18,0.6112132985348844,7.257887193580851,1.167886840364702
0.013353292520498161,0.9978452292645336,0.02,1.1422568694995413e-05,5.5206640379328674e-17,-3.147587166701004e-17,0.6112132986070288,7.257887193575949,1.1678868403500635
0.013353292537693517,0.9978452292607944,0.02,1.142256869368565e-05,2.6531771972865606e-16,-1.1343749133525455e-17,0.6112132986771387,7.257887193571185,1.1678868403358331
0.01335329255440898,0.9978452292571597,0.02,1.1422568692412392e-05,6.529960241908355e-17,-1.4627681833809358e-17,0.6112132987452731,7.257887193566555,1.1678868403219995
0.013353292570657926,0.9978452292536261,0.02,1.1422568691174622e-05,1.0752746331465395e-16,1.3242134158180303e-18,0.611213298811487,7.257887193562056,1.1678868403085518
0.01335329258645318,0.9978452292501905,0.02,1.142256868997135e-05,-1.2651582029967356e-16,1.3812841890040918e-17,0.6112132988758351,7.257887193557684,1.1678868402954785
0.01335329260180762,0.9978452292468506,0.02,1.1422568688801611e-05,1.0208904885648165e-16,2.0673270029115083e-17,0.6112132989383698,7.257887193553435,1.1678868402827702
0.013353292616733514,0.9978452292436037,0.02,1.1422568687664476e-05,-1.3327188392035427e-16,-1.902062036348102e-18,0.6112132989991422,7.257887193549306,1.1678868402704163
0.013353292631242852,0.9978452292404466,0.02,1.1422568686559027e-05,1.2205662431859306e-16,-1.6475028302480127e-17,0.6112132990582028,7.257887193545293,1.1678868402584066
0.013353292645347625,0.9978452292373778,0.02,1.1422568685484388e-05,-7.514987563832541e-20,-6.922469819254682e-18,0.6112132991155992,7.257887193541393,1.1678868402467317
0.013353292659058491,0.9978452292343939,0.02,1.1422568684439695e-05,1.8917904311358333e-16,-2.8173927858520227e-18,0.6112132991713789,7.257887193537603,1.1678868402353826
0.013353292672387218,0.9978452292314932,0.02,1.1422568683424116e-05,1.9712656734882776e-16,4.5671119283481196e-18,0.6112132992255874,7.25788719353392,1.1678868402243494
0.013353292685343687,0.9978452292286732,0.02,1.1422568682436835e-05,5.385704984426169e-19,3.7167892805665216e-17,0.6112132992782692,7.25788719353034,1.167886840213624
0.013353292697938834,0.9978452292259317,0.02,1.1422568681477067e-05,6.474558507233393e-17,-1.2393408269480139e-17,0.6112132993294669,7.257887193526861,1.1678868402031977
0.013353292710182152,0.997845229223266,0.02,1.1422568680544041e-05,4.902576690469983e-17,-2.6843503007773217e-17,0.6112132993792232,7.257887193523481,1.1678868401930618
0.013353292722084298,0.9978452292206749,0.02,1.1422568679637013e-05,7.177253695363959e-17,-5.466857254820455e-17,0.6112132994275782,7.257887193520196,1.1678868401832085
0.01335329273365432,0.9978452292181553,0.02,1.1422568678755258e-05,2.8334253540299267e-16,1.991870581246754e-17,0.6112132994745723,7.257887193517003,1.16788684017363
0.013353292744901546,0.9978452292157063,0.02,1.142256867789807e-05,1.0106939277626579e-16,-1.5996614346064367e-17,0.6112132995202425,7.257887193513899,1.167886840164318
0.013353292755835189,0.9978452292133253,0.02,1.1422568677064767e-05,-1.265107223338596e-16,-1.2188431970186613e-17,0.6112132995646277,7.257887193510884,1.167886840155266
0.013353292766463576,0.9978452292110103,0.02,1.1422568676254682e-05,1.512015785546864e-16,8.783090165075014e-18,0.6112132996077628,7.257887193507953,1.1678868401464662
0.013353292776795533,0.9978452292087597,0.02,1.1422568675467163e-05,1.0560831919732541e-16,-1.5633875782200466e-18,0.6112132996496842,7.257887193505105,1.1678868401379117
0.013353292786839444,0.9978452292065717,0.02,1.1422568674701586e-05,9.673163308711328e-17,1.0258125451157278e-17,0.6112132996904254,7.257887193502336,1.1678868401295956
0.013353292796602967,0.9978452292044444,0.02,1.1422568673957337e-05,1.4133655174203905e-16,-2.559574956658743e-17,0.6112132997300203,7.257887193499646,1.1678868401215108
0.013353292806094208,0.9978452292023764,0.02,1.1422568673233823e-05,1.870371258414587e-16,-1.3642378958636085e-17,0.6112132997685008,7.257887193497031,1.1678868401136517
0.013353292815320883,0.9978452292003661,0.02,1.1422568672530464e-05,-5.3695365903482504e-17,3.5498962480742007e-17,0.6112132998058983,7.25788719349449,1.1678868401060118
0.013353292824290097,0.9978452291984112,0.02,1.1422568671846702e-05,-2.2357564798354173e-16,2.2635267889206984e-17,0.6112132998422439,7.25788719349202,1.167886840098584
0.013353292833009345,0.997845229196511,0.02,1.1422568671181983e-05,-4.4530340167220263e-17,3.5041913064740714e-17,0.6112132998775667,7.25788719348962,1.167886840091364
0.013353292841485342,0.9978452291946633,0.02,1.1422568670535781e-05,1.9806000530812267e-16,-6.005776829297683e-18,0.6112132999118959,7.257887193487287,1.1678868400843447
0.013353292849724752,0.9978452291928672,0.02,1.1422568669907583e-05,2.1015717962412983e-17,1.089225772823684e-18,0.6112132999452592,7.257887193485019,1.1678868400775213
0.013353292857734567,0.9978452291911207,0.02,1.1422568669296879e-05,-1.7878789682234154e-16,1.4998345195069475e-17,0.6112132999776844,7.257887193482816,1.1678868400708875
0.01335329286552106,0.9978452291894233,0.02,1.1422568668703186e-05,3.626426348235344e-17,-1.724862386091511e-17,0.611213300009197,7.257887193480674,1.167886840064439
0.013353292873090505,0.9978452291877726,0.02,1.1422568668126032e-05,8.464438933285375e-17,-1.7360422797542037e-18,0.6112133000398242,7.257887193478593,1.1678868400581701
0.01335329288044873,0.9978452291861681,0.02,1.1422568667564952e-05,-1.371674673759018e-16,-2.2937151195458013e-17,0.6112133000695895,7.25788719347657,1.1678868400520754
0.013353292887601786,0.9978452291846079,0.02,1.1422568667019502e-05,9.763306461092454e-17,-1.5439126469350732e-17,0.6112133000985179,7.257887193474604,1.1678868400461508
0.013353292894555613,0.9978452291830913,0.02,1.142256866648924e-05,1.180578572677611e-16,3.298303149445778e-17,0.6112133001266328,7.257887193472693,1.1678868400403914
0.013353292901315261,0.9978452291816171,0.02,1.1422568665973745e-05,-7.859902863160353e-17,-3.299718058685656e-17,0.6112133001539576,7.257887193470836,1.1678868400347924
0.01335329290788656,0.9978452291801835,0.02,1.1422568665472611e-05,-7.684702632198277e-17,5.712821732531161e-19,0.6112133001805135,7.257887193469031,1.1678868400293494
0.013353292914274728,0.9978452291787896,0.02,1.1422568664985433e-05,-2.81675010658263e-17,4.216876180055912e-18,0.6112133002063234,7.257887193467277,1.1678868400240578
0.013353292920484816,0.9978452291774347,0.02,1.1422568664511822e-05,1.4902120990810952e-16,4.942150832710572e-18,0.6112133002314074,7.257887193465572,1.167886840018914
0.013353292926521765,0.9978452291761174,0.02,1.14225686640514e-05,9.892065953589372e-17,9.775346469111424e-18,0.6112133002557869,7.257887193463914,1.1678868400139129
0.01335329293239046,0.9978452291748366,0.02,1.14225686636038e-05,1.4687984790682046e-16,3.7151068178188086e-19,0.6112133002794806,7.257887193462303,1.1678868400090514
0.013353292938095562,0.9978452291735919,0.02,1.1422568663168665e-05,-5.094258018215856e-17,1.1954730166529783e-17,0.6112133003025085,7.257887193460738,1.1678868400043252
0.01335329294364157,0.997845229172381,0.02,1.1422568662745648e-05,2.504521431029713e-16,-3.100059533913584e-17,0.6112133003248892,7.257887193459217,1.1678868399997306
0.013353292949032924,0.9978452291712041,0.02,1.1422568662334408e-05,2.384570013216521e-16,-2.62563476166126e-19,0.6112133003466416,7.257887193457738,1.1678868399952642
0.013353292954274232,0.9978452291700602,0.02,1.142256866193462e-05,-1.870381355187939e-16,8.23430331398312e-18,0.6112133003677824,7.2578871934563,1.167886839990922
0.013353292959369323,0.9978452291689477,0.02,1.1422568661545963e-05,5.4826199672142347e-17,-5.377939781189388e-17,0.6112133003883288,7.257887193454903,1.1678868399867006
0.013353292964322194,0.9978452291678663,0.02,1.1422568661168132e-05,-1.3105381867578469e-17,-1.911136770215249e-17,0.6112133004082986,7.257887193453546,1.167886839982597
0.013353292969137343,0.9978452291668147,0.02,1.142256866080082e-05,2.3577748328464377e-16,-1.2136301826599647e-17,0.6112133004277073,7.257887193452226,1.1678868399786075
0.013353292973818043,0.9978452291657928,0.02,1.1422568660443731e-05,-1.0305308427833368e-17,4.849078271565759e-18,0.6112133004465707,7.257887193450943,1.167886839974729
0.013353292978368458,0.9978452291647991,0.02,1.1422568660096588e-05,4.2702097706215045e-17,1.6196388897457634e-17,0.6112133004649041,7.2578871934496965,1.167886839970959
0.01335329298279192,0.9978452291638329,0.02,1.142256865975911e-05,1.143194261667915e-16,2.056521741610063e-17,0.6112133004827225,7.257887193448484,1.1678868399672935
0.013353292987092202,0.9978452291628934,0.02,1.1422568659431027e-05,6.912476716836619e-17,-1.6707113076283753e-17,0.6112133005000409,7.257887193447306,1.1678868399637299
0.013353292991272747,0.9978452291619805,0.02,1.1422568659112076e-05,-9.388886974775841e-17,5.445173171627301e-18,0.6112133005168727,7.2578871934461615,1.1678868399602662
0.013353292995336552,0.9978452291610925,0.02,1.1422568658802008e-05,1.0055352987844026e-16,-3.985864489889492e-17,0.6112133005332319,7.2578871934450495,1.1678868399568985
0.01335329299928728,0.9978452291602294,0.02,1.1422568658500571e-05,-5.881313509984621e-17,-1.6882161743523802e-17,0.6112133005491319,7.257887193443968,1.1678868399536249
0.013353293003128097,0.99784522915939,0.02,1.1422568658207527e-05,1.7670532730347514e-16,-2.608767280412286e-17,0.6112133005645852,7.257887193442916,1.167886839950442
0.013353293006861722,0.9978452291585745,0.02,1.1422568657922637e-05,-5.496861593981697e-17,1.624001631905002e-17,0.6112133005796045,7.257887193441895,1.1678868399473479
0.013353293010491318,0.9978452291577812,0.02,1.1422568657645683e-05,1.8923881014401456e-16,-1.617545784653617e-17,0.6112133005942024,7.257887193440902,1.16788683994434
0.013353293014019607,0.9978452291570102,0.02,1.1422568657376433e-05,-2.7500084375372577e-16,-1.3959481922868995e-17,0.6112133006083905,7.257887193439936,1.1678868399414155
0.013353293017449752,0.9978452291562602,0.02,1.1422568657114681e-05,1.739628312501446e-16,-1.4726911093791054e-17,0.6112133006221803,7.257887193438998,1.1678868399385731
0.013353293020784529,0.9978452291555312,0.02,1.1422568656860217e-05,3.708265607637992e-17,-1.5703409723480603e-17,0.6112133006355827,7.257887193438086,1.167886839935809
0.013353293024026158,0.997845229154823,0.02,1.1422568656612833e-05,-1.6933304256723834e-16,-7.270135675711226e-18,0.6112133006486092,7.2578871934372,1.1678868399331224
0.01335329302717736,0.997845229154134,0.02,1.1422568656372337e-05,3.6083927769059224e-18,1.9390878763285744e-17,0.6112133006612707,7.257887193436338,1.1678868399305107
0.01335329303024091,0.997845229153464,0.02,1.1422568656138533e-05,2.817370899105379e-16,9.914653104753932e-18,0.611213300673576,7.257887193435501,1.1678868399279714
0.01335329303321936,0.9978452291528128,0.02,1.142256865591124e-05,1.0237277999438293e-16,5.621817362024627e-18,0.6112133006855366,7.257887193434687,1.167886839925503
0.013353293036114544,0.9978452291521798,0.02,1.1422568655690272e-05,1.0079997453837397e-16,-4.604365755299724e-18,0.6112133006971613,7.257887193433896,1.1678868399231028
0.01335329303892907,0.9978452291515643,0.02,1.1422568655475452e-05,1.277396208521418e-16,-2.819245040345159e-17,0.6112133007084598,7.257887193433127,1.1678868399207698
0.013353293041665326,0.9978452291509657,0.02,1.1422568655266613e-05,1.4131543409888156e-16,5.949456750951847e-18,0.6112133007194415,7.257887193432379,1.1678868399185018
0.013353293044325476,0.9978452291503842,0.02,1.1422568655063588e-05,-2.3605483154797177e-17,-1.851077725640748e-17,0.6112133007301148,7.257887193431652,1.1678868399162967
0.013353293046911296,0.9978452291498183,0.02,1.142256865486621e-05,1.7598219932345055e-16,-7.88244373744705e-18,0.6112133007404889,7.257887193430946,1.167886839914153
0.013353293049425341,0.9978452291492684,0.02,1.1422568654674325e-05,-4.349630728729262e-17,8.470292861722962e-18,0.6112133007505718,7.25788719343026,1.167886839912069
0.013353293051869108,0.9978452291487337,0.02,1.1422568654487783e-05,2.1082847006278445e-16,8.280223643075e-18,0.6112133007603724,7.2578871934295925,1.1678868399100433
0.013353293054244875,0.997845229148214,0.02,1.142256865430643e-05,2.2949287366454367e-17,-3.008668501141666e-17,0.611213300769898,7.257887193428944,1.1678868399080735
0.013353293056554638,0.9978452291477086,0.02,1.1422568654130127e-05,7.545039678490272e-17,1.7025449497672538e-18,0.6112133007791559,7.257887193428314,1.1678868399061588
0.01335329305880012,0.9978452291472173,0.02,1.1422568653958726e-05,8.308318480382368e-17,-4.95196494939995e-18,0.6112133007881546,7.257887193427701,1.1678868399042972
0.013353293060982652,0.9978452291467396,0.02,1.1422568653792096e-05,9.788068574464032e-17,-1.0665405808848149e-17,0.6112133007969011,7.257887193427106,1.1678868399024878
0.013353293063104898,0.9978452291462753,0.02,1.1422568653630105e-05,1.084262361507295e-16,3.4269162595701662e-18,0.611213300805402,7.2578871934265266,1.1678868399007285
0.013353293065167582,0.9978452291458239,0.02,1.1422568653472621e-05,-4.518865246195018e-17,-2.826331166830788e-17,0.6112133008136647,7.2578871934259634,1.1678868398990179
0.013353293067173089,0.9978452291453846,0.02,1.1422568653319518e-05,1.7177974667234868e-16,-1.2253466918928133e-17,0.6112133008216954,7.257887193425416,1.1678868398973552
0.013353293069122862,0.9978452291449581,0.02,1.1422568653170677e-05,-2.6098841125334913e-17,1.3359778351257757e-17,0.6112133008295012,7.257887193424885,1.1678868398957387
0.013353293071018013,0.9978452291445433,0.02,1.1422568653025975e-05,-6.3157893402602824e-18,-7.852483972981066e-18,0.6112133008370882,7.257887193424368,1.167886839894167
0.013353293072860428,0.9978452291441396,0.02,1.1422568652885302e-05,4.7231020896417745e-17,-1.6749862941641166e-17,0.6112133008444625,7.257887193423866,1.1678868398926394
0.013353293074651884,0.9978452291437475,0.02,1.142256865274854e-05,5.956685119464077e-17,-1.2660749453622666e-17,0.6112133008516302,7.257887193423377,1.1678868398911542
0.013353293076393269,0.9978452291433663,0.02,1.1422568652615588e-05,1.0355467899560161e-16,-3.2755017903296336e-18,0.611213300858597,7.257887193422903,1.16788683988971
0.013353293078086137,0.9978452291429957,0.02,1.142256865248633e-05,7.624532931214214e-17,1.6882985521709852e-18,0.6112133008653685,7.257887193422441,1.1678868398883062
0.013353293079731932,0.9978452291426352,0.02,1.1422568652360672e-05,1.0733031017617005e-16,-2.4797311614317482e-17,0.6112133008719501,7.257887193421992,1.1678868398869415
0.013353293081331707,0.9978452291422847,0.02,1.1422568652238507e-05,1.2795963868770452e-16,1.0759474592718507e-17,0.6112133008783471,7.257887193421556,1.1678868398856148
0.013353293082887296,0.9978452291419442,0.02,1.1422568652119745e-05,-6.058162076354911e-17,1.1820803896485471e-17,0.611213300884565,7.257887193421133,1.167886839884325
0.013353293084399476,0.9978452291416129,0.02,1.142256865200428e-05,1.7523954615542578e-16,1.1655209294570553e-17,0.6112133008906088,7.257887193420721,1.167886839883071
0.0133532930858693,0.997845229141291,0.02,1.1422568651892034e-05,-4.56393024145295e-17,8.947896368546528e-18,0.6112133008964832,7.257887193420321,1.1678868398818518
0.013353293087298435,0.997845229140978,0.02,1.1422568651782909e-05,-2.9333694278894507e-17,1.0579197668216712e-17,0.611213300902193,7.257887193419932,1.1678868398806668
0.013353293088687657,0.9978452291406734,0.02,1.1422568651676818e-05,2.837367043292047e-16,-9.828594321114056e-18,0.6112133009077424,7.2578871934195535,1.1678868398795144
0.01335329309003841,0.9978452291403777,0.02,1.142256865157368e-05,5.5195050722685625e-17,3.309461234863206e-17,0.6112133009131369,7.257887193419185,1.1678868398783944
0.01335329309135147,0.9978452291400898,0.02,1.142256865147341e-05,4.1423496525406875e-17,5.055837400342105e-18,0.6112133009183802,7.257887193418828,1.1678868398773052
0.013353293092627838,0.9978452291398101,0.02,1.142256865137593e-05,6.229742012102538e-17,-1.490691509473494e-17,0.6112133009234766,7.2578871934184805,1.1678868398762463
0.013353293093868679,0.9978452291395385,0.02,1.1422568651281162e-05,-1.4306141434300365e-16,4.196113909037651e-17,0.6112133009284303,7.257887193418142,1.1678868398752174
0.013353293095075158,0.9978452291392739,0.02,1.1422568651189029e-05,1.735916549254292e-16,-1.1392623556017619e-17,0.6112133009332451,7.257887193417814,1.1678868398742168
0.013353293096247998,0.9978452291390171,0.02,1.1422568651099463e-05,-4.6143336325865135e-17,1.1692923054541473e-17,0.6112133009379249,7.257887193417495,1.1678868398732438
0.01335329309738803,0.9978452291387668,0.02,1.1422568651012383e-05,2.1989424677558759e-16,2.1709566022692088e-18,0.6112133009424735,7.257887193417185,1.1678868398722981
0.013353293098496699,0.997845229138524,0.02,1.1422568650927727e-05,2.0368982619348896e-17,3.9894963614319905e-17,0.6112133009468956,7.257887193416883,1.1678868398713786
0.013353293099574115,0.9978452291382879,0.02,1.1422568650845426e-05,-1.7608761587987386e-17,-8.228770590844159e-18,0.6112133009511929,7.25788719341659,1.167886839870485
0.013353293100621666,0.9978452291380583,0.02,1.1422568650765412e-05,3.077497452783933e-17,2.2433696270161487e-17,0.6112133009553705,7.2578871934163045,1.1678868398696158
0.013353293101640185,0.9978452291378348,0.02,1.1422568650687629e-05,1.2238995586689504e-16,-2.292553722665198e-18,0.6112133009594309,7.257887193416028,1.167886839868771
0.013353293102630448,0.997845229137618,0.02,1.1422568650612006e-05,-1.5484837018169127e-16,2.489896406759191e-17,0.6112133009633774,7.257887193415758,1.1678868398679498
0.013353293103592845,0.9978452291374067,0.02,1.1422568650538484e-05,1.1947321589289407e-16,1.2439695511334823e-17,0.6112133009672138,7.257887193415497,1.1678868398671514
0.013353293104528596,0.9978452291372018,0.02,1.1422568650467011e-05,-4.886075296741905e-17,1.1959821473701363e-17,0.6112133009709426,7.257887193415242,1.1678868398663749
0.013353293105438202,0.9978452291370022,0.02,1.1422568650397524e-05,-6.193769639784969e-17,1.2375331123342335e-17,0.6112133009745672,7.257887193414995,1.1678868398656204
0.01335329310632255,0.9978452291368082,0.02,1.1422568650329968e-05,6.830674227874021e-18,-1.6828215627087864e-17,0.6112133009780902,7.257887193414755,1.1678868398648865
0.013353293107182529,0.9978452291366195,0.02,1.142256865026429e-05,1.4793350464027014e-16,1.3272257031919427e-17,0.6112133009815144,7.257887193414521,1.1678868398641735
0.01335329310801825,0.9978452291364364,0.02,1.1422568650200443e-05,1.9787797264026415e-16,1.3426521295486054e-18,0.6112133009848428,7.257887193414294,1.1678868398634799
0.013353293108830933,0.9978452291362581,0.02,1.1422568650138369e-05,-2.1121551711901877e-17,2.327773414989851e-17,0.6112133009880784,7.2578871934140725,1.1678868398628055
0.013353293109620856,0.9978452291360846,0.02,1.1422568650078023e-05,6.668164186179164e-17,2.1853853570013936e-17,0.611213300991223,7.2578871934138585,1.16788683986215
0.01335329311038913,0.9978452291359166,0.02,1.1422568650019354e-05,-3.3723516749728436e-17,-1.714800046152017e-17,0.6112133009942798,7.25788719341365,1.167886839861513
0.013353293111135534,0.9978452291357526,0.02,1.1422568649962315e-05,2.603951250224393e-16,5.760136827480196e-18,0.6112133009972511,7.257887193413446,1.1678868398608937
0.01335329311186123,0.9978452291355933,0.02,1.1422568649906861e-05,2.5797768512629735e-16,6.344616876221233e-19,0.6112133010001389,7.257887193413249,1.1678868398602913
0.013353293112566944,0.9978452291354385,0.02,1.1422568649852956e-05,4.6365801590143184e-17,7.527938118779657e-18,0.6112133010029464,7.257887193413057,1.1678868398597055
0.013353293113253173,0.9978452291352877,0.02,1.1422568649800545e-05,2.914763804475496e-16,3.8271754767177375e-18,0.6112133010056751,7.257887193412872,1.1678868398591367
0.013353293113919973,0.9978452291351417,0.02,1.142256864974959e-05,8.201743618746775e-17,-5.541254495419576e-17,0.6112133010083274,7.2578871934126905,1.167886839858583
0.013353293114568288,0.9978452291349993,0.02,1.1422568649700055e-05,9.321443430217579e-17,-1.9254399637772096e-17,0.6112133010109055,7.257887193412514,1.167886839858045
0.013353293115198839,0.997845229134861,0.02,1.1422568649651894e-05,1.1796508002140408e-16,-4.298605168931985e-17,0.6112133010134119,7.257887193412342,1.167886839857522
0.013353293115811682,0.9978452291347265,0.02,1.1422568649605079e-05,-8.527896721471424e-17,2.0138351340822018e-17,0.6112133010158477,7.257887193412176,1.1678868398570135
0.013353293116407372,0.9978452291345955,0.02,1.1422568649559559e-05,1.8430717204502856e-16,8.420580162765809e-19,0.6112133010182155,7.257887193412015,1.1678868398565192
0.013353293116986464,0.9978452291344686,0.02,1.1422568649515307e-05,-3.756300796591349e-17,-3.576308996864421e-17,0.6112133010205171,7.257887193411857,1.1678868398560383
0.013353293117549514,0.9978452291343449,0.02,1.1422568649472286e-05,1.0159743535931153e-17,7.154016675849988e-18,0.6112133010227542,7.257887193411705,1.167886839855571
0.013353293118096965,0.9978452291342248,0.02,1.142256864943046e-05,9.128158803008878e-17,2.018353099349105e-17,0.6112133010249289,7.257887193411556,1.167886839855117
0.013353293118629317,0.997845229134108,0.02,1.1422568649389797e-05,2.6340744725264412e-17,-5.013107016542146e-18,0.6112133010270426,7.2578871934114115,1.1678868398546751
0.01335329311914657,0.9978452291339945,0.02,1.1422568649350266e-05,-1.3591307142155783e-16,-2.3677412898099932e-17,0.6112133010290975,7.257887193411271,1.1678868398542457
0.013353293119649612,0.9978452291338838,0.02,1.142256864931183e-05,1.3511436727141921e-16,-3.23369171786451e-17,0.6112133010310946,7.257887193411134,1.1678868398538285
0.01335329312013872,0.9978452291337766,0.02,1.1422568649274468e-05,-6.082127612130882e-17,7.909156607174641e-18,0.6112133010330361,7.257887193411002,1.1678868398534226
0.013353293120613896,0.9978452291336721,0.02,1.1422568649238144e-05,1.7744330434518015e-16,3.4336077408310695e-17,0.6112133010349228,7.257887193410872,1.167886839853028
0.013353293121076137,0.9978452291335705,0.02,1.1422568649202826e-05,1.855227430276657e-16,-6.279829341320675e-18,0.6112133010367573,7.257887193410747,1.1678868398526443
0.01335329312152539,0.9978452291334721,0.02,1.1422568649168494e-05,-3.6730423295984743e-17,4.17291740194626e-19,0.6112133010385401,7.2578871934106255,1.1678868398522715
0.013353293121962095,0.9978452291333761,0.02,1.1422568649135111e-05,-3.978995611809655e-18,-9.846340599449703e-18,0.6112133010402735,7.257887193410507,1.1678868398519089
0.013353293122386978,0.9978452291332829,0.02,1.1422568649102661e-05,7.245970911626797e-18,1.4730420988545333e-17,0.6112133010419581,7.257887193410392,1.1678868398515565
0.01335329312279987,0.997845229133192,0.02,1.142256864907111e-05,1.0187724803925357e-17,-4.146267740166967e-17,0.6112133010435958,7.25788719341028,1.1678868398512137
0.013353293123201382,0.9978452291331041,0.02,1.142256864904044e-05,-1.7807327202394607e-16,8.008397827751786e-18,0.6112133010451876,7.257887193410171,1.1678868398508806
0.013353293123591459,0.9978452291330181,0.02,1.1422568649010619e-05,1.012998925048025e-16,1.5973548347030614e-17,0.6112133010467352,7.257887193410065,1.1678868398505566
0.013353293123970766,0.9978452291329349,0.02,1.142256864898163e-05,1.5417716215252076e-16,1.6190078646555248e-17,0.6112133010482391,7.257887193409962,1.1678868398502418
0.013353293124339749,0.9978452291328539,0.02,1.1422568648953444e-05,1.565606521499065e-16,2.020624252705307e-17,0.611213301049701,7.257887193409862,1.1678868398499358
0.013353293124698129,0.9978452291327753,0.02,1.1422568648926045e-05,-4.3327606868554605e-17,-1.3707038809646484e-18,0.6112133010511224,7.257887193409765,1.1678868398496383
0.013353293125046739,0.9978452291326982,0.02,1.1422568648899404e-05,1.8949546678643434e-16,5.459097943589561e-18,0.6112133010525037,7.257887193409671,1.1678868398493487
0.01335329312538569,0.9978452291326241,0.02,1.1422568648873505e-05,-3.7220134607325765e-17,-1.579649343944678e-17,0.6112133010538469,7.257887193409578,1.1678868398490674
0.013353293125715204,0.9978452291325517,0.02,1.1422568648848326e-05,1.6135661637158826e-17,-1.190260565326398e-18,0.6112133010551524,7.2578871934094895,1.1678868398487936
0.013353293126035393,0.9978452291324812,0.02,1.1422568648823847e-05,7.4910915571107e-17,-2.934045018304543e-17,0.6112133010564209,7.2578871934094025,1.1678868398485278
0.013353293126346866,0.9978452291324128,0.02,1.1422568648800048e-05,2.0799369772597096e-16,2.0355029688914582e-17,0.6112133010576544,7.257887193409318,1.1678868398482696
0.013353293126649624,0.9978452291323465,0.02,1.1422568648776909e-05,1.8905241747419414e-17,-2.7147437688924816e-17,0.6112133010588532,7.2578871934092355,1.1678868398480182
0.013353293126943777,0.9978452291322818,0.02,1.1422568648754414e-05,-1.4864130686832135e-16,5.0729420871225916e-18,0.6112133010600184,7.2578871934091564,1.1678868398477735
0.013353293127229937,0.9978452291322186,0.02,1.1422568648732545e-05,1.0527524681141404e-16,-2.168122449350926e-18,0.6112133010611515,7.257887193409078,1.1678868398475362
0.013353293127508103,0.9978452291321576,0.02,1.1422568648711284e-05,-6.022587692295549e-17,1.3813267496579425e-17,0.6112133010622527,7.257887193409003,1.167886839847305
0.013353293127778665,0.9978452291320982,0.02,1.1422568648690613e-05,-7.716396517325903e-17,-6.523977858440675e-18,0.6112133010633232,7.25788719340893,1.1678868398470805
0.013353293128041621,0.9978452291320405,0.02,1.1422568648670517e-05,-3.6163555198798796e-17,1.7855557288550044e-17,0.6112133010643637,7.257887193408859,1.1678868398468623
0.013353293128296917,0.9978452291319843,0.02,1.142256864865098e-05,-3.2528496347646616e-17,1.9853648541764437e-17,0.6112133010653747,7.25788719340879,1.16788683984665
0.013353293128545551,0.9978452291319295,0.02,1.1422568648631985e-05,-6.504525327129949e-18,1.3667533037195476e-18,0.6112133010663582,7.257887193408722,1.1678868398464437
0.013353293128787191,0.9978452291318766,0.02,1.142256864861352e-05,-2.2138608937651525e-17,-3.541088800183757e-17,0.6112133010673143,7.257887193408656,1.1678868398462434
0.01335329312902217,0.9978452291318247,0.02,1.1422568648595568e-05,2.287023033170776e-16,9.89013653748342e-19,0.6112133010682431,7.2578871934085925,1.1678868398460485
0.013353293129250599,0.9978452291317746,0.02,1.1422568648578112e-05,1.2933504792964397e-17,-1.4974750693863373e-17,0.6112133010691461,7.257887193408531,1.1678868398458588
0.013353293129472477,0.9978452291317257,0.02,1.1422568648561141e-05,2.6625755633550144e-16,-3.8520154705980156e-18,0.6112133010700238,7.257887193408471,1.1678868398456745
0.01335329312968847,0.9978452291316784,0.02,1.1422568648544644e-05,2.155961379632484e-19,-2.0337738732510622e-17,0.6112133010708775,7.257887193408412,1.1678868398454951
0.01335329312989808,0.997845229131632,0.02,1.1422568648528605e-05,3.0038356892928354e-16,-9.743606185250275e-18,0.611213301071707,7.257887193408355,1.167886839845321
0.01335329313010225,0.9978452291315872,0.02,1.1422568648513011e-05,4.677793432743999e-17,3.1692990346203226e-17,0.611213301072513,7.2578871934083,1.1678868398451514
0.013353293130300481,0.9978452291315436,0.02,1.142256864849785e-05,1.0970730903485358e-16,3.997307667648875e-17,0.6112133010732966,7.257887193408247,1.1678868398449869
0.013353293130493382,0.9978452291315011,0.02,1.1422568648483112e-05,1.6088969273582503e-16,1.7238267200581707e-17,0.611213301074059,7.2578871934081945,1.1678868398448268
0.013353293130680954,0.9978452291314601,0.02,1.1422568648468782e-05,-5.156237167419473e-17,6.147697719990757e-18,0.6112133010747997,7.257887193408144,1.1678868398446711
0.013353293130863086,0.9978452291314197,0.02,1.1422568648454854e-05,1.8431512711933546e-16,3.989557447690291e-17,0.6112133010755196,7.257887193408094,1.1678868398445197
0.013353293131040278,0.9978452291313812,0.02,1.142256864844131e-05,1.4113429144828157e-18,-8.050818588215528e-18,0.6112133010762195,7.257887193408046,1.1678868398443727
0.013353293131212307,0.9978452291313429,0.02,1.142256864842814e-05,2.54145677558113e-16,2.5540030435966357e-18,0.6112133010768999,7.257887193408,1.1678868398442295
0.013353293131379895,0.9978452291313064,0.02,1.1422568648415338e-05,-1.0395368400418437e-17,-8.257569392578191e-18,0.6112133010775612,7.257887193407955,1.1678868398440905
0.01335329313154271,0.9978452291312706,0.02,1.1422568648402892e-05,5.880873129931711e-18,-4.558203890579694e-18,0.6112133010782042,7.25788719340791,1.1678868398439552
0.013353293131701027,0.9978452291312354,0.02,1.1422568648390794e-05,9.625249914550299e-17,2.602034017200433e-17,0.611213301078829,7.257887193407868,1.1678868398438238
0.01335329313185507,0.9978452291312019,0.02,1.1422568648379029e-05,1.3794649913583802e-16,3.338262695762784e-17,0.6112133010794367,7.257887193407826,1.167886839843696
0.013353293132004396,0.9978452291311689,0.02,1.142256864836759e-05,-9.608061618772837e-17,5.086346068448156e-17,0.611213301080027,7.257887193407785,1.1678868398435718
0.01335329313214989,0.9978452291311368,0.02,1.142256864835647e-05,1.611577095261952e-16,1.0712539843230527e-18,0.6112133010806011,7.257887193407746,1.167886839843451
0.013353293132291166,0.9978452291311057,0.02,1.1422568648345663e-05,-3.92262617957909e-17,-9.663442490341202e-18,0.6112133010811592,7.257887193407708,1.1678868398433337
0.013353293132428945,0.9978452291310755,0.02,1.1422568648335151e-05,2.4871543785471787e-16,1.57297025146535e-17,0.6112133010817018,7.2578871934076705,1.1678868398432194
0.013353293132562394,0.9978452291310462,0.02,1.1422568648324932e-05,1.1121499785601606e-17,2.0252491794481686e-17,0.6112133010822292,7.257887193407634,1.1678868398431084
0.013353293132692401,0.9978452291310176,0.02,1.1422568648315e-05,3.9324285850388933e-17,-1.636735120356389e-17,0.6112133010827413,7.2578871934075995,1.1678868398430005
0.013353293132818633,0.9978452291309898,0.02,1.1422568648305342e-05,6.749806787329171e-17,2.2930298579333005e-17,0.61121330108324,7.257887193407565,1.1678868398428957
0.013353293132941424,0.9978452291309627,0.02,1.142256864829595e-05,5.061470830943498e-17,1.674904332944849e-17,0.6112133010837242,7.257887193407532,1.1678868398427935
