q(t),H_ratio,S(t),MSE(model_vs_ref),KL(f||D),"JS(f,D)",q_stagnation,q_tail_ratio,q_entropy_ratio
0.3069542202391907,0.8805676017807781,0.0,1.0755700472297282e-05,0.4135957043326631,0.08892120731191766,0.8143496103613557,7.083506965347035,1.053325481123238
0.2797830409138677,0.8987873235129652,0.0,1.028185808933928e-05,0.3138151320787591,0.07159399457279828,0.8148277773258987,7.0744705992691035,1.0544261022644468
0.2573900737435258,0.9133424809420848,0.0,9.84360607337564e-06,0.2629853844480545,0.06086868060106282,0.8152417246233884,7.066468588510025,1.0556729591479868
0.23759300699571756,0.9253836023779414,0.0,9.437484917490092e-06,0.23300792548606938,0.053923443785845265,0.8156060253950193,7.059444064370843,1.0570631734289087
0.21977652953118576,0.9355227748171564,0.0,9.060621432109853e-06,0.2144535230157852,0.049400596871352995,0.8159317914911768,7.05334168744265,1.0585898782050847
0.20359628141869668,0.9441527202943241,0.0,8.710576969230972e-06,0.2028987840098113,0.04651148634611395,0.8162274208483469,7.048106727935074,1.0602435480144905
0.18881927510032837,0.9515509412806538,0.0,8.385254543525787e-06,0.19588959101135967,0.04475158547697195,0.8164991517888642,7.043684979587047,1.0620129709746833
0.1752717796855101,0.9579253389557277,0.0,8.082832652921074e-06,0.19192090725561423,0.04377906473618471,0.8167514949594431,7.040022932668115,1.0638859772011484
0.16281646686924783,0.9634378254614632,0.0,7.801715093746103e-06,0.19000780645069,0.04335370445932564,0.8169875766380617,7.037068035673255,1.065849985146476
0.15134055829471343,0.9682179733331168,0.0,7.540491691611634e-06,0.18947678047794111,0.04330260855494069,0.8172094145367375,7.034768976124849,1.0678924072791185
0.14074895310648022,0.9723715565342775,0.0,7.297907011624357e-06,0.18985313579849827,0.04349940318297368,0.817418140935039,7.033075947174306,1.0700009456605302
0.13095990879580027,0.9759862242713411,0.0,7.0728351366387796e-06,0.1907953450564414,0.0438508668054277,0.8176141841460409,7.031940883138382,1.0721638011054406
0.12190215503810753,0.9791354502748248,0.0,6.864259174533241e-06,0.19205441286083547,0.044287950515800166,0.817797416716182,7.031317655848278,1.0743698147714262
0.11351286944175987,0.9818813863895496,0.0,6.671254511071304e-06,0.193447505084541,0.04475953778062452,0.8179672768868577,7.0311622288496265,1.0766085573555442
0.10573620102594788,0.9842769882495633,0.0,6.492975062984404e-06,0.19484017030739936,0.04522798989326007,0.8181228684469188,7.031432769710207,1.078870378155997
0.09852215775638645,0.9863676391119963,0.0,6.328641953923608e-06,0.19613397535938623,0.0456658973624979,0.8182630430379222,7.032089722723387,1.0811464238684343
0.09182574529707116,0.9881924167220459,0.0,6.177534159027608e-06,0.19725768225952017,0.04605366952750144,0.8183864681476898,7.033095845534372,1.083428635009939
0.08560628471735965,0.9897850993845363,0.0,6.038980756536744e-06,0.19816081521943268,0.04637772078213348,0.8184916833815797,7.034416213900687,1.0857097262259483
0.07982686122304472,0.9911749770616919,0.0,5.912354496090178e-06,0.1988088838697037,0.046629089853718025,0.8185771470919201,7.0360181990863815,1.0879831553848385
0.07445387114006957,0.9923875137513668,0.0,5.797066448898817e-06,0.19917978030785283,0.046802378617363125,0.8186412750428979,7.037871422396209,1.09024308526033
0.06945664414526481,0.9934448944164901,0.0,5.692561548852515e-06,0.19926102434086024,0.04689492997363227,0.8186824724674713,7.039947691168597,1.0924843407072606
0.06480712421425222,0.994366480896555,0.0,5.598314868588038e-06,0.19904763204716747,0.046906186713280326,0.8186991606167888,7.042220920231639,1.0947023635191395
0.060479597161573306,0.9951691950743927,0.0,5.5138285026358675e-06,0.1985404492694514,0.04683718881106391,0.8186897986975475,7.044667042436181,1.096893166587108
0.05645045571278723,0.9958678431938199,0.0,5.438628952476852e-06,0.19774483655248754,0.046690177550468975,0.8186529019281489,7.0472639114533555,1.0990532885334925
0.0526979952239186,0.9964753920537849,0.0,5.372264926802962e-06,0.19666962298760346,0.04646828274974629,0.8185870563121191,7.049991199589279,1.1011797496464186
0.04920223473635238,0.9970032054706559,0.0,5.3143054853542685e-06,0.1953262681350675,0.046175275089449214,0.8184909306206227,7.0528302929474185,1.1032700096756565
0.04594475921089347,0.9974612476555406,0.0,5.264338467065902e-06,0.19372818666264535,0.045815369765656866,0.8183632859898744,7.055764185872883,1.1053219278475936
0.042908579646616485,0.9978582588310567,0.0,5.221969153427848e-06,0.1918902015071826,0.045393070840577046,0.8182029834697698,7.058777376250927,1.1073337253056186
0.040078008441778556,0.99820190739667,0.0,5.186819126350459e-06,0.18982809952635915,0.04491304802990223,0.8180089898039128,7.061855762908608,1.1093039500701405
0.03743854785297168,0.998498922163031,0.0,5.15852528676811e-06,0.1875582696317131,0.04438003946244505,0.817780381675778,7.064986546085168,1.1112314445311429
0.03497678979514868,0.998755207556322,0.0,5.136739005965544e-06,0.1850974078814818,0.043798775320595715,0.8175163486189967,7.068158131692537,1.1131153154284497
0.03268032552776068,0.9989759442021898,0.0,5.1211253863879635e-06,0.18246227738186244,0.04317391832707784,0.8172161947599665,7.071360039880369,1.1149549062351376
0.03053766401164565,0.9991656769052213,0.0,5.111362612668103e-06,0.17966951339498372,0.042510017862413714,0.8168793395368433,7.074582818247144,1.116749771833412
0.028538157912547546,0.9993283917217884,0.0,5.107141376910733e-06,0.17673546599424034,0.041811475135965656,0.8165053175193804,7.077817959896754,1.1184996553562414
0.02667193638131976,0.9994675835648629,0.0,5.108164365030911e-06,0.17367607409744423,0.04108251733413268,0.8160937774381313,7.081057826424921,1.1202044670595641
0.024929843866278778,0.9995863155664447,0.0,5.114145793240046e-06,0.17050676585866464,0.04032717906424463,0.8156444805185439,7.08429557582843,1.1218642650868162
0.023303384316053777,0.9996872712470569,0.0,5.124810985690189e-06,0.167242381294454,0.03954928972601969,0.8151572982048332,7.087525095258803,1.1234792379883536
0.021784670216358493,0.9997728003949069,0.0,5.139895985884973e-06,0.1638971137216491,0.03875246569242438,0.8146322093497405,7.090740938487931,1.1250496888618964
0.02036637597505364,0.9998449594341896,0.0,5.1591471957979115e-06,0.16048446713857353,0.037940106382332583,0.8140692969390294,7.093938267913208,1.126576020985456
0.019041695229450983,0.999905546958048,0.0,5.182321037748486e-06,0.15701722712436983,0.03711539346920159,0.8134687444134818,7.09711280090155,1.128058724820724
0.01780430170022529,0.9999561350135375,0.0,5.2091836350100145e-06,0.1535074431885229,0.03628129260128277,0.8128308316459618,7.100260760253107,1.1294983662720621
0.016648313259273517,0.9999980966506575,0.0,5.239510507890685e-06,0.1499664207944287,0.03544055711602302,0.812155930626701,7.103378828554629,1.1308955760937154
0.01556825891570518,1.000032630183014,0.0,5.273086282665713e-06,0.14640472152200215,0.03459573331920085,0.8114445009060276,7.106464106187656,1.1322510403453845
0.01457536354747413,1.0000607805521062,0.0,5.309704718658766e-06,0.14283212451986285,0.03374915622276203,0.8106970785766598,7.109514097370723,1.1335655023586608
0.013646334777778324,1.0000834581391949,0.0,5.349167837325873e-06,0.13925773999299515,0.032902980792986286,0.8099142839257449,7.112526620966894,1.1348397314802274
0.012776265842840084,1.0001014553270116,0.0,5.391285921982759e-06,0.13568997163640575,0.03205917702942081,0.8090968105213453,7.1154998067384545,1.1360745290630072
0.011961446030663625,1.0001154610772827,0.0,5.43587728096e-06,0.13213653513978985,0.031219537902965895,0.8082454197589108,7.118432067045618,1.137270722822498
0.011198394414862811,1.0001260737583377,0.0,5.48276800030341e-06,0.12860448242527778,0.030385688237835072,0.8073609356985719,7.121322069606446,1.1384291612026045
0.010483846074238579,1.000133812429345,0.0,5.531791701135859e-06,0.12510022813408625,0.029559093733118713,0.8064442398942955,7.124168712614162,1.1395507083474068
0.00981473908545727,1.0001391267633686,0.0,5.582789301406584e-06,0.12162957777564101,0.02874107000982189,0.8054962662438824,7.126971102026892,1.1406362396220318
0.009188202251775524,1.0001424057700663,0.0,5.635608781852095e-06,0.11819775703049927,0.027932791590367215,0.8045179958864396,7.129728530856038,1.1416866376308061
0.00860154353176934,1.000143985460012,0.0,5.690104956068688e-06,0.11480944176796792,0.027135300735450656,0.8035104521716417,7.1324404602907405,1.1427027886854877
0.00805223913311326,1.000144155576044,0.0,5.74613924465447e-06,0.1114687884016067,0.02634951607830468,0.8024746957228546,7.135106502506918,1.1436855796806122
0.00753792323760083,1.0001431655023836,0.0,5.803579453421946e-06,0.10817946426163495,0.025576241009284767,0.8014118196139615,7.137726405020166,1.1446358953368736
0.0070563783247798995,1.0001412294493661,0.0,5.8622995557131754e-06,0.10494467771319371,0.024816171774589363,0.8003229446775902,7.1403000364521345,1.1455546157770047
0.00660552606279019,1.0001385310001671,0.0,5.922179478870553e-06,0.10176720779405306,0.024069905262138352,0.799209214960306,7.142827373589931,1.146442614401876
0.006183418736220192,1.000135227095843,0.0,5.983104894929461e-06,0.09864943318508722,0.023337946455409802,0.7980717933383215,7.1453084896274,1.1473007560374804
0.005788231182032755,1.0001314515260462,0.0,6.04496701560581e-06,0.0955933603621286,0.02262071554257421,0.7969118573052567,7.147743543486028,1.1481298953261703
0.005418253205841328,1.000127317984888,0.0,6.107662391653181e-06,0.09260065080897759,0.021918554673737736,0.7957305949416227,7.1501327701214334,1.1489308753379655
0.0050718824520396,1.0001229227444297,0.0,6.171092716662206e-06,0.08967264719878468,0.021231734363664944,0.7945292010738418,7.152476471729152,1.1497045263799899
0.004747617702489326,1.000118346992104,0.0,6.235164635369575e-06,0.08681039847497811,0.020560459541114167,0.7933088736289255,7.154775009770593,1.1504516649841188
0.004444052579661628,1.0001136588728945,0.0,6.299789556536751e-06,0.08401468378379033,0.019904875249006696,0.7920708101892686,7.157028797746696,1.1511730930547681
0.004159869631264801,1.0001089152722693,0.0,6.364883470449438e-06,0.08128603522839829,0.01926507200214578,0.7908162047504984,7.159238294652981,1.151869597160444
0.0038938347745390844,1.0001041633715932,0.0,6.430366771078793e-06,0.07862475943013263,0.018641090811197664,0.7895462446838876,7.161403999055354,1.152541947954183
0.003644792079475101,1.000099442003957,0.0,6.496164082934723e-06,0.07603095789527811,0.018032927883205548,0.7882621079035171,7.163526443731248,1.1531908997094125
0.003411658871273704,1.0000947828350257,0.0,6.562204092630455e-06,0.07350454619698882,0.017440539010100384,0.7869649602371483,7.165606190825522,1.153817189959019
0.0031934211333943807,1.000090211390565,0.0,6.628419385166542e-06,0.07104527199096942,0.016863843657544543,0.7856559529986854,7.167643827474901,1.1544215392265487
0.0029891291935106867,1.0000857479496852,0.0,6.694746284931596e-06,0.06865273189104881,0.016302728767056577,0.7843362207590898,7.169639961858834,1.1550046508395158
0.0027978936756404282,1.0000814083205651,0.0,6.761124701406321e-06,0.06632638723677539,0.01575705228474236,0.783006879311725,7.171595219638313,1.1555672108157409
0.0026188817026329136,1.0000772045133677,0.0,6.827497979547431e-06,0.06406557878988976,0.015226646430152455,0.7816690238273378,7.173510240747615,1.1561098878144804
0.0024513133340446913,1.0000731453232912,0.0,6.8938127548183264e-06,0.06186954040013015,0.014711320718817141,0.7803237271931864,7.175385676507005,1.1566333331449223
0.0022944582252858448,1.0000692368351043,0.0,6.9600188128245945e-06,0.05973741168345639,0.014210864751916828,0.7789720385302448,7.177222187027274,1.1571381808252963
0.0021476324946912984,1.000065482859143,0.0,7.026068953503946e-06,0.057668249757559506,0.013725050786337303,0.7776149818819299,7.179020438879593,1.1576250476865257
0.0020101957859376407,1.0000618853075085,0.0,7.091918859812721e-06,0.05566104008060989,0.01325363609807442,0.7762535550673882,7.180781103006479,1.1580945335149004
0.0018815485139398458,1.000058444518134,0.0,7.157526970844129e-06,0.053714706439649956,0.012796365151592295,0.7748887286920612,7.182504852851878,1.158547221228814
0.001761129283041063,1.0000551595334464,0.0,7.222854359307162e-06,0.05182812013500343,0.012352971587329061,0.7735214453080129,7.184192362690254,1.1589836770850672
0.0016484124669619016,1.0000520283395042,0.0,7.287864613289653e-06,0.05000010840660449,0.011923180039095118,0.7721526187163276,7.185844306136467,1.1594044509106933
0.0015429059405887013,1.0000490480707662,0.0,7.352523722223998e-06,0.04822946214733316,0.011506707792628634,0.7707831334037912,7.187461354819736,1.1598100763566528
0.0014441489542554864,1.0000462151850014,0.0,7.4167999669699425e-06,0.046514942947358764,0.011103266296077177,0.7694138441060246,7.189044177206574,1.1602010711701163
0.001351710141739737,1.0000435256122882,0.0,7.480663813925121e-06,0.04485528951216552,0.010712562532663224,0.7680455754892453,7.190593437558854,1.1605779374823713
0.0012651856536991524,1.0000409748815386,0.0,7.54408781307109e-06,0.04324922349546742,0.010334300265280816,0.7666791219429064,7.19210979501446,1.1609411621096999
0.0011841974087809515,1.0000385582275721,0.0,7.607046499860049e-06,0.041695454786592714,0.009968181162256383,0.7653152474755611,7.193593902779049,1.1612912168648408
0.001108391455092117,1.0000362706813577,0.0,7.669516300845514e-06,0.0401926862902224,0.009613905813002012,0.7639546857064411,7.195046407418516,1.1616285588768949
0.001037436435168737,1.0000341071457217,0.0,7.7314754429587e-06,0.038739618234612305,0.009271174641791443,0.7625981399454264,7.196467948242666,1.161953630917759
0.0009710221479882764,1.0000320624585206,0.0,7.792903866331298e-06,0.03733495204263065,0.008939688727404815,0.7612462833542757,7.197859156771426,1.1622668617333813
0.0009088582019682878,1.0000301314450188,0.0,7.853783140564693e-06,0.035977393798154476,0.008619150535918935,0.75989975918222,7.199220656275761,1.162568666378303
0.0008506727532570091,1.0000283089609878,0.0,7.914096384345408e-06,0.03466565733857144,0.008309264573463244,0.7585591810692821,7.2005530613860955,1.1628594465521365
0.0007962113239765589,1.0000265899278498,0.0,7.973828188306569e-06,0.03339846700237968,0.008009737965330136,0.7572251334109241,7.201856977761733,1.1631395909367643
0.0007452356953997485,1.0000249693610048,0.0,8.032964541035625e-06,0.03217456005914944,0.0077202809674054886,0.7558981717779257,7.203133001815327,1.1634094755331938
0.0006975228713556048,1.0000234423923438,0.0,8.091492758129128e-06,0.03099268884743392,0.007440607415491065,0.7545788233856672,7.204381720486993,1.1636694639971206
0.0006528641074461383,1.0000220042878036,0.0,8.149401414196309e-06,0.029851622644600256,0.007170435117707628,0.7532675876072854,7.205603711063152,1.1639199079723692
0.0006110640019281188,1.000020650460724,0.0,8.206680277714284e-06,0.028750149290984323,0.006909486194810716,0.7519649365254578,7.206799541035605,1.1641611474214821
0.0005719396443779612,1.0000193764816365,0.0,8.263320248639043e-06,0.02768707658927949,0.006657487372907705,0.7506713155178849,7.2079697679967865,1.1643935109528152
0.0005353198184866459,1.0000181780850663,0.0,8.31931329867783e-06,0.026661233498641614,0.006414170232746054,0.749387143871797,7.209114939567464,1.1646173161435929
0.0005010442555726247,1.0000170511738096,0.0,8.374652414130161e-06,0.025671471141637724,0.006179271419435034,0.7481128154231435,7.210235593353535,1.1648328698584391
0.00046896293559994806,1.000015991821121,0.0,8.429331541206481e-06,0.02471666364085913,0.005952532816183218,0.7468486992163701,7.211332256928823,1.1650404685629745
0.00043893543270223656,1.0000149962711582,0.0,8.483345533735311e-06,0.02379570880082294,0.005733701685362483,0.7455951401809954,7.212405447841109,1.1652403986321347
0.0004108303023890869,1.000014060937996,0.0,8.536690103171715e-06,0.022907528649611195,0.005522530779958646,0.7443524598214452,7.213455673638854,1.1654329366529137
0.00038452450779746794,1.0000131824034735,0.0,8.589361770821906e-06,0.022051069853628848,0.005318778428236201,0.7431209569168867,7.214483431916293,1.1656183497212864
0.00035990288250942193,1.0000123574141047,0.0,8.641357822200946e-06,0.021225304017823396,0.0051222085942210765,0.7419009082280404,7.2154892103748285,1.165796895733118
0.0003368576276198132,1.0000115828772365,0.0,8.6926762634426e-06,0.020429227882778032,0.0049325909164046906,0.7406925692082031,7.216473486898807,1.1659688236688959
0.00031528784087431205,1.0000108558566299,0.0,8.74331577968256e-06,0.019661863429164157,0.00474970072687755,0.7394961747159389,7.217436729643958,1.1661343738721635
0.000295099075846017,1.000010173567591,0.0,8.793275695338509e-06,0.018922257899229605,0.004573319052924876,0.7383119397271204,7.218379397136923,1.1662937783215668
0.0002762029292368018,1.0000095333717847,0.0,8.842555936212626e-06,0.0182094837441939,0.004403232602950408,0.7371400600442233,7.219301938384469,1.1664472608964498
0.00025851665451981365,1.000008932771817,0.0,8.891156993344392e-06,0.017522638505714887,0.0042392337384413985,0.7359807130009549,7.220204792991082,1.1665950376359655
0.000241962800243134,1.0000083694056756,0.0,8.939079888543782e-06,0.016860844638897005,0.004081120433543563,0.7348340581605151,7.221088391283775,1.1667373169916857
0.00022646887142618866,1.0000078410411006,0.0,8.986326141537039e-06,0.0162232492836887,0.0039286962236840545,0.733700238005948,7.221953154443078,1.1668743000737218
0.00021196701258274775,1.0000073455699363,0.0,9.032897738659503e-06,0.015609023990933474,0.003781770144556622,0.7325793786212087,7.222799494639224,1.1670061808903756
0.0001983937109844014,1.0000068810025196,0.0,9.078797103032087e-06,0.015017364408790146,0.0036401566626706443,0.7314715903617502,7.223627815172691,1.167133146581365
0.00018568951888620067,1.0000064454621325,0.0,9.124027066160066e-06,0.014447489934748314,0.003503675598559417,0.7303769685135488,7.224438510618311,1.16725537764468
0.00017379879349477267,1.0000060371795647,0.0,9.168590840895058e-06,0.013898643337981569,0.0033721520436471083,0.7292955939396588,7.225231966972252,1.1673730481571283
0.00016266945355591922,1.000005654487797,0.0,9.21249199570301e-06,0.013370090356372502,0.0032454162716847087,0.7282275337134834,7.226008561801221,1.1674863259886599
0.00015225275149766127,1.0000052958168322,0.0,9.255734430183114e-06,0.01286111927213373,0.0031233036455802724,0.7271728417380919,7.226768664393357,1.1675953730105444
0.00014250306013730007,1.0000049596886884,0.0,9.298322351784523e-06,0.012371040469585336,0.003005654520375706,0.7261315593510123,7.2275126359102515,1.1677003452975019
0.0001333776730255698,1.0000046447125615,0.0,9.340260253669666e-06,0.011899185978320709,0.0028923141430502123,0.7251037159140236,7.228240829539691,1.1678013933238893
0.0001248366175516935,1.0000043495801696,0.0,9.381552893674858e-06,0.011444909004669337,0.0027831325497660424,0.724089329387578,7.2289535906486675,1.1678986621540433
0.0001168424800025436,1.000004073061276,0.0,9.422205274320781e-06,0.011007583454096186,0.00267796446111385,0.7230884068895634,7.229651256936322,1.1679922916268954
0.00010936024180707715,1.0000038139994047,0.0,9.462222623827114e-06,0.01058660344689661,0.0025766691758594105,0.7221009452381858,7.230334158586469,1.1680824165349717
0.00010235712625183968,1.000003571307738,0.0,9.501610378087469e-06,0.010181382829323252,0.002479110463644048,0.7211269314788408,7.231002618419445,1.1681691667978937
9.580245500329099e-05,1.0000033439652,0.0,9.540374163562343e-06,0.009791354682051254,0.002385156457043896,0.7201663433948872,7.23165695204297,1.1682526676305074
8.966751380479199e-05,1.0000031310127269,0.0,9.578519781049584e-06,0.009415970827682661,0.0022946795433535358,0.7192191500023126,7.232297468001862,1.168333039705752
8.392542676693981e-05,1.0000029315497108,0.0,9.616053190293347e-06,0.009054701338817243,0.0022075562564176955,0.7182853120283191,7.232924467926345,1.168410399312401
7.855103869702784e-05,1.0000027447306263,0.0,9.652980495394135e-06,0.008707034048036282,0.002123667168801125,0.7173647823739164,7.233538246678811,1.1684848585077934
7.352080496081381e-05,1.0000025697618231,0.0,9.689307930984014e-06,0.008372474060999918,0.002042896784555959,0.7164575065606397,7.2341390924988636,1.168556525265683
6.881268838676569e-05,1.0000024058984853,0.0,9.725041849132504e-06,0.008050543273710999,0.0019651334328119746,0.7155634231615638,7.234727287146524,1.168625503619327
6.440606276969518e-05,1.0000022524417496,0.0,9.760188706950085e-06,0.007740779894875538,0.0018902691623932221,0.7146824642167982,7.235303106043481,1.1686918937999415
6.0281622547897484e-05,1.0000021087359816,0.0,9.794755054857603e-06,0.007442737974163477,0.0018181996376356382,0.7138145556336961,7.235866818412277,1.1687557923706415
5.642129826122222e-05,1.0000019741661947,0.0,9.828747525491166e-06,0.007155986937082838,0.0017488240355612358,0.7129596175720205,7.236418687413367,1.168817292355992
5.28081774170408e-05,1.0000018481556125,0.0,9.862172823213356e-06,0.0068801111270629794,0.0016820449445415957,0.7121175648143482,7.236958970279962,1.1688764833672882
4.942643042404882e-05,1.0000017301633681,0.0,9.895037714202864e-06,0.006614709355272811,0.0016177682645655798,0.7112883071219942,7.237487918450622,1.1689334517236862
4.6261241262612884e-05,1.0000016196823325,0.0,9.92734901709575e-06,0.006359394458609946,0.001555903109210598,0.7104717495767671,7.23800577769953,1.1689882805693008
4.329874259578759e-05,1.0000015162370626,0.0,9.959113594152733e-06,0.006113792866224533,0.0014963617093990836,0.7096677929088833,7.238512788264431,1.169041049986384
4.0525955031456284e-05,1.000001419381874,0.0,9.990338342927923e-06,0.005877544174883242,0.0014390593190101745,0.7088763338113582,7.239009184972203,1.1690918371047023
3.7930730271473756e-05,1.0000013286990173,0.0,1.002103018841553e-05,0.005650300733414198,0.0013839141224026913,0.7080972652412253,7.239495197362043,1.1691407162072252
3.550169790333957e-05,1.0000012437969656,0.0,1.0051196075652043e-05,0.005431727236417716,0.0013308471438942824,0.7073304767079308,7.239971049806249,1.1691877588322264
3.322821559326172e-05,1.0000011643088018,0.0,1.0080842962752373e-05,0.005221500327392731,0.0012797821592329525,0.7065758545492468,7.240436961628616,1.16923303387192
3.110032247122252e-05,1.000001089890698,0.0,1.0109977814359304e-05,0.005019308211368558,0.0012306456090848796,0.7058332821950696,7.240893147220425,1.1692766076677217
2.9108695497659376e-05,1.0000010202204888,0.0,1.0138607595486655e-05,0.0048248502771072455,0.0011833665145581564,0.7051026404194516,7.241339816154044,1.1693185441022502
2.7244608624577005e-05,1.0000009549963285,0.0,1.0166739265737197e-05,0.0046378367289026876,0.0011378763947703062,0.7043838075812295,7.241777173294148,1.1693589046881638
2.549989457101276e-05,1.000000893935427,0.0,1.019437977387739e-05,0.004457988227969327,0.0010941091864647328,0.7036766598536032,7.2422054189065825,1.1693977486539315
2.3866909045322515e-05,1.000000836772865,0.0,1.0221536052751654e-05,0.004285035543390669,0.0010520011656729627,0.7029810714430224,7.242624748764879,1.1694351330266377
2.233849725741255e-05,1.0000007832604783,0.0,1.0248215014519751e-05,0.0041187192125696735,0.001011490871414853,0.7022969147977275,7.24303535425445,1.169471112711912
2.0907962576588446e-05,1.0000007331658114,0.0,1.0274423546201495e-05,0.003958789211109353,0.0009725190314241183,0.7016240608063018,7.243437422474493,1.1695057405710734
1.9569037194355765e-05,1.000000686271134,0.0,1.0300168505513762e-05,0.0038050046320201696,0.0009350284898834386,0.7009623789865707,7.243831136337626,1.1695390674955863
1.8315854666162146e-05,1.000000642372517,0.0,1.0325456716985425e-05,0.003657133374151498,0.0008989641371476148,0.7003117376651907,7.244216674667282,1.1695711424789057
1.7142924210844512e-05,1.0000006012789688,0.0,1.0350294968336502e-05,0.0035149518397121944,0.0008642728414327743,0.6996720041482601,7.244594212292911,1.1696020126858007
1.6045106656981112e-05,1.0000005628116193,0.0,1.037469000710834e-05,0.0033782446407509582,0.0008309033824443098,0.6990430448832804,7.244963920142995,1.1696317235192428
1.5017591926458351e-05,1.0000005268029593,0.0,1.039864853753237e-05,0.0032468043144436055,0.0007988063869152628,0.6984247256127861,7.24532596533594,1.16966031868493
1.405587796288188e-05,1.0000004930961224,0.0,1.0422177217625428e-05,0.003120431047026778,0.0007679342660251642,0.697816911519957,7.245680511268861,1.1696878402535296
1.3155751006910243e-05,1.0000004615442157,0.0,1.0445282656500225e-05,0.0029989324062221316,0.000738241154665433,0.6972194673665207,7.246027717704304,1.1697143287207192
1.2313267135910522e-05,1.0000004320096902,0.0,1.0467971411880065e-05,0.002882123081973744,0.0007096828525188755,0.6966322576232471,7.246367740854939,1.1697398230650902
1.152473498389206e-05,1.000000404363748,0.0,1.0490249987807403e-05,0.0027698246353230586,0.0006822167669174256,0.6960551465933166,7.246700733466275,1.1697643608039927
1.0786699570775049e-05,1.0000003784857914,0.0,1.0512124832536291e-05,0.002661865255247215,0.0006558018574417705,0.6954879985288587,7.247026844897408,1.169787978047389
1.0095927164166518e-05,1.0000003542629032,0.0,1.053360233659921e-05,0.002558079523271188,0.0006303985822263942,0.6949306777409265,7.247346221199875,1.16981070954978
9.449391111804317e-06,1.0000003315893584,0.0,1.0554688831039316e-05,0.002458308185676456,0.0006059688459322888,0.694383048703182,7.2476590051946195,1.1698325887602732
8.84425858105331e-06,1.0000003103661712,0.0,1.0575390585799375e-05,0.00236239793311329,0.0005824759493490879,0.69384497614955,7.247965336547137,1.169853647870855
8.277878147722184e-06,1.0000002905006646,0.0,1.0595713808259179e-05,0.00227020118743752,0.0005598845405885445,0.6933163251660917,7.248265351840812,1.1698739178629267
7.747768179466874e-06,1.0000002719060725,0.0,1.0615664641913638e-05,0.00218157589557799,0.0005381605678312119,0.6927969612773442,7.24855918464851,1.1698934285521643
7.251605962044216e-06,1.0000002545011626,0.0,1.0635249165183976e-05,0.002096385330255076,0.000517271233586818,0.6922867505273672,7.24884696560244,1.1699122086317615
6.787217523562816e-06,1.0000002382098854,0.0,1.065447339035494e-05,0.0020144978973617514,0.0004971849504308576,0.6917855595557142,7.249128822462344,1.169930285714108
6.352568109768697e-06,1.0000002229610438,0.0,1.0673343262631194e-05,0.0019357869498250677,0.00047787129817890035,0.6912932556685637,7.249404880182044,1.1699476863709628
5.945753267622145e-06,1.000000208687987,0.0,1.0691864659306417e-05,0.0018601306077620297,0.00045930098246025567,0.690809706905217,7.249675260974373,1.1699644361721653
5.564990502859857e-06,1.000000195328317,0.0,1.0710043389038865e-05,0.0017874115847616896,0.0004414457946533574,0.6903347821001654,7.249940084374553,1.1699805597229465
5.208611468354718e-06,1.0000001828236227,0.0,1.0727885191227581e-05,0.001717517020099285,0.00042427857314612143,0.6898683509409386,7.250199467302029,1.1699960806998806
4.875054655961719e-06,1.0000001711192226,0.0,1.0745395735483552e-05,0.0016503383167235652,0.0004077731658834621,0.689410284021915,7.250453524120809,1.1700110218855262
4.562858554213456e-06,1.0000001601639281,0.0,1.0762580621190514e-05,0.0015857709848347817,0.00039190439416642107,0.6889604528942833,7.250702366698344,1.1700254052018069
4.270655244775767e-06,1.0000001499098208,0.0,1.0779445377150253e-05,0.001523714490892801,0.00037664801766643975,0.688518730112337,7.250946104462984,1.1700392517421712
3.997164408242604e-06,1.0000001403120449,0.0,1.0795995461307603e-05,0.001464072111877589,0.00036198070062011143,0.6880849892762682,7.251184844460036,1.1700525818025733
3.741187715622374e-06,1.0000001313286109,0.0,1.0812236260550443e-05,0.001406750794655796,0.00034787997916915303,0.6876591050716311,7.251418691406467,1.170065414911325
3.501603577871215e-06,1.0000001229202131,0.0,1.082817309058032e-05,0.0013516610202813362,0.0003343242298119503,0.6872409533056315,7.251647747744284,1.1700777698578477
3.277362230047487e-06,1.0000001150500586,0.0,1.0843811195849541e-05,0.0012987166730793476,0.00032129263893333846,0.686830410940394,7.251872113692608,1.1700896647203716
3.067481133989247e-06,1.0000001076837064,0.0,1.0859155749560647e-05,0.001247834914362457,0.0003087651733796144,0.6864273561233601,7.252091887298508,1.1701011168926148
2.871040671204028e-06,1.000000100788918,0.0,1.087421185372456e-05,0.001198936060627806,0.00029672255204712516,0.6860316682149497,7.252307164486579,1.1701121431094803
2.687180115090726e-06,1.0000000943355158,0.0,1.0888984539273717e-05,0.0011519434660949256,0.00028514621845314317,0.6856432278136297,7.252518039107343,1.1701227594718087
2.5150938587348293e-06,1.0000000882952529,0.0,1.0903478766226792e-05,0.0011067834094339434,0.00027401831425790746,0.6852619167785123,7.252724602984462,1.1701329814702115
2.3540278858424912e-06,1.0000000826416888,0.0,1.0917699423901714e-05,0.0010633849845601041,0.00026332165370853084,0.6848876182496175,7.252926945960818,1.1701428240080307
2.203276466272719e-06,1.0000000773500735,0.0,1.0931651331173875e-05,0.001021679995346813,0.00025303969897580436,0.6845202166659057,7.253125155943477,1.1701523014234456
2.062179064177272e-06,1.0000000723972404,0.0,1.0945339236776556e-05,0.0009816028541345563,0.00024315653635448862,0.6841595977812123,7.2533193189475735,1.1701614275107597
1.930117443427193e-06,1.0000000677615057,0.0,1.095876781964076e-05,0.0009430904839080653,0.0002336568533003948,0.6838056486781762,7.25350951913913,1.1701702155409033
1.8065129600008945e-06,1.0000000634225723,0.0,1.097194168927179e-05,0.0009060822240161848,0.00022452591627670354,0.683458257780285,7.253695838876847,1.17017867828117
1.6908240247914819e-06,1.0000000593614413,0.0,1.0984865386160025e-05,0.0008705197393148508,0.0002157495493835134,0.6831173148621205,7.253878358752889,1.1701868280142251
1.5825437321703717e-06,1.0000000555603306,0.0,1.099754338222345e-05,0.0008363469326181355,0.00020731411374447098,0.6827827110579188,7.254057157632694,1.170194676556403
1.481197638097953e-06,1.0000000520025942,0.0,1.1009980081279703e-05,0.0008035098603450998,0.0001992064876265103,0.6824543388685228,7.254232312693817,1.1702022352753259
1.3863416815640406e-06,1.000000048672653,0.0,1.1022179819545393e-05,0.0007719566512467135,0.00019141404726769756,0.6821320921668209,7.2544038994638536,1.1702095151068663
1.297560238477935e-06,1.000000045555924,0.0,1.1034146866160693e-05,0.0007416374281150172,0.00018392464838978004,0.6818158662017598,7.2545719918574525,1.1702165265714763
1.2144643016798184e-06,1.0000000426387572,0.0,1.1045885423737195e-05,0.0007125042323655392,0.0001767266083729977,0.6815055576010087,7.254736662212438,1.170223279789907
1.136689774972055e-06,1.0000000399083773,0.0,1.1057399628927153e-05,0.0006845109513933089,0.00016980868907059098,0.6812010643723504,7.254897981325078,1.1702297844983418
1.063895879394039e-06,1.000000037352825,0.0,1.1068693553012431e-05,0.0006576132486091225,0.0001631600802413924,0.6809022859038768,7.255056018484503,1.1702360500629632
9.957636583068918e-07,1.0000000349609084,0.0,1.1079771202511376e-05,0.0006317684960560344,0.00015677038357996389,0.6806091229630579,7.255210841506321,1.1702420854939746
9.319945816210762e-07,1.0000000327221503,0.0,1.109063651980211e-05,0.00060693570952235,0.0001506295973232293,0.6803214776947529,7.255362516765409,1.1702478994590968
8.723092362883378e-07,1.000000030626745,0.0,1.1101293383760676e-05,0.0005830754860567961,0.0001447281014152382,0.6800392536182217,7.255511109227955,1.1702535002965595
8.16446102946955e-07,1.0000000286655144,0.0,1.1111745610412688e-05,0.000560149943803461,0.0001390566432092294,0.6797623556232084,7.255656682482719,1.1702588960276026
7.641604095054433e-07,1.0000000268298672,0.0,1.1121996953597031e-05,0.0005381226640752594,0.00013360632369007895,0.6794906899651458,7.255799298771566,1.1702640943685136
7.152230594442699e-07,1.0000000251117631,0.0,1.1132051105640452e-05,0.0005169586355823494,0.00012836858419804217,0.6792241642595418,7.255939019019275,1.1702691027422065
6.69419626619927e-07,1.0000000235036761,0.0,1.1141911698041748e-05,0.0004966242007413638,0.00012333519363726207,0.6789626874756,7.256075902862646,1.1702739282893686
6.265494174595432e-07,1.0000000219985616,0.0,1.1151582302164427e-05,0.00047708700399232053,0.00011849823615171502,0.678706169929122,7.256210008678921,1.1702785778791887
5.864245897768683e-07,1.000000020589827,0.0,1.1161066429936791e-05,0.00045831594204237287,0.00011385009925201739,0.6784545232747468,7.256341393613541,1.170283058119678
5.488693315403026e-07,1.0000000192713001,0.0,1.1170367534558399e-05,0.00044028111598161217,0.00010938346237846148,0.6782076604975635,7.256470113607247,1.1702873753676064
5.137190887127829e-07,1.0000000180372055,0.0,1.117948901121194e-05,0.00042295378518669106,0.00010509128588363629,0.6779654959041521,7.256596223422554,1.1702915357380594
4.808198460493074e-07,1.0000000168821368,0.0,1.1188434197779624e-05,0.00040630632296024486,0.00010096680042068142,0.6777279451130821,7.256719776669598,1.1702955451136383
4.500274506380464e-07,1.0000000158010334,0.0,1.1197206375563202e-05,0.0003903121738376555,9.700349672271962e-05,0.6774949250449201,7.256840825831385,1.170299409153311
4.2120698151570934e-07,1.00000001478916,0.0,1.1205808770006875e-05,0.00037494581249858557,9.319511575915087e-05,0.6772663539117771,7.256959422288454,1.1703031333009273
3.942321576966279e-07,1.0000000138420828,0.0,1.1214244551422217e-05,0.0003601827042303829,8.95356392568191e-05,0.6770421512064292,7.257075616342965,1.1703067227934167
3.6898478494862275e-07,1.0000000129556532,0.0,1.1222516835714517e-05,0.000345999266880055,8.601928057080563e-05,0.6768222376910543,7.257189457242226,1.1703101826686706
3.453542388731634e-07,1.0000000121259873,0.0,1.1230628685109783e-05,0.0003323728342468045,8.264047589479312e-05,0.6766065353856113,7.257300993201678,1.170313517773129
3.232369785166611e-07,1.0000000113494507,0.0,1.1238583108881789e-05,0.00031928162085523466,7.939387579704717e-05,0.6763949675558912,7.257410271427349,1.1703167327690802
3.0253609428765316e-07,1.000000010622641,0.0,1.1246383064078601e-05,0.0003067046880659164,7.627433707159317e-05,0.6761874587012748,7.25751733813779,1.1703198321416823
2.831608818532061e-07,1.0000000099423743,0.0,1.125403145624797e-05,0.000294621911466458,7.327691489212359e-05,0.6759839345422174,7.257622238585502,1.1703228202057199
2.650264466774743e-07,1.0000000093056698,0.0,1.1261531140161115e-05,0.0002830139495020893,7.039685525910737e-05,0.6757843220074952,7.257725017077878,1.1703257011121022
2.480533296544962e-07,1.000000008709738,0.0,1.1268884920534385e-05,0.0002718622132970843,6.762958772796464e-05,0.6755885492212298,7.257825716997658,1.170328478854119
2.3216716071861043e-07,1.0000000081519684,0.0,1.1276095552748312e-05,0.00026114883762055115,6.497071840978513e-05,0.6753965454897219,7.25792438082292,1.1703311572734523
2.1729833266093124e-07,1.0000000076299174,0.0,1.1283165743563683e-05,0.00025085665296038177,6.241602323320641e-05,0.6752082412881104,7.258021050146606,1.1703337400659661
2.0338169537392758e-07,1.0000000071412969,0.0,1.1290098151834178e-05,0.0002409691586579138,5.996144145906687e-05,0.6750235682468821,7.258115765695617,1.170336230787272
1.9035627130126187e-07,1.000000006683967,0.0,1.1296895389215217e-05,0.0002314704970656431,5.760306943794263e-05,0.6748424591382487,7.25820856734946,1.170338632858084
1.781649874299518e-07,1.0000000062559231,0.0,1.130356002086868e-05,0.0002223454286944069,5.5337154602683224e-05,0.6746648478624157,7.258299494158473,1.1703409495693706
1.6675442615632363e-07,1.0000000058552905,0.0,1.1310094566163136e-05,0.00021357930830459906,5.316008968558319e-05,0.6744906694337518,7.258388584361647,1.17034318408731
1.5607459036282023e-07,1.0000000054803135,0.0,1.1316501499369347e-05,0.00020515806191305584,5.10684071544313e-05,0.674319859966886,7.258475875404026,1.1703453394580556
1.4607868481508746e-07,1.0000000051293494,0.0,1.1322783250350675e-05,0.0001970681646789327,4.905877385705075e-05,0.6741523566627398,7.258561403953734,1.1703474186123222
1.3672291121480384e-07,1.0000000048008606,0.0,1.1328942205248234e-05,0.00018929661963575095,4.712798586817865e-05,0.6739880977945162,7.258645205918599,1.1703494243697945
1.2796627557598583e-07,1.0000000044934079,0.0,1.1334980707160453e-05,0.0001818309372359668,4.5272963530861065e-05,0.6738270226936537,7.258727316462417,1.1703513594433705
1.197704100341923e-07,1.0000000042056434,0.0,1.134090105681694e-05,0.0001746591156824755,4.349074668488599e-05,0.6736690717357633,7.258807770020837,1.1703532264432404
1.1209940242729033e-07,1.0000000039363075,0.0,1.1346705513246285e-05,0.00016776962201075617,4.177849007605257e-05,0.6735141863265584,7.258886600316906,1.1703550278808126
1.0491964164138778e-07,1.0000000036842192,0.0,1.1352396294437818e-05,0.0001611513738994123,4.0133458938606875e-05,0.6733623088877921,7.2589638403762455,1.1703567661724852
9.81996686189035e-08,1.000000003448274,0.0,1.1357975577996977e-05,0.0001547937221785707,3.8553024745490144e-05,0.6732133828432086,7.259039522541906,1.1703584436432792
9.191003846886758e-08,1.000000003227439,0.0,1.1363445501794237e-05,0.00014868643400940858,3.703466111964473e-05,0.673067352604523,7.259113678488878,1.1703600625303303
8.602319268025127e-08,1.0000000030207457,0.0,1.1368808164607435e-05,0.0001428196767107111,3.557593989998145e-05,0.6729241635574393,7.2591863392382825,1.170361624986244
8.051333688641193e-08,1.0000000028272888,0.0,1.1374065626757307e-05,0.00013718400220892168,3.4174527357638774e-05,0.6727837620477113,7.259257535171252,1.17036313308233
7.53563290656345e-08,1.0000000026462204,0.0,1.1379219910736269e-05,0.0001317703320843997,3.282818055519378e-05,0.6726460953672613,7.259327296042493,1.1703645888117034
7.052957284869876e-08,1.0000000024767477,0.0,1.1384273001830162e-05,0.00012656994319517213,3.1534743844882336e-05,0.6725111117403603,7.259395650993551,1.170365994092277
6.601191937516404e-08,1.0000000023181277,0.0,1.1389226848733019e-05,0.0001215744538555219,3.0292145500047355e-05,0.672378760309877,7.259462628565784,1.1703673507696315
6.178357359054587e-08,1.0000000021696658,0.0,1.1394083364154697e-05,0.0001167758105451791,2.9098394474798717e-05,0.6722489911236061,7.259528256713052,1.1703686606197803
5.782600864812082e-08,1.000000002030711,0.0,1.1398844425421327e-05,0.00011216627513337737,2.795157728756857e-05,0.6721217551206793,7.2595925628141105,1.1703699253518265
5.412188375242266e-08,1.000000001900655,0.0,1.1403511875068559e-05,0.00010773841259376863,2.6849855022970624e-05,0.6719970041180656,7.259655573684753,1.1703711466105173
5.065496899714361e-08,1.0000000017789272,0.0,1.1408087521427473e-05,0.00010348507919780408,2.5791460448934458e-05,0.6718746907971678,7.259717315589665,1.1703723259787053
4.741007308961542e-08,1.000000001664995,0.0,1.141257313920321e-05,9.93994111594702e-05,2.4774695243337378e-05,0.6717547686905165,7.259777814254037,1.170373464979708
4.437297873582935e-08,1.0000000015583588,0.0,1.1416970470046247e-05,9.547481372346005e-05,2.3797927327225306e-05,0.6716371921685751,7.259837094874906,1.1703745650795843
4.1530377914433814e-08,1.0000000014585517,0.0,1.1421281223116257e-05,9.170495067123158e-05,2.285958829975588e-05,0.6715219164266482,7.259895182132256,1.1703756276893185
3.886981569944936e-08,1.0000000013651362,0.0,1.142550707563864e-05,8.80837342384904e-05,2.195817097125851e-05,0.6714088974719076,7.259952100199877,1.1703766541669238
3.637963430502822e-08,1.0000000012777026,0.0,1.1429649673453606e-05,8.46053154163833e-05,2.10922269914918e-05,0.6712980921105354,7.260007872755982,1.1703776458194628
3.404892257030667e-08,1.000000001195868,0.0,1.1433710631557875e-05,8.126407463447585e-05,2.026036456800526e-05,0.6711894579349859,7.260062522993596,1.1703786039049926
3.1867467997770405e-08,1.000000001119275,0.0,1.1437691534638976e-05,7.805461280099022e-05,1.9461246272550552e-05,0.6710829533113741,7.260116073630716,1.1703795296344341
2.982571278842272e-08,1.0000000010475858,0.0,1.1441593937602174e-05,7.497174269387175e-05,1.8693586931791328e-05,0.6709785373669883,7.260168546920253,1.1703804241733695
2.7914710210019678e-08,1.000000000980488,0.0,1.1445419366089997e-05,7.201048068001918e-05,1.7956151598581957e-05,0.6708761699779358,7.260219964659756,1.1703812886437712
2.612608729357646e-08,1.0000000009176873,0.0,1.1449169316994443e-05,6.916603876241717e-05,1.7247753601757135e-05,0.6707758117569147,7.260270348200922,1.1703821241256651
2.445200653067303e-08,1.000000000858908,0.0,1.1452845258961827e-05,6.643381693248115e-05,1.6567252670664765e-05,0.6706774240411261,7.260319718458907,1.1703829316587289
2.28851331218749e-08,1.0000000008038932,0.0,1.1456448632890366e-05,6.380939581959255e-05,1.5913553131659828e-05,0.6705809688803159,7.260368095921427,1.1703837122438299
2.141860111493088e-08,1.0000000007524013,0.0,1.145998085242047e-05,6.12885296268047e-05,1.5285602174709375e-05,0.6704864090249582,7.260415500657673,1.170384466844503
2.0045985205108252e-08,1.0000000007042067,0.0,1.1463443304417834e-05,5.886713934045865e-05,1.4682388186025986e-05,0.6703937079145724,7.260461952327021,1.1703851963883718
1.8761270537126506e-08,1.0000000006590988,0.0,1.1466837349449317e-05,5.6541306205200315e-05,1.4102939145517425e-05,0.6703028296661848,7.260507470187565,1.1703859017685176
1.755882816922849e-08,1.0000000006168794,0.0,1.1470164322251713e-05,5.4307265450863514e-05,1.3546321085750458e-05,0.6702137390629292,7.260552073104458,1.1703865838447933
1.6433389982140056e-08,1.0000000005773637,0.0,1.1473425532193395e-05,5.2161400266483374e-05,1.3011636610675255e-05,0.6701264015427867,7.260595779558082,1.1703872434450864
1.5380023810074306e-08,0.9999975931008417,0.0004,1.1476686205870441e-05,5.003347430904397e-05,1.2481347534379805e-05,0.6700390705421225,7.260639464170836,1.1703878940392662
1.593315246201099e-05,0.9999929328839475,0.0008,1.1479938132528232e-05,4.793079500753968e-05,1.19572836508058e-05,0.6699525834291324,7.260682965094832,1.1703884764193788
4.673207237421151e-05,0.99998616451581,0.0012,1.1483173315716962e-05,4.586149944079592e-05,1.1441481525618262e-05,0.6698677541785755,7.260726124975906,1.1703889331327952
9.143825686080964e-05,0.9999774231243853,0.0016,1.1486383986268127e-05,4.383413896591861e-05,1.0936081109838374e-05,0.6697853719902218,7.260768791200492,1.1703892085767387
0.00014913910053643287,0.9999668349781222,0.002,1.1489562614168122e-05,4.185733882936752e-05,1.0443241036157025e-05,0.6697062000667814,7.260810816112686,1.1703892490791172
0.00021897952652033537,0.99995451804647,0.0024,1.1492701919347942e-05,3.9939523447746206e-05,9.965070252626542e-06,0.6696309745440938,7.260852057203086,1.1703890029664816
0.0003001587094816349,0.9999405825224148,0.0028000000000000004,1.1495794881408085e-05,3.8088698953284063e-05,9.503573883534234e-06,0.6695604035667192,7.260892377270964,1.170388420619919
0.0003919269731659236,0.9999251313099763,0.0032,1.1498834748295169e-05,3.6312285412552466e-05,9.060611421022344e-06,0.6694951665024557,7.2609316445612055,1.1703874545196282
0.0004935828538105702,0.9999082604793271,0.0036,1.1501815043945877e-05,3.461699190135262e-05,8.637865550420703e-06,0.6694359132896024,7.26096973287743,1.1703860592789141
0.0006044703211707803,0.9998900596919902,0.004,1.15047295749135e-05,3.300872831775285e-05,8.236820087989983e-06,0.6693832639110368,7.2610065216726,1.170384191668307
0.0007239761491955043,0.9998706125983433,0.0044,1.150757243599291e-05,3.149254846484531e-05,7.858745677434803e-06,0.6693378079893577,7.261041896118402,1.1703818106304706
0.0008515274287180241,0.9998499972094866,0.0048,1.15103380148606e-05,3.0072619521682564e-05,7.504692036371975e-06,0.6693001044975057,7.261075747154602,1.1703788772865529
0.000986589214845457,0.9998282862453493,0.005200000000000001,1.1513020995748027e-05,2.875221356947997e-05,7.175485683031443e-06,0.6692706815793757,7.261107971519555,1.1703753549345972
0.0011286623020552722,0.9998055474607525,0.005600000000000001,1.1515616362168121e-05,2.753371733330164e-05,6.871732193773693e-06,0.6692500364750358,7.261138471762969,1.170371209040607
0.0012772811203273782,0.9997818439510144,0.006,1.1518119398716876e-05,2.6418656744268834e-05,6.593822154456544e-06,0.6692386355452202,7.261167156242018,1.1703664072228346
0.0014320117459459825,0.9997572344385419,0.0064,1.152052569197416e-05,2.540773334495255e-05,6.341940070241688e-06,0.6692369143898257,7.26119393910183,1.1703609192298454
0.0015924500209157921,0.999731773541738,0.0068000000000000005,1.1522831130530128e-05,2.450086992993451e-05,6.116075589194701e-06,0.6692452780551589,7.261218740241344,1.170354716912875
0.0017582197752377682,0.9997055120274522,0.0072,1.152503190416595e-05,2.3697263144979372e-05,5.916036477403687e-06,0.6692641013247324,7.261241485265519,1.1703477741929835
0.001928971146568259,0.9996784970480935,0.0076,1.1527124502219893e-05,2.2995441078238216e-05,5.7414628594530475e-06,0.6692937290884183,7.261262105424793,1.170340067023485
0.0021043789920754397,0.99965077236444,0.008,1.1529105711171959e-05,2.239332415279174e-05,5.591842302785294e-06,0.6693344767847974,7.261280537542721,1.1703315733481099
0.002284141387568994,0.9996223785551038,0.0084,1.1530972611482482e-05,2.188828786175187e-05,5.466525387313548e-06,0.6693866309115745,7.261296723932634,1.1703222730553395
0.002467978209240329,0.9995933532135155,0.0088,1.1532722573721911e-05,2.147722613427157e-05,5.364741454022364e-06,0.6694504495989565,7.261310612304176,1.1703121479293217
0.0026556297935991235,0.9995637311332526,0.0092,1.1534353254030872e-05,2.115661428571218e-05,5.2856142759396315e-06,0.669526163240941,7.261322155660511,1.1703011815977753
0.0028468556714241755,0.9995335444824456,0.0096,1.1535862588951122e-05,2.0922570715647525e-05,5.228177436895226e-06,0.6696139751795012,7.261331312186994,1.1702893594772472
0.003041433371780422,0.9995028229679577,0.01,1.1537248789669308e-05,2.0770916640325417e-05,5.19138924403426e-06,0.6697140624367202,7.261338045132055,1.1702766687160886
0.0032391572923637924,0.9994715939899754,0.010400000000000001,1.1538510335716559e-05,2.0697233318228746e-05,5.174147031742401e-06,0.6698265764899957,7.261342322681027,1.1702630981354882
0.003439837632638776,0.9994398827875982,0.0108,1.1539645968167756e-05,2.0696916319102687e-05,5.175300746694615e-06,0.6699516440855241,7.2613441178236275,1.1702486381688781
0.00364329938643565,0.9994077125759728,0.011200000000000002,1.1540654682384872e-05,2.0765226518887694e-05,5.193665730416258e-06,0.6700893680853527,7.261343408215761,1.1702332808000209
0.003849381390849671,0.999375104675484,0.0116,1.154153572034914e-05,2.0897337577962193e-05,5.2280346367970364e-06,0.6702398283434166,7.261340176036303,1.17021701950006
0.004057935428463666,0.9993420786334641,0.012,1.1542288562626843e-05,2.1088379756352394e-05,5.2771884457947595e-06,0.6704030826060752,7.26133440783951,1.170199849163805
0.004268825380079999,0.9993086523388671,0.0124,1.154291292001328e-05,2.1333479980209448e-05,5.339906548915848e-06,0.6705791674328075,7.26132609440363,1.1701817660455005
0.0044819264253005975,0.9992748421303067,0.0128,1.1543408724899186e-05,2.1627798134144307e-05,5.414975899186602e-06,0.6707680991328615,7.261315230576334,1.1701627676943203
0.0046971242884431,0.9992406628978407,0.013200000000000002,1.1543776122403051e-05,2.1966559615742417e-05,5.501199230166138e-06,0.6709698747137968,7.261301815117499,1.1701428528898012
0.004914314527417529,0.9992061281788549,0.013600000000000001,1.1544015461312028e-05,2.2345084213186938e-05,5.59740235992639e-06,0.6711844728380396,7.261285850539899,1.1701220215774297
0.005133401863317344,0.9991712502483744,0.013999999999999999,1.1544127284873068e-05,2.2758811419286255e-05,5.7024406046589935e-06,0.6714118547837189,7.261267342948303,1.1701002748045652
0.005354299548606389,0.9991360402041123,0.0144,1.1544112321474595e-05,2.3203322313733633e-05,5.8152043334074374e-06,0.6716519654062437,7.261246301877483,1.1700776146568845
0.005576928771885203,0.9991005080465427,0.0148,1.154397147525768e-05,2.3674358170565286e-05,5.934623703095404e-06,0.6719047340972537,7.261222740129596,1.1700540441955065
0.005801218097349126,0.9990646627542697,0.0152,1.1543705816694102e-05,2.416783596694309e-05,6.059672614623704e-06,0.6721700757377835,7.261196673611382,1.1700295673949461
0.006027102937126549,0.9990285123549457,0.015600000000000001,1.1543316573166998e-05,2.4679860979049827e-05,6.189371937455428e-06,0.6724478916426502,7.2611681211716075,1.170004189082044
0.006254525054804672,0.9989920639919756,0.016,1.1542805119587972e-05,2.520673666305776e-05,6.32279205005024e-06,0.6727380704932927,7.261137104439153,1.1699779148759843
0.006483432098523312,0.9989553239872353,0.016399999999999998,1.1542172969082697e-05,2.574497202195315e-05,6.459054746269923e-06,0.673040489256477,7.26110364766213,1.169950751129526
0.0067137771621099684,0.9989182979000107,0.0168,1.1541421763775043e-05,2.6291286660284902e-05,6.597334558009549e-06,0.6733550140864885,7.261067777548367,1.1699227048715442
0.006945518372802828,0.9988809905823601,0.0172,1.154055326569776e-05,2.6842613733294286e-05,6.736859544599414e-06,0.6736815012086297,7.261029523107634,1.1698937837509715
0.007178618504188328,0.9988434062310854,0.0176,1.153956934785561e-05,2.73961009873278e-05,6.876911599446713e-06,0.6740197977820426,7.260988915495889,1.1698639959822286
0.00741304461304404,0.9988055484364927,0.018000000000000002,1.153847198546493e-05,2.794911008830624e-05,7.016826321680584e-06,0.6743697427400688,7.260945987861849,1.1698333502922038
0.0076487676988445386,0.998767420228108,0.0184,1.1537263247391306e-05,2.849921442900065e-05,7.1559925013617445e-06,0.6747311676065588,7.26090077519618,1.1698018558688528
0.00788576238475358,0.9987290241175084,0.0188,1.1535945287805111e-05,2.904419559536078e-05,7.293851263568959e-06,0.6751038972867246,7.260853314183523,1.1697695223114646
0.008124006618976831,0.9986903621384206,0.0192,1.1534520338072482e-05,2.9582038665857736e-05,7.429894914763916e-06,0.6754877508313288,7.260803643057628,1.1697363595826435
0.0083634813954086,0.9986514358842286,0.0196,1.1532990698897394e-05,3.0110926509686702e-05,7.563665533086373e-06,0.6758825421731643,7.260751801459774,1.169702377962035
0.00860417049255685,0.9986122465430288,0.02,1.1531358732728371e-05,3.062923323416772e-05,7.694753341773198e-06,0.6762880808349669,7.260697830300697,1.169667588001831
0.008846060229778907,0.9985753346052098,0.02,1.1529643935032584e-05,3.09672813382137e-05,7.780389650518418e-06,0.6767000561647645,7.260642326698038,1.1696323529380523
0.009073384701417053,0.9985405522410763,0.02,1.1527859813584283e-05,3.1138538385554236e-05,7.82396115960439e-06,0.6771168234757238,7.260585586085849,1.1695967964762628
0.009287121823046973,0.9985077616901945,0.02,1.1526018565840782e-05,3.1157253529272635e-05,7.829055819455594e-06,0.6775369002224089,7.260527876926255,1.1695610305359876
0.009488179525398266,0.9984768345739843,0.02,1.1524131186090232e-05,3.103796934514683e-05,7.799338775463653e-06,0.6779589527073332,7.260469442779488,1.1695251561955182
0.009677400984870466,0.9984476512531247,0.02,1.1522207565479389e-05,3.079515020543329e-05,7.738457804719385e-06,0.6783817837518431,7.260410504225803,1.169489264564102
0.009855569446037549,0.9984201002272678,0.02,1.1520256585140497e-05,3.0442904835923355e-05,7.649972628281796e-06,0.6788043212758356,7.260351260649535,1.1694534375872119
0.010023412669862009,0.9983940775746046,0.02,1.1518286202682348e-05,2.9994784634281685e-05,7.537303452585033e-06,0.679225607731574,7.2602918918948856,1.1694177487901127
0.010181607038303342,0.9983694864289283,0.02,1.1516303532342601e-05,2.9463642549138434e-05,7.403694904030745e-06,0.6796447903381283,7.260232559802336,1.1693822639645024
0.010330781343280027,0.9983462364919261,0.02,1.1514314919118974e-05,2.8861540044665163e-05,7.252192198278917e-06,0.6800611120646585,7.260173409634,1.1693470418026026
0.010471520285480873,0.9983242435785167,0.02,1.151232600720847e-05,2.8199691924099958e-05,7.085626950457008e-06,0.6804739033126778,7.260114571395628,1.1693121344827337
0.010604367706315232,0.9983034291931674,0.02,1.1510341803088056e-05,2.7488440642274613e-05,6.906610503234708e-06,0.6808825742496284,7.260056161062489,1.1692775882100621
0.010729829574286032,0.9982837201352147,0.02,1.1508366733569062e-05,2.673725330479661e-05,6.717533040317408e-06,0.6812866077483529,7.2599982817158155,1.16924344371593
0.010848376745252908,0.9982650481313181,0.02,1.1506404699151826e-05,2.5954735816531853e-05,6.5205670791851356e-06,0.681685552889407,7.259941024596061,1.1692097367188934
0.01096044751441777,0.9982473494932773,0.02,1.1504459122998367e-05,2.5148659719809716e-05,6.317674204700397e-06,0.6820790189855471,7.259884470078794,1.1691764983503636
0.011066449976374404,0.998230564799542,0.02,1.1502532995829527e-05,2.4325998134297553e-05,6.110614128833434e-06,0.6824666700900791,7.259828688578648,1.169143755547507
0.011166764208196733,0.9982146385988385,0.02,1.1500628917040152e-05,2.3492967926117307e-05,5.900955345393568e-06,0.6828482199530996,7.25977374138636,1.1691115314158653
0.01126174428932919,0.9981995191344302,0.02,1.1498749132311667e-05,2.265507584054907e-05,5.690086799931698e-06,0.6832234273919192,7.259719681443619,1.169079845563959
0.011351720170899693,0.9981851580876184,0.02,1.149689556798681e-05,2.181716681290039e-05,5.479230118736654e-06,0.6835920920441644,7.259666554060083,1.1690487144119794
0.011436999406058357,0.9981715103391828,0.02,1.1495069862456033e-05,2.098347306302503e-05,5.269452043041e-06,0.6839540504741565,7.25961439757666,1.1690181514764912
0.011517868752018545,0.9981585337475218,0.02,1.1493273394790078e-05,2.015766292505261e-05,5.061676797159031e-06,0.6843091726051866,7.25956324397883,1.1689881676329512
0.01159459565360621,0.9981461889423631,0.02,1.1491507310838238e-05,1.9342888598457557e-05,4.856698186287141e-06,0.6846573584522174,7.2595131194635725,1.1689587713576912
0.011667429617354563,0.9981344391329536,0.02,1.1489772546997246e-05,1.8541832247304557e-05,4.655191274242351e-06,0.6849985351313621,7.25946404496316,1.1689299689508987
0.011736603484460484,0.9981232499297407,0.02,1.1488069851841622e-05,1.7756750019567243e-05,4.4577235346425335e-06,0.6853326541241963,7.259416036628911,1.1689017647420197
0.011802334610263754,0.9981125891785919,0.02,1.1486399805792722e-05,1.6989513717660502e-05,4.2647654051657466e-06,0.6856596887765831,7.259369106277744,1.1688741612788873
0.011864825957309588,0.9981024268066908,0.02,1.1484762838990834e-05,1.6241649941197713e-05,4.076700199451893e-06,0.6859796320131881,7.259323261804196,1.1688471595018024
0.011924267108504527,0.9980927346792852,0.02,1.14831592475224e-05,1.5514376618043664e-05,3.893833356308587e-06,0.6862924942502844,7.259278507560376,1.1688207589036876
0.01198083520636739,0.9980834864665226,0.02,1.1481589208142767e-05,1.4808636903541894e-05,3.7164010190342397e-06,0.6865983014907736,7.259234844706167,1.1687949576773586
0.01203469582391442,0.9980746575196789,0.02,1.1480052791624095e-05,1.4125130470041486e-05,3.5445779538960777e-06,0.6868970935865727,7.25919227153181,1.16876975285088
0.012086003772287468,0.9980662247560956,0.02,1.1478549974847708e-05,1.3464342263608113e-05,3.378484822975434e-06,0.687188922654668,7.25915078375487,1.1687451404119025
0.012134903849845169,0.9980581665522329,0.02,1.1477080651750678e-05,1.2826568809290971e-05,3.2181948371968002e-06,0.6874738516342136,7.259110374793449,1.1687211154218098
0.012181531537070744,0.9980504626442471,0.02,1.1475644643227528e-05,1.221194218889313e-05,3.063739815927237e-06,0.6877519529730177,7.259071036017364,1.1686976721204454
0.012226013641321087,0.9980430940355732,0.02,1.1474241706079633e-05,1.1620451807559356e-05,2.915115688017429e-06,0.6880233074327105,7.2590327569788995,1.1686748040221318
0.012268468895134055,0.998036042911006,0.02,1.1472871541097222e-05,1.1051964087128313e-05,2.7722874656928986e-06,0.6882880030027074,7.258995525624645,1.1686525040036408
0.012309008511525055,0.9980292925568217,0.02,1.1471533800351773e-05,1.0506240224017894e-05,2.635193727570123e-06,0.6885461339138924,7.258959328489783,1.1686307643847316
0.012347736699452994,0.9980228272865155,0.02,1.1470228093770046e-05,9.98295214304438e-06,2.503750645105508e-06,0.6887977997436554,7.258924150876153,1.1686095770018166
0.012384751142384243,0.9980166323717476,0.02,1.1468953995054865e-05,9.481696788529313e-06,2.3778555874916913e-06,0.6890431046046025,7.258889977015267,1.1685889332752883
0.012420143442670839,0.9980106939781337,0.02,1.1467711047012216e-05,9.002008879119858e-06,2.2573903373347497e-06,0.6892821564098716,7.258856790217416,1.1685688242709873
0.012453999534251192,0.998004999105533,0.02,1.1466498766339077e-05,8.543372255528123e-06,2.142223950746776e-06,0.6895150662085593,7.258824573007898,1.1685492407562676
0.012486400065994274,0.9979995355325118,0.02,1.1465316647921596e-05,8.105229942349454e-06,2.0322152912203e-06,0.6897419475852965,7.258793307251338,1.1685301732510731
0.012517420757833131,0.9979942917646902,0.02,1.1464164168689018e-05,7.686993032962142e-06,1.9272152665085273e-06,0.6899629161184889,7.258762974264997,1.168511612074416
0.012547132731676403,0.9979892569866903,0.02,1.1463040791064606e-05,7.288048511349006e-06,1.8270687967576055e-06,0.690178088892197,7.258733554921906,1.1684935473866125
0.01257560281893505,0.9979844210174301,0.02,1.1461945966051294e-05,6.90776610624903e-06,1.7316165374179352e-06,0.6903875840570322,7.258705029744604,1.1684759692276092
0.012602893846364982,0.9979797742685317,0.02,1.146087913598632e-05,6.545504272040953e-06,1.6406963828083837e-06,0.6905915204358328,7.258677378990195,1.1684588675517098
0.012629064901801379,0.9979753077056112,0.02,1.1459839736996176e-05,6.200615383506402e-06,1.554144769934192e-06,0.6907900171702301,7.258650582727399,1.1684422322589798
0.012654171581245321,0.9979710128122546,0.02,1.1458827201180264e-05,5.872450222523245e-06,1.471797804861115e-06,0.6909831934045365,7.258624620906214,1.168426053223604
0.01267826621864715,0.9979668815564847,0.02,1.1457840958549145e-05,5.560361833032172e-06,1.3934922285557854e-06,0.6911711680036806,7.258599473420763,1.1684103203194274
0.012701398099643268,0.9979629063595398,0.02,1.1456880438740968e-05,5.263708805355508e-06,1.31906624027194e-06,0.6913540593021925,7.258575120165882,1.1683950234429181
0.012723613660401478,0.9979590800668073,0.02,1.1455945072537431e-05,4.981858058638667e-06,1.2483601932245972e-06,0.6915319848814846,7.258551541087904,1.1683801525337496
0.012744956672646246,0.9979553959207494,0.02,1.145503429319876e-05,4.71418717202008e-06,1.1812171774364563e-06,0.6917050613729069,7.258528716230151,1.1683656975932053
0.012765468415861458,0.9979518475356892,0.02,1.1454147537635359e-05,4.460086317346142e-06,1.1174835019293333e-06,0.6918734042842658,7.258506625773517,1.1683516487005758
0.012785187837586864,0.9979484288743178,0.02,1.1453284247432195e-05,4.218959837402897e-06,1.0570090883163356e-06,0.6920371278476869,7.258485250072567,1.1683379960277214
0.012804151702667854,0.9979451342258052,0.02,1.1452443869740483e-05,3.990227517860367e-06,9.996477862919418e-07,0.6921963448868863,7.258464569687505,1.1683247298519457
0.012822394732239895,0.9979419581853997,0.02,1.1451625858049899e-05,3.7733255792401826e-06,9.452576203518483e-07,0.6923511667020665,7.25844456541235,1.1683118405673274
0.012839949733190803,0.9979388956354115,0.02,1.1450829672853295e-05,3.5677074348010893e-06,8.937009761231143e-07,0.6925017029708175,7.258425218299651,1.168299318694637
0.012856847718773212,0.9979359417274818,0.02,1.1450054782214838e-05,3.372844236440109e-06,8.448447350849084e-07,0.6926480616635262,7.258406509682015,1.16828715488996
0.012873118020998442,0.9979330918660461,0.02,1.144930066225139e-05,3.1882252403093655e-06,7.985603626162413e-07,0.6927903489719421,7.258388421190719,1.1682753399521362
0.0128887883953972,0.9979303416929123,0.02,1.1448566797536092e-05,3.0133580149952876e-06,7.547239576251647e-07,0.6929286692496348,7.258370934771675,1.1682638648291244
0.012903885118687619,0.9979276870728689,0.02,1.1447852681432251e-05,2.847768511048197e-06,7.132162678494386e-07,0.6930631249632201,7.258354032698957,1.1682527206233755
0.012918433079852243,0.9979251240802546,0.02,1.1447157816364856e-05,2.691001023239116e-06,6.739226759535226e-07,0.693193816653302,7.25833769758611,1.1682418985963148
0.012932455865089787,0.9979226489864218,0.02,1.1446481714036348e-05,2.5426180414341016e-06,6.367331616249016e-07,0.693320842904175,7.258321912395451,1.168231390172002
0.012945975837073742,0.997920258248031,0.02,1.1445823895592678e-05,2.402200032095063e-06,6.015422425889681e-07,0.6934443003214217,7.258306660445526,1.1682211869400545
0.012959014208918818,0.9979179484961176,0.02,1.1445183891745047e-05,2.2693451376161607e-06,5.682488981108199e-07,0.6935642835166047,7.258291925416905,1.1682112806578913
0.012971591113225656,0.9979157165258777,0.02,1.1444561242852278e-05,2.1436688281697373e-06,5.367564783329606e-07,0.6936808850983234,7.258277691356462,1.1682016632523717
0.012983725666550316,0.9979135592871238,0.02,1.1443955498968215e-05,2.024803499998544e-06,5.06972602304133e-07,0.6937941956689778,7.258263942680294,1.1681923268208778
0.01299543602961728,0.9979114738753613,0.02,1.1443366219858208e-05,1.9123980391423006e-06,4.788090460687574e-07,0.6939043038266286,7.258250664175394,1.1681832636319007
0.013006739463572503,0.9979094575234463,0.02,1.1442792974988236e-05,1.8061173549182392e-06,4.5218162399577916e-07,0.6940112961713991,7.258237841000223,1.168174466125175
0.013017652382553757,0.9979075075937813,0.02,1.1442235343489983e-05,1.705641890860192e-06,4.27010064245086e-07,0.6941152573159215,7.258225458684271,1.1681659269114113
0.013028190402834539,0.9979056215710143,0.02,1.14416929141048e-05,1.6106671191835507e-06,4.032178806891607e-07,0.6942162698993601,7.258213503126729,1.1681576387716648
0.013038368388774368,0.997903797055203,0.02,1.144116528510917e-05,1.5209030251620243e-06,3.807322416483715e-07,0.6943144146046014,7.258201960594351,1.168149594656378
0.01304820049580252,0.9979020317554192,0.02,1.1440652064224123e-05,1.4360735848857208e-06,3.59483837876659e-07,0.6944097701782197,7.258190817718605,1.1681417876841391
0.013057700210634682,0.9979003234837525,0.02,1.1440152868510657e-05,1.3559162408915916e-06,3.3940674949995474e-07,0.6945024134528842,7.258180061492191,1.168134211140178
0.013066880388917679,0.9978986701496975,0.02,1.143966732425322e-05,1.2801813779880154e-06,3.2043831372188965e-07,0.6945924193718852,7.258169679264994,1.1681268584746365
0.013075753290471614,0.99789706975489,0.02,1.1439195066832865e-05,1.2086318060534174e-06,3.025189933360237e-07,0.6946798610154874,7.258159658739551,1.1681197233006413
0.01308433061230202,0.9978955203881734,0.02,1.1438735740591707e-05,1.1410422443560656e-06,2.855922472792996e-07,0.6947648096288686,7.258149987966074,1.1681127993921965
0.013092623519526891,0.9978940202209686,0.02,1.143828899869006e-05,1.0771988194513166e-06,2.6960440308734595e-07,0.6948473346513895,7.258140655337114,1.168106080681926
0.01310064267436667,0.9978925675029325,0.02,1.1437854502957495e-05,1.016898569937999e-06,2.545045320821501e-07,0.6949275037469932,7.258131649581894,1.1680995612586826
0.013108398263322607,0.9978911605578793,0.02,1.143743192373894e-05,9.599489643846682e-07,2.4024432780401914e-07,0.6950053828355361,7.258122959760364,1.1680932353650464
0.013115900022670046,0.9978897977799538,0.02,1.1437020939736821e-05,9.061674303602877e-07,2.2677798687091385e-07,0.6950810361248773,7.258114575257034,1.1680870973947222
0.013123157262379725,0.9978884776300325,0.02,1.1436621237850146e-05,8.55380897734419e-07,2.140620943327528e-07,0.6951545261435688,7.258106485774606,1.168081141889861
0.013130178888570265,0.9978871986323441,0.02,1.1436232513011285e-05,8.074253581475972e-07,2.0205551182828072e-07,0.6952259137740047,7.2580986813274535,1.1680753635383139
0.013136973424592635,0.9978859593712894,0.02,1.1435854468021209e-05,7.621454338212804e-07,1.9071926963824107e-07,0.695295258285902,7.258091152234974,1.1680697571708327
0.013143549030837698,0.9978847584884527,0.02,1.1435486813383758e-05,7.193939662910725e-07,1.8001646253040332e-07,0.695362617369995,7.258083889114855,1.16806431775823
0.013149913523349155,0.9978835946797869,0.02,1.1435129267139529e-05,6.790316169278646e-07,1.6991214964864066e-07,0.6954280471718471,7.258076882876258,1.1680590404085078
0.01315607439132499,0.9978824666929627,0.02,1.1434781554699833e-05,6.409264847115348e-07,1.6037325777125405e-07,0.6954916023256765,7.258070124712979,1.1680539203639673
0.013162038813577137,0.9978813733248745,0.02,1.1434443408681208e-05,6.049537378749269e-07,1.513684887817199e-07,0.695553335988129,7.258063606096566,1.1680489529983036
0.013167813674020479,0.9978803134192875,0.02,1.1434114568740795e-05,5.709952595517911e-07,1.4286823048350345e-07,0.6956132998719081,7.258057318769455,1.1680441338137004
0.013173405576252462,0.9978792858646209,0.02,1.143379478141298e-05,5.389393098816938e-07,1.3484447167432296e-07,0.6956715442792085,7.258051254738108,1.1680394584379235
0.013178820857284557,0.9978782895918548,0.02,1.143348379994751e-05,5.086802026143969e-07,1.2727072038718227e-07,0.6957281181348909,7.258045406266186,1.1680349226214253
0.013184065600480133,0.9978773235725582,0.02,1.1433181384149414e-05,4.801179924314946e-07,1.20121925854977e-07,0.6957830690193483,7.258039765867773,1.1680305222344658
0.013189145647748868,0.997876386817023,0.02,1.1432887300220863e-05,4.5315818249743226e-07,1.1337440417863708e-07,0.6958364432010181,7.258034326300653,1.1680262532642525
0.01319406661104644,0.9978754783725061,0.02,1.1432601320605224e-05,4.2771143734932743e-07,1.0700576718105186e-07,0.695888285668501,7.258029080559657,1.1680221118121024
0.013198833883225292,0.9978745973215624,0.02,1.1432323223833403e-05,4.036933172622603e-07,1.0099485433505377e-07,0.6959386401622543,7.2580240218700975,1.1680180940906377
0.013203452648274938,0.9978737427804744,0.02,1.1432052794372666e-05,3.810240175097508e-07,9.532166845790347e-08,0.6959875492058301,7.258019143681274,1.16801419642101
0.01320792789099362,0.9978729138977618,0.02,1.1431789822477968e-05,3.5962812617647304e-07,8.996731392764624e-08,0.6960350541366276,7.258014439660094,1.16801041523016
0.013212264406123553,0.997872109852774,0.02,1.1431534104045982e-05,3.394343890150448e-07,8.491393836949968e-08,0.696081195136152,7.25800990368478,1.1680067470481172
0.013216466806989569,0.997871329854355,0.02,1.1431285440471795e-05,3.20375489520909e-07,8.014467646346101e-08,0.6961260112597432,7.258005529838695,1.1680031885053377
0.013220539533663367,0.9978705731395803,0.02,1.1431043638508386e-05,3.0238783637361033e-07,7.564359766748169e-08,0.6961695404657772,7.258001312404272,1.1679997363300851
0.013224486860691664,0.9978698389725591,0.02,1.143080851012894e-05,2.854113641745167e-07,7.139565511012517e-08,0.6962118196443179,7.2579972458570685,1.1679963873458563
0.013228312904409179,0.9978691266432969,0.02,1.1430579872391951e-05,2.693893429425842e-07,6.738663857923205e-08,0.6962528846452138,7.257993324859928,1.1679931384688509
0.013232021629865032,0.997868435466618,0.02,1.1430357547309225e-05,2.5426819691404647e-07,6.360312847121886e-08,0.6962927703056329,7.2579895442572795,1.1679899867054884
0.013235616857384558,0.9978677647811418,0.02,1.1430141361716704e-05,2.3999733387912003e-07,6.003245334528974e-08,0.6963315104770283,7.257985899069547,1.1679869291499732
0.013239102268790659,0.9978671139483107,0.02,1.1429931147148199e-05,2.2652898236333877e-07,5.666264860092398e-08,0.6963691380515354,7.2579823844876925,1.167983962981907
0.013242481413302476,0.9978664823514662,0.02,1.1429726739711917e-05,2.1381803702548772e-07,5.34824181942568e-08,0.696405684987796,7.257978995867884,1.1679810854639514
0.013245757713132078,0.9978658693949702,0.02,1.1429527979969881e-05,2.0182191400003557e-07,5.048109771908282e-08,0.6964411823362116,7.257975728726287,1.1679782939395376
0.013248934468799045,0.9978652745033698,0.02,1.1429334712820122e-05,1.9050040918606965e-07,4.7648619623639495e-08,0.696475660263627,7.257972578733991,1.1679755858306264
0.013252014864176376,0.9978646971206011,0.02,1.1429146787381673e-05,1.7981557081301854e-07,4.4975480525960435e-08,0.6965091480774448,7.2579695417120575,1.16797295863552
0.013255001971285818,0.9978641367092332,0.02,1.1428964056882337e-05,1.6973157345814182e-07,4.245270989367174e-08,0.6965416742491791,7.257966613626695,1.1679704099267214
0.013257898754855446,0.9978635927497462,0.02,1.1428786378549146e-05,1.6021460012204748e-07,4.0071840590327084e-08,0.6965732664374487,7.257963790584563,1.1679679373488403
0.01326070807665597,0.9978630647398429,0.02,1.1428613613501547e-05,1.512327316352389e-07,3.782488089092315e-08,0.6966039515104178,7.257961068828199,1.1679655386165553
0.013263432699625877,0.9978625521937942,0.02,1.1428445626647179e-05,1.4275584103550502e-07,3.57042880815225e-08,0.6966337555676886,7.257958444731572,1.1679632115126177
0.013266075291798185,0.9978620546418132,0.02,1.1428282286580299e-05,1.3475549406541517e-07,3.370294369683831e-08,0.6966627039616556,7.2579559147957555,1.1679609538859088
0.013268638430041613,0.9978615716294572,0.02,1.1428123465482756e-05,1.272048553928155e-07,3.1814129492177984e-08,0.6966908213183247,7.2579534756447215,1.1679587636495417
0.01327112460362434,0.9978611027170592,0.02,1.1427969039027448e-05,1.2007859850558507e-07,3.0031505459690675e-08,0.6967181315576121,7.257951124021259,1.167956638779013
0.01327353621761107,0.9978606474791817,0.02,1.1427818886284278e-05,1.1335282135582786e-07,2.834908848701979e-08,0.6967446579131205,7.257948856783004,1.1679545773103992
0.01327587559610538,0.9978602055040964,0.02,1.1427672889628507e-05,1.0700496933546032e-07,2.676123248970477e-08,0.6967704229514119,7.257946670898588,1.1679525773386032
0.013278144985339413,0.9978597763932869,0.02,1.1427530934651471e-05,1.0101375586573416e-07,2.526260945499708e-08,0.696795448590781,7.257944563443899,1.1679506370156385
0.01328034655662752,0.9978593597609718,0.02,1.142739291007364e-05,9.535909447403354e-08,2.38481917078541e-08,0.6968197561195376,7.257942531598456,1.1679487545489677
0.013282482409183338,0.9978589552336486,0.02,1.1427258707659903e-05,9.002203023311751e-08,2.2513235016357096e-08,0.6968433662138083,7.257940572641887,1.1679469281998784
0.0132845545728138,0.9978585624496582,0.02,1.1427128222137114e-05,8.498467689484958e-08,2.1253262629724298e-08,0.6968662989548683,7.257938683950526,1.1679451562819045
0.013286565010493911,0.997858181058766,0.02,1.1427001351113773e-05,8.023015555133788e-08,2.006405040735917e-08,0.6968885738460125,7.2579368629940975,1.1679434371592894
0.013288515620825614,0.9978578107217613,0.02,1.142687799500184e-05,7.574253987144297e-08,1.8941612316421552e-08,0.6969102098289714,7.25793510733252,1.1679417692454923
0.013290408240395957,0.9978574511100728,0.02,1.1426758056940627e-05,7.150680147281429e-08,1.7882187360520242e-08,0.6969312252998898,7.257933414612795,1.1679401510017342
0.013292244646027851,0.997857101905402,0.02,1.142664144272268e-05,6.750875922918414e-08,1.6882226686446834e-08,0.6969516381248695,7.257931782566011,1.1679385809355818
0.013294026556938288,0.9978567627993675,0.02,1.142652806072168e-05,6.373503176482293e-08,1.5938381733296248e-08,0.6969714656550886,7.257930209004423,1.1679370575995762
0.01329575563680574,0.997856433493167,0.02,1.14264178218222e-05,6.017299327748846e-08,1.5047492802992925e-08,0.6969907247415124,7.2579286918186385,1.1679355795898936
0.013297433495748301,0.9978561136972517,0.02,1.1426310639351422e-05,5.681072922884828e-08,1.420657873308811e-08,0.6970094317491946,7.257927228974892,1.1679341455450467
0.013299061692222058,0.9978558031310129,0.02,1.1426206429012608e-05,5.363699809610728e-08,1.3412826371042246e-08,0.6970276025711908,7.257925818512402,1.1679327541446232
0.013300641734841079,0.9978555015224816,0.02,1.1426105108820412e-05,5.064119171651704e-08,1.266358144448798e-08,0.6970452526420822,7.25792445854082,1.167931404108058
0.013302175084122403,0.9978552086080397,0.02,1.1426006599037875e-05,4.781330125364281e-08,1.1956339603130833e-08,0.6970623969511256,7.2579231472377606,1.1679300941934418
0.013303663154161316,0.997854924132142,0.02,1.1425910822115189e-05,4.5143881631480045e-08,1.1288737526671867e-08,0.6970790500550412,7.257921882846414,1.1679288231963634
0.013305107314237896,0.9978546478470501,0.02,1.1425817702630042e-05,4.262402088541425e-08,1.065854550757648e-08,0.6970952260904366,7.257920663673235,1.167927589948784
0.013306508890361834,0.9978543795125726,0.02,1.1425727167229602e-05,4.0245309740239864e-08,1.0063659480155566e-08,0.697110938785889,7.257919488085711,1.1679263933179473
0.013307869166754471,0.9978541188958213,0.02,1.1425639144574078e-05,3.799981382919396e-08,9.502094243170293e-09,0.6971262014736855,7.257918354510204,1.1679252322053169
0.013309189387273712,0.9978538657709699,0.02,1.14255535652818e-05,3.588004490607451e-08,8.971976533783462e-09,0.697141027101232,7.257917261429867,1.1679241055455467
0.013310470756783488,0.9978536199190271,0.02,1.1425470361875766e-05,3.387893767626681e-08,8.471538627908796e-09,0.6971554282421429,7.2579162073826256,1.1679230123054825
0.013311714442469591,0.9978533811276129,0.02,1.1425389468731666e-05,3.1989825954693916e-08,7.99911279624816e-09,0.6971694171070172,7.257915190959231,1.1679219514831904
0.01331292157510744,0.9978531491907484,0.02,1.142531082202729e-05,3.0206418068820084e-08,7.553125046356252e-09,0.6971830055539057,7.257914210801384,1.1679209221070148
0.013314093250277936,0.9978529239086493,0.02,1.142523435969334e-05,2.8522777687069672e-08,7.132090333916954e-09,0.6971962050984845,7.257913265599911,1.1679199232346646
0.01331523052954231,0.9978527050875279,0.02,1.1425160021365538e-05,2.6933302733862997e-08,6.7346072676235976e-09,0.6972090269239407,7.257912354093016,1.1679189539523247
0.013316334441567657,0.9978524925394023,0.02,1.142508774833806e-05,2.5432707604480784e-08,6.359353456210987e-09,0.6972214818905704,7.257911475064584,1.1679180133737965
0.013317405983215735,0.9978522860819131,0.02,1.1425017483518232e-05,2.4016003593102454e-08,6.005081034148275e-09,0.6972335805451092,7.257910627342542,1.1679171006396607
0.013318446120587246,0.9978520855381455,0.02,1.1424949171382448e-05,2.267848336041738e-08,5.670612505147071e-09,0.6972453331297943,7.257909809797285,1.167916214916467
0.013319455790031631,0.9978518907364574,0.02,1.1424882757933296e-05,2.1415704690380685e-08,5.3548366303818755e-09,0.6972567495911635,7.257909021340146,1.1679153553959485
0.013320435899116967,0.9978517015103149,0.02,1.1424818190657847e-05,2.022347556007e-08,5.056704721110305e-09,0.6972678395886093,7.2579082609219325,1.1679145212942554
0.013321387327566436,0.9978515176981317,0.02,1.142475541848707e-05,1.90978400621673e-08,4.775227306273526e-09,0.6972786125026811,7.257907527531494,1.1679137118512195
0.013322310928160941,0.9978513391431159,0.02,1.1424694391756365e-05,1.8035064489962618e-08,4.509470573299389e-09,0.6972890774431518,7.257906820194366,1.167912926329631
0.013323207527608849,0.9978511656931206,0.02,1.1424635062167168e-05,1.7031625301607104e-08,4.258553135622685e-09,0.697299243256855,7.257906137971435,1.1679121640145442
0.013324077927385325,0.9978509972004993,0.02,1.1424577382749582e-05,1.6084198120041725e-08,4.02164337254302e-09,0.6973091185352901,7.257905479957669,1.1679114242126025
0.013324922904542624,0.9978508335219677,0.02,1.142452130782606e-05,1.518964465594189e-08,3.797956413556284e-09,0.6973187116220168,7.257904845280886,1.1679107062513805
0.013325743212491303,0.9978506745184699,0.02,1.1424466792976044e-05,1.4345003709572945e-08,3.586751515369323e-09,0.6973280306198275,7.2579042331005645,1.1679100094787513
0.013326539581751673,0.9978505200550469,0.02,1.142441379500157e-05,1.3547479708147416e-08,3.3873295163490924e-09,0.6973370833977225,7.257903642606697,1.1679093332622663
0.013327312720685547,0.9978503700007127,0.02,1.1424362271893852e-05,1.2794435126811359e-08,3.1990307730559524e-09,0.6973458775976749,7.25790307301869,1.1679086769885612
0.01332806331619546,0.9978502242283311,0.02,1.1424312182800714e-05,1.2083380382297857e-08,3.0212325433925523e-09,0.6973544206412057,7.257902523584294,1.167908040062774
0.013328792034405068,0.9978500826145005,0.02,1.1424263487994943e-05,1.1411965837988014e-08,2.8533471591781047e-09,0.6973627197357677,7.257901993578573,1.1679074219079817
0.013329499521313015,0.9978499450394378,0.02,1.1424216148843513e-05,1.0777973568384095e-08,2.6948199780155188e-09,0.6973707818809426,7.2579014823029215,1.1679068219646571
0.01333018640342798,0.9978498113868705,0.02,1.1424170127777625e-05,1.0179310721430707e-08,2.545127525361053e-09,0.6973786138744626,7.2579009890841,1.1679062396901403
0.013330853288377409,0.9978496815439303,0.02,1.142412538826357e-05,9.614001359439437e-09,2.4037755837890872e-09,0.6973862223180537,7.257900513273322,1.1679056745581236
0.013331500765500548,0.9978495554010488,0.02,1.1424081894774395e-05,9.080180754094947e-09,2.2702979320743125e-09,0.6973936136231133,7.257900054245354,1.1679051260581566
0.013332129406418536,0.9978494328518589,0.02,1.1424039612762331e-05,8.576088911111716e-09,2.1442542971134995e-09,0.6974007940162209,7.257899611397672,1.1679045936951633
0.013332739765587298,0.9978493137930984,0.02,1.1423998508631966e-05,8.10006466555719e-09,2.025229257697575e-09,0.6974077695444904,7.2578991841496245,1.1679040769889755
0.013333332380829677,0.9978491981245166,0.02,1.1423958549714186e-05,7.650539763602097e-09,1.9128306684691813e-09,0.697414546080765,7.257898771941642,1.1679035754738782
0.013333907773853237,0.9978490857487836,0.02,1.1423919704240766e-05,7.226034616115572e-09,1.8066882661710418e-09,0.6974211293286658,7.257898374234468,1.167903088698172
0.013334466450747429,0.9978489765714044,0.02,1.14238819413197e-05,6.825151034923117e-09,1.7064527169968999e-09,0.6974275248274904,7.257897990508418,1.1679026162237462
0.013335008902467249,0.9978488705006318,0.02,1.1423845230911199e-05,6.446570693915443e-09,1.6117941579724076e-09,0.6974337379569686,7.257897620262668,1.167902157625666
0.01333553560529982,0.9978487674473855,0.02,1.1423809543804314e-05,6.089048586529564e-09,1.5224012333880213e-09,0.6974397739418841,7.257897263014566,1.1679017124917723
0.013336047021315411,0.9978486673251734,0.02,1.1423774851594228e-05,5.751410051097833e-09,1.4379801569539574e-09,0.6974456378565583,7.257896918298971,1.1679012804222941
0.01333654359880454,0.9978485700500141,0.02,1.1423741126660154e-05,5.432544760318247e-09,1.3582534073097382e-09,0.6974513346292067,7.25789658566761,1.167900861029471
0.013337025772701017,0.9978484755403614,0.02,1.1423708342143833e-05,5.131405992957727e-09,1.2829591702739603e-09,0.6974568690461646,7.257896264688468,1.167900453937189
0.013337493964990066,0.9978483837170324,0.02,1.1423676471928614e-05,4.847005228763782e-09,1.2118501302402985e-09,0.6974622457559959,7.257895954945194,1.1679000587806283
0.013337948585105175,0.9978482945031396,0.02,1.1423645490619128e-05,4.578408961148985e-09,1.1446930172723776e-09,0.6974674692734798,7.257895656036523,1.1678996752059174
0.013338390030309955,0.9978482078240194,0.02,1.1423615373521488e-05,4.324736256457068e-09,1.0812674480969436e-09,0.6974725439834774,7.2578953675757365,1.1678993028698041
0.013338818686070786,0.9978481236071689,0.02,1.1423586096624037e-05,4.0851555791402816e-09,1.0213654262538395e-09,0.6974774741446962,7.257895089190119,1.1678989414393308
0.01333923492641459,0.9978480417821818,0.02,1.1423557636578637e-05,3.8588812208319715e-09,9.64790651531008e-10,0.6974822638933322,7.257894820520459,1.1678985905915227
0.01333963911427627,0.9978479622806863,0.02,1.142352997068244e-05,3.645172491228518e-09,9.113575991348573e-10,0.6974869172466198,7.257894561220545,1.1678982500130863
0.013340031601835778,0.9978478850362844,0.02,1.142350307686019e-05,3.443328853358045e-09,8.60891476400736e-10,0.6974914381062681,7.257894310956701,1.1678979194001144
0.013340412730844964,0.9978478099844954,0.02,1.1423476933646968e-05,3.2526900775871028e-09,8.132269377662377e-10,0.6974958302618005,7.2578940694073175,1.1678975984578022
0.0133407828329416,0.9978477370626985,0.02,1.1423451520171448e-05,3.0726321401507652e-09,7.682080117235026e-10,0.6975000973938009,7.257893836262424,1.167897286900171
0.013341142229955916,0.9978476662100788,0.02,1.1423426816139578e-05,2.902565883511579e-09,7.256873435469868e-10,0.6975042430770606,7.257893611223252,1.1678969844498013
0.013341491234207026,0.9978475973675732,0.02,1.1423402801818729e-05,2.7419356431353497e-09,6.855260391372216e-10,0.6975082707836366,7.257893394001833,1.1678966908375736
0.013341830148788925,0.9978475304778214,0.02,1.1423379458022254e-05,2.59021583056362e-09,6.475926485118196e-10,0.6975121838858194,7.257893184320603,1.1678964058024162
0.01334215926784943,0.9978474654851127,0.02,1.1423356766094497e-05,2.446911513574489e-09,6.11763386916226e-10,0.6975159856590176,7.25789298191202,1.1678961290910623
0.013342478876858188,0.9978474023353419,0.02,1.1423334707896177e-05,2.3115537127772135e-09,5.77921031054026e-10,0.697519679284554,7.257892786518203,1.167895860457814
0.013342789252869247,0.9978473409759584,0.02,1.1423313265790204e-05,2.183701265117728e-09,5.459552701899371e-10,0.697523267852385,7.257892597890573,1.1678955996643126
0.013343090664771295,0.9978472813559237,0.02,1.1423292422627866e-05,2.062936349887039e-09,5.157616025391463e-10,0.697526754363739,7.257892415789518,1.1678953464793171
0.013343383373534745,0.9978472234256658,0.02,1.1423272161735378e-05,1.948865395602132e-09,4.872416089067042e-10,0.6975301417336761,7.257892239984067,1.167895100678489
0.013343667632448486,0.997847167137037,0.02,1.1423252466900835e-05,1.8411159893267433e-09,4.6030221564466465e-10,0.6975334327935797,7.25789207025157,1.1678948620441838
0.013343943687349036,0.997847112443272,0.02,1.1423233322361495e-05,1.7393373186311281e-09,4.3485562370344003e-10,0.6975366302935679,7.257891906377397,1.1678946303652484
0.01334421177684475,0.9978470592989485,0.02,1.1423214712791406e-05,1.6431974028717497e-09,4.108189004104136e-10,0.6975397369048423,7.257891748154646,1.1678944054368252
0.013344472132530483,0.9978470076599477,0.02,1.1423196623289396e-05,1.5523828067289712e-09,3.881137320553214e-10,0.6975427552219613,7.2578915953838585,1.1678941870601625
0.013344724979198253,0.997846957483416,0.02,1.1423179039367359e-05,1.4665982430625298e-09,3.666660492210038e-10,0.6975456877650559,7.257891447872753,1.1678939750424289
0.013344970535039413,0.997846908727729,0.02,1.1423161946938897e-05,1.3855641829119375e-09,3.46406187038863e-10,0.697548536981972,7.257891305435958,1.1678937691965368
0.013345209011841608,0.9978468613524554,0.02,1.1423145332308237e-05,1.3090166774450734e-09,3.2726811965753166e-10,0.6975513052503578,7.257891167894765,1.1678935693409667
0.013345440615179616,0.9978468153183218,0.02,1.1423129182159472e-05,1.2367070916832125e-09,3.0918954244202066e-10,0.6975539948796877,7.257891035076879,1.167893375299602
0.013345665544600926,0.9978467705871815,0.02,1.14231134835461e-05,1.1684000391797433e-09,2.921117015001858e-10,0.6975566081132271,7.257890906816193,1.1678931869015634
0.01334588399380271,0.9978467271219787,0.02,1.1423098223880825e-05,1.1038732492126014e-09,2.7597912034360744e-10,0.6975591471299416,7.257890782952559,1.1678930039810536
0.013346096150809006,0.9978466848867188,0.02,1.1423083390925672e-05,1.0429173370515702e-09,2.607392263730601e-10,0.6975616140463488,7.257890663331569,1.1678928263772033
0.013346302198136761,0.9978466438464381,0.02,1.1423068972782337e-05,9.853339048955898e-10,2.46342581810928e-10,0.6975640109183199,7.257890547804347,1.1678926539339212
0.013346502312959807,0.9978466039671723,0.02,1.1423054957882826e-05,9.309364771830548e-10,2.3274243419818442e-10,0.6975663397428259,7.257890436227353,1.167892486499754
0.013346696667267954,0.9978465652159288,0.02,1.1423041334980339e-05,8.795477701057225e-10,2.1989461808838277e-10,0.6975686024596324,7.257890328462179,1.1678923239277434
0.01334688542802015,0.9978465275606591,0.02,1.1423028093140407e-05,8.310010020783736e-10,2.0775729952079244e-10,0.69757080095295,7.257890224375372,1.1678921660752923
0.0133470687572938,0.9978464909702297,0.02,1.1423015221732268e-05,7.851390415402342e-10,1.962911967426793e-10,0.697572937053034,7.2578901238382505,1.1678920128040344
0.01334724681242866,0.9978464554143976,0.02,1.1423002710420493e-05,7.418129526548859e-10,1.854591560124529e-10,0.6975750125377341,7.257890026726728,1.1678918639797058
0.013347419746167655,0.9978464208637841,0.02,1.1422990549156808e-05,7.00881939932946e-10,1.7522590328698162e-10,0.6975770291340074,7.25788993292115,1.1678917194720224
0.013347587706792563,0.9978463872898482,0.02,1.1422978728172194e-05,6.622138389550997e-10,1.6555834421112236e-10,0.6975789885193799,7.257889842306131,1.167891579154561
0.013347750838256012,0.9978463546648664,0.02,1.1422967237969147e-05,6.256824928218009e-10,1.5642516034611428e-10,0.697580892323371,7.257889754770402,1.167891442904642
0.013347909280308823,0.9978463229619041,0.02,1.1422956069314185e-05,5.911700040687126e-10,1.4779672431890035e-10,0.6975827421288727,7.2578896702066595,1.1678913106032194
0.01334806316862458,0.997846292154797,0.02,1.142294521323055e-05,5.58564512926815e-10,1.3964505279814036e-10,0.6975845394734926,7.25788958851142,1.1678911821347688
0.013348212634919587,0.9978462622181266,0.02,1.1422934660991114e-05,5.277609554982089e-10,1.3194375493573896e-10,0.6975862858508557,7.257889509584885,1.1678910573871855
0.013348357807070332,0.9978462331272003,0.02,1.142292440411147e-05,4.986588127821511e-10,1.2466799531016006e-10,0.6975879827118675,7.257889433330806,1.1678909362516785
0.01334849880922534,0.9978462048580292,0.02,1.1422914434343229e-05,4.711640015376203e-10,1.177940402891969e-10,0.6975896314659451,7.257889359656356,1.1678908186226733
0.013348635761916028,0.9978461773873086,0.02,1.142290474366748e-05,4.451880974586005e-10,1.1129975587152211e-10,0.6975912334822074,7.257889288472003,1.1678907043977158
0.013348768782162512,0.9978461506923982,0.02,1.1422895324288454e-05,4.2064606119025626e-10,1.0516411210338049e-10,0.697592790090634,7.257889219691398,1.1678905934773773
0.01334889798357769,0.9978461247513024,0.02,1.1422886168627336e-05,3.974600003201003e-10,9.936728953347796e-11,0.6975943025831904,7.25788915323125,1.1678904857651669
0.013349023476467159,0.9978460995426541,0.02,1.142287726931627e-05,3.7555342022233203e-10,9.389047604921752e-11,0.6975957722149195,7.257889089011225,1.1678903811674393
0.013349145367925641,0.9978460750456928,0.02,1.1422868619192512e-05,3.5485642161780887e-10,8.871601703499439e-11,0.6975972002050024,7.257889026953832,1.1678902795933144
0.013349263761933128,0.9978460512402508,0.02,1.1422860211292754e-05,3.353015822763513e-10,8.38272062889951e-11,0.697598587737788,7.257888966984325,1.1678901809545914
0.013349378759444475,0.9978460281067336,0.02,1.1422852038847603e-05,3.168265168123547e-10,7.920823312360765e-11,0.6975999359637932,7.257888909030602,1.167890085165671
0.013349490458479885,0.9978460056261061,0.02,1.1422844095276194e-05,2.993705751472962e-10,7.484416905122827e-11,0.6976012460006762,7.25788885302311,1.167889992143476
0.013349598954209452,0.9978459837798739,0.02,1.1422836374180996e-05,2.828780565529595e-10,7.072089863990313e-11,0.697602518934175,7.2578887988947525,1.1678899018073767
0.013349704339037927,0.9978459625500691,0.02,1.1422828869342696e-05,2.672955024536674e-10,6.68251663357744e-11,0.6976037558190301,7.2578887465808,1.1678898140791187
0.013349806702685818,0.9978459419192357,0.02,1.1422821574715286e-05,2.5257241963063544e-10,6.314431405613785e-11,0.6976049576798673,7.25788869601881,1.1678897288827514
0.01334990613226733,0.997845921870413,0.02,1.1422814484421241e-05,2.386616511139825e-10,5.966654679345813e-11,0.6976061255120667,7.257888647148538,1.167889646144559
0.013350002712367415,0.9978459023871245,0.02,1.1422807592746868e-05,2.255181774676333e-10,5.6380497492108655e-11,0.6976072602825989,7.257888599911862,1.167889565792994
0.01335009652511554,0.9978458834533611,0.02,1.1422800894137734e-05,2.1309957205788057e-10,5.327575363657873e-11,0.6976083629308408,7.257888554252706,1.1678894877586137
0.013350187650257694,0.9978458650535692,0.02,1.1422794383194265e-05,2.0136575794031803e-10,5.034226182309882e-11,0.6976094343693668,7.257888510116967,1.1678894119740166
0.01335027616522616,0.9978458471726379,0.02,1.1422788054667455e-05,1.9027879739650519e-10,4.757048689537318e-11,0.6976104754847172,7.257888467452441,1.1678893383737816
0.013350362145207018,0.9978458297958845,0.02,1.1422781903454669e-05,1.7980356727841833e-10,4.495157274711448e-11,0.6976114871381448,7.2578884262087575,1.16788926689441
0.013350445663206423,0.9978458129090454,0.02,1.1422775924595598e-05,1.699053814454129e-10,4.247700641297032e-11,0.6976124701663382,7.257888386337317,1.1678891974742667
0.01335052679011356,0.9978457964982606,0.02,1.1422770113268293e-05,1.6055299051086562e-10,4.013885222151707e-11,0.6976134253821286,7.257888347791219,1.1678891300535275
0.013350605594763199,0.9978457805500646,0.02,1.1422764464785337e-05,1.5171614781126188e-10,3.7929559769132026e-11,0.6976143535751698,7.25788831052521,1.1678890645741218
0.013350682143995318,0.9978457650513749,0.02,1.1422758974590095e-05,1.4336604969942746e-10,3.584205167705367e-11,0.6976152555126057,7.257888274495619,1.1678890009796843
0.013350756502713723,0.9978457499894792,0.02,1.1422753638253093e-05,1.3547662290712985e-10,3.38696003869984e-11,0.6976161319397128,7.2578882396603,1.1678889392155014
0.013350828733942388,0.9978457353520278,0.02,1.1422748451468477e-05,1.280213996239072e-10,3.2005780841320846e-11,0.6976169835805262,7.257888205978586,1.1678888792284634
0.01335089889887986,0.9978457211270203,0.02,1.1422743410050582e-05,1.2097725667541546e-10,3.024473874713623e-11,0.6976178111384503,7.2578881734112235,1.1678888209670173
0.013350967056953655,0.9978457073027981,0.02,1.1422738509930586e-05,1.1432095481965631e-10,2.8580640422200715e-11,0.6976186152968463,7.257888141920334,1.1678887643811202
0.013351033265870782,0.9978456938680319,0.02,1.1422733747153274e-05,1.0803176578684066e-10,2.7008199758460095e-11,0.6976193967196089,7.257888111469357,1.1678887094221946
0.013351097581669025,0.9978456808117158,0.02,1.1422729117873861e-05,1.0208878747314872e-10,2.5522465372225745e-11,0.6976201560517201,7.2578880820230065,1.1678886560430848
0.013351160058764244,0.9978456681231549,0.02,1.1422724618354945e-05,9.647332412935808e-11,2.411849307111876e-11,0.697620893919795,7.257888053547224,1.1678886041980148
0.01335122074999906,0.9978456557919583,0.02,1.1422720244963495e-05,9.116670158610475e-11,2.2791917479495425e-11,0.6976216109326009,7.257888026009137,1.1678885538425483
0.013351279706687758,0.9978456438080294,0.02,1.1422715994167963e-05,8.615236660429058e-11,2.1538335820045804e-11,0.6976223076815753,7.257887999377014,1.167888504933548
0.013351336978661199,0.997845632161558,0.02,1.1422711862535461e-05,8.141434989398995e-11,2.0353846168582766e-11,0.697622984741315,7.2578879736202255,1.1678884574291377
0.013351392614310231,0.9978456208430128,0.02,1.1422707846729004e-05,7.693698432194067e-11,1.9234475492688547e-11,0.6976236426700625,7.257887948709206,1.167888411288665
0.013351446660626543,0.9978456098431318,0.02,1.1422703943504855e-05,7.270675833832308e-11,1.8176814979947086e-11,0.6976242820101706,7.257887924615413,1.1678883664726656
0.013351499163245018,0.9978455991529165,0.02,1.1422700149709922e-05,6.870879356684959e-11,1.7177339621274402e-11,0.6976249032885573,7.257887901311293,1.1678883229428267
0.013351550166482151,0.9978455887636224,0.02,1.1422696462279231e-05,6.493106606704333e-11,1.6232916188170828e-11,0.697625507017149,7.257887878770248,1.1678882806619548
0.013351599713374407,0.9978455786667535,0.02,1.1422692878233477e-05,6.13611541540959e-11,1.5340455751509852e-11,0.6976260936933057,7.2578878569665966,1.1678882395939416
0.013351647845715742,0.9978455688540546,0.02,1.1422689394676641e-05,5.7987878606913067e-11,1.449713231080032e-11,0.6976266638002402,7.257887835875547,1.167888199703732
0.013351694604093911,0.9978455593175044,0.02,1.1422686008793664e-05,5.4800197799079515e-11,1.370019947452496e-11,0.69762721780742,7.257887815473162,1.167888160957294
0.013351740027924719,0.9978455500493083,0.02,1.1422682717848189e-05,5.1788009791096685e-11,1.294711953308553e-11,0.6976277561709623,7.25788779573633,1.1678881233215874
0.013351784155487267,0.997845541041893,0.02,1.1422679519180386e-05,4.894156531283338e-11,1.2235491850796273e-11,0.6976282793340122,7.257887776642738,1.1678880867645345
0.013351827023956264,0.9978455322879001,0.02,1.142267641020479e-05,4.6251512539487314e-11,1.1563021670110455e-11,0.6976287877271173,7.257887758170836,1.1678880512549934
0.01335186866943383,0.9978455237801782,0.02,1.1422673388408258e-05,4.3709944739203715e-11,1.0927518817380496e-11,0.6976292817685836,7.257887740299821,1.1678880167627284
0.013351909126981143,0.9978455155117795,0.02,1.1422670451347933e-05,4.130792169871173e-11,1.032701848808865e-11,0.6976297618648266,7.257887723009602,1.1678879832583846
0.01335194843064863,0.9978455074759531,0.02,1.142266759664929e-05,3.903801305081573e-11,9.759545943158898e-12,0.6976302284107112,7.257887706280777,1.1678879507134612
0.013351986613505118,0.9978454996661386,0.02,1.1422664822004235e-05,3.68927871354302e-11,9.22330175823889e-12,0.6976306817898802,7.257887690094613,1.1678879191002878
0.013352023707666527,0.997845492075961,0.02,1.142266212516925e-05,3.4865761195369495e-11,8.71649650477238e-12,0.697631122375077,7.257887674433015,1.1678878883919979
0.013352059744323297,0.9978454846992266,0.02,1.1422659503963583e-05,3.2950270991874483e-11,8.237574867254073e-12,0.6976315505284518,7.257887659278512,1.1678878585625068
0.013352094753766752,0.997845477529916,0.02,1.1422656956267517e-05,3.114001352371517e-11,7.785062881036105e-12,0.69763196660187,7.257887644614227,1.1678878295864878
0.013352128765417193,0.9978454705621814,0.02,1.1422654480020645e-05,2.9429373185432686e-11,7.357401119565242e-12,0.6976323709371999,7.257887630423863,1.1678878014393512
0.013352161807845986,0.9978454637903391,0.02,1.1422652073220229e-05,2.781257198391722e-11,6.953190553941148e-12,0.6976327638666022,7.2578876166916775,1.167887774097221
0.013352193908803378,0.9978454572088666,0.02,1.142264973391958e-05,2.628513662980705e-11,6.571280081343932e-12,0.6976331457128037,7.257887603402465,1.1678877475369152
0.013352225095239478,0.9978454508123984,0.02,1.1422647460226514e-05,2.4841422123588327e-11,6.210318597785657e-12,0.697633516789368,7.257887590541541,1.1678877217359243
0.013352255393329404,0.9978454445957199,0.02,1.1422645250301805e-05,2.347683422038855e-11,5.8692671732313934e-12,0.6976338774009571,7.257887578094719,1.1678876966723928
0.013352284828495042,0.9978454385537635,0.02,1.142264310235772e-05,2.218775112119825e-11,5.546908355314652e-12,0.6976342278435842,7.2578875660482955,1.167887672325099
0.01335231342542681,0.9978454326816064,0.02,1.1422641014656582e-05,2.0969042372708077e-11,5.2422916671365546e-12,0.6976345684048586,7.2578875543890335,1.1678876486734378
0.013352341208104912,0.9978454269744633,0.02,1.1422638985509365e-05,1.981760168174845e-11,4.954371212319107e-12,0.6976348993642296,7.257887543104145,1.167887625697401
0.013352368199819942,0.9978454214276856,0.02,1.1422637013274346e-05,1.872918832567054e-11,4.682379434275341e-12,0.697635220993215,7.257887532181278,1.1678876033775605
0.013352394423192748,0.9978454160367545,0.02,1.1422635096355775e-05,1.7701011596193266e-11,4.425247903830329e-12,0.6976355335556285,7.257887521608496,1.1678875816950518
0.01335241990019409,0.9978454107972811,0.02,1.1422633233202587e-05,1.6728938597114954e-11,4.1822650708905555e-12,0.6976358373077994,7.25788751137427,1.1678875606315566
0.013352444652162176,0.9978454057049982,0.02,1.1422631422307171e-05,1.581072370110268e-11,3.9526816742645535e-12,0.6976361324987859,7.25788750146746,1.1678875401692876
0.013352468699823594,0.9978454007557611,0.02,1.1422629662204131e-05,1.494247406744476e-11,3.735666301510226e-12,0.6976364193705809,7.257887491877302,1.1678875202909726
0.013352492063307686,0.9978453959455404,0.02,1.1422627951469132e-05,1.412222235190104e-11,3.530577513581918e-12,0.6976366981583149,7.2578874825933966,1.1678875009798395
0.013352514762166923,0.997845391270422,0.02,1.142262628871773e-05,1.3347017799473876e-11,3.3367816154062276e-12,0.6976369690904506,7.257887473605695,1.167887482219602
0.013352536815391558,0.9978453867266018,0.02,1.1422624672604273e-05,1.261456381384036e-11,3.1535527016928857e-12,0.6976372323889719,7.257887464904488,1.1678874639944443
0.013352558241426393,0.9978453823103832,0.02,1.142262310182081e-05,1.1922117746733572e-11,2.9804605180329282e-12,0.6976374882695702,7.257887456480393,1.1678874462890083
0.013352579058186542,0.9978453780181735,0.02,1.1422621575096034e-05,1.1267802469804378e-11,2.8169200297281754e-12,0.6976377369418209,7.257887448324342,1.1678874290883812
0.013352599283073197,0.9978453738464824,0.02,1.1422620091194263e-05,1.064914336703295e-11,2.6622995585568456e-12,0.6976379786093605,7.257887440427575,1.16788741237808
0.013352618932987725,0.9978453697919172,0.02,1.1422618648914442e-05,1.0064719354567718e-11,2.5161651435070322e-12,0.6976382134700525,7.257887432781622,1.167887396144041
0.013352638024346497,0.9978453658511814,0.02,1.1422617247089178e-05,9.51238079876381e-12,2.3780621760270087e-12,0.6976384417161551,7.257887425378301,1.167887380372607
0.013352656573095034,0.997845362021072,0.02,1.142261588458378e-05,8.990378789481583e-12,2.247556043412277e-12,0.6976386635344767,7.2578874182097035,1.167887365050515
0.01335267459472117,0.9978453582984754,0.02,1.1422614560295377e-05,8.49705626319613e-12,2.124227208232359e-12,0.6976388791065343,7.257887411268185,1.1678873501648857
0.013352692104268482,0.9978453546803665,0.02,1.1422613273152005e-05,8.030623192247451e-12,2.0076979846105928e-12,0.6976390886087017,7.2578874045463575,1.1678873357032105
0.013352709116349781,0.9978453511638061,0.02,1.1422612022111735e-05,7.58996809746106e-12,1.89749402194027e-12,0.697639292212356,7.25788739803708,1.1678873216533434
0.013352725645157437,0.9978453477459361,0.02,1.1422610806161856e-05,7.173805832312007e-12,1.7933810112543685e-12,0.6976394900840233,7.25788739173345,1.1678873080034875
0.01335274170447831,0.9978453444239818,0.02,1.1422609624318047e-05,6.779976829814757e-12,1.6950064589514732e-12,0.6976396823855097,7.257887385628796,1.1678872947421874
0.0133527573077033,0.9978453411952439,0.02,1.1422608475623577e-05,6.407820847480441e-12,1.6019843793636222e-12,0.6976398692740416,7.257887379716668,1.1678872818583172
0.013352772467840168,0.9978453380571011,0.02,1.1422607359148538e-05,6.0565063094690134e-12,1.5141530258188301e-12,0.6976400509023934,7.257887373990831,1.1678872693410731
0.013352787197522975,0.9978453350070057,0.02,1.1422606273989088e-05,5.724304792535559e-12,1.4310505707682587e-12,0.6976402274190139,7.2578873684452585,1.167887257179961
0.013352801509024237,0.997845332042481,0.02,1.142260521926674e-05,5.4103412551325835e-12,1.352546494097737e-12,0.6976403989681487,7.257887363074124,1.167887245364791
0.013352815414265862,0.9978453291611217,0.02,1.1422604194127628e-05,5.113371809815878e-12,1.2783604187299456e-12,0.6976405656899626,7.257887357871793,1.1678872338856656
0.013352828924826421,0.9978453263605884,0.02,1.1422603197741828e-05,4.832887895356933e-12,1.2082524865600317e-12,0.6976407277206509,7.25788735283282,1.1678872227329729
0.01335284205195486,0.9978453236386094,0.02,1.14226022293027e-05,4.567743281439944e-12,1.1419596364780082e-12,0.6976408851925563,7.25788734795194,1.1678872118973782
0.013352854806576275,0.9978453209929763,0.02,1.1422601288026209e-05,4.317509438082679e-12,1.0793227252536797e-12,0.6976410382342759,7.257887343224061,1.1678872013698147
0.013352867199304175,0.9978453184215424,0.02,1.1422600373150319e-05,4.080483483577594e-12,1.0201037321885624e-12,0.6976411869707683,7.257887338644261,1.1678871911414777
0.013352879240448423,0.9978453159222227,0.02,1.1422599483934358e-05,3.856635856607178e-12,9.642000921541858e-13,0.6976413315234575,7.25788733420778,1.1678871812038145
0.013352890940022566,0.9978453134929898,0.02,1.1422598619658429e-05,3.6451798652366826e-12,9.11301981541919e-13,0.6976414720103308,7.257887329910015,1.16788717154852
0.0133529023077546,0.9978453111318741,0.02,1.1422597779622828e-05,3.4452976479365104e-12,8.613277774577853e-13,0.6976416085460408,7.257887325746515,1.1678871621675269
0.01335291335309452,0.9978453088369619,0.02,1.142259696314747e-05,3.256192699074656e-12,8.140912779989487e-13,0.6976417412419963,7.2578873217129765,1.1678871530530002
0.013352924085220486,0.9978453066063919,0.02,1.1422596169571355e-05,3.077846416775276e-12,7.694301453504533e-13,0.697641870206454,7.257887317805237,1.1678871441973304
0.013352934513050307,0.9978453044383573,0.02,1.1422595398252011e-05,2.9089118723537642e-12,7.272318749815882e-13,0.6976419955446115,7.257887314019272,1.1678871355931268
0.013352944645244391,0.9978453023311004,0.02,1.1422594648564998e-05,2.74942194799971e-12,6.873298329792285e-13,0.6976421173586915,7.257887310351188,1.1678871272332105
0.013352954490217506,0.9978453002829134,0.02,1.1422593919903387e-05,2.598923500885728e-12,6.497002010349779e-13,0.6976422357480262,7.257887306797219,1.1678871191106095
0.013352964056143224,0.9978452982921381,0.02,1.142259321167728e-05,2.4562104542184e-12,6.140715254775891e-13,0.6976423508091406,7.2578873033537254,1.1678871112185516
0.013352973350960584,0.9978452963571609,0.02,1.1422592523313317e-05,2.321553282849612e-12,5.803740131447099e-13,0.6976424626358301,7.257887300017184,1.1678871035504594
0.013352982382383138,0.9978452944764145,0.02,1.1422591854254239e-05,2.194570396716089e-12,5.485487905481204e-13,0.6976425713192405,7.257887296784188,1.1678870960999443
0.013352991157903338,0.9978452926483767,0.02,1.14225912039584e-05,2.0740310638143795e-12,5.184901568069834e-13,0.697642676947941,7.257887293651442,1.167887088860801
0.013352999684799416,0.9978452908715666,0.02,1.1422590571899369e-05,1.960357298643406e-12,4.900666464985067e-13,0.6976427796079986,7.257887290615759,1.1678870818270024
0.013353007970141662,0.9978452891445458,0.02,1.1422589957565473e-05,1.8526889829203683e-12,4.632114388114468e-13,0.6976428793830478,7.257887287674055,1.167887074992694
0.013353016020799136,0.9978452874659159,0.02,1.1422589360459393e-05,1.751141134905067e-12,4.3779985132976587e-13,0.697642976354361,7.257887284823349,1.1678870683521894
0.013353023843444112,0.9978452858343184,0.02,1.1422588780097778e-05,1.6554024587397296e-12,4.1383568046836836e-13,0.6976430706009136,7.257887282060754,1.167887061899966
0.013353031444558072,0.9978452842484334,0.02,1.1422588216010822e-05,1.5646830219665448e-12,3.9114092185965083e-13,0.6976431621994519,7.257887279383477,1.1678870556306582
0.013353038830438535,0.9978452827069769,0.02,1.1422587667741911e-05,1.478673964265101e-12,3.6970633437746746e-13,0.6976432512245526,7.2578872767888205,1.1678870495390554
0.01335304600720194,0.9978452812087016,0.02,1.1422587134847238e-05,1.3976714059714779e-12,3.4941649203476763e-13,0.697643337748688,7.25788727427417,1.1678870436200952
0.013353052980791313,0.9978452797523963,0.02,1.1422586616895449e-05,1.3208583438916213e-12,3.302326474615804e-13,0.6976434218422826,7.257887271836997,1.1678870378688617
0.013353059756978924,0.9978452783368823,0.02,1.1422586113467297e-05,1.2486854964990383e-12,3.121792510514043e-13,0.6976435035737732,7.257887269474855,1.1678870322805788
0.013353066341373454,0.9978452769610149,0.02,1.1422585624155296e-05,1.1800712493068971e-12,2.9504370853928923e-13,0.697643583009664,7.257887267185379,1.1678870268506074
0.013353072739422989,0.9978452756236813,0.02,1.14225851485634e-05,1.1158336265810004e-12,2.7889866184467746e-13,0.6976436602145809,7.257887264966278,1.1678870215744412
0.01335307895642035,0.9978452743238007,0.02,1.1422584686306668e-05,1.0544468017784193e-12,2.6362074733881666e-13,0.6976437352513276,7.257887262815336,1.167887016447703
0.013353084997507092,0.9978452730603217,0.02,1.1422584237010967e-05,9.96705608302833e-13,2.491569156294617e-13,0.6976438081809326,7.257887260730409,1.1678870114661413
0.013353090867678608,0.9978452718322228,0.02,1.142258380031266e-05,9.421455527412554e-13,2.3555241511739325e-13,0.697643879062705,7.257887258709421,1.1678870066256255
0.013353096571787737,0.9978452706385121,0.02,1.1422583375858315e-05,8.902900115203858e-13,2.2260265091019775e-13,0.6976439479542763,7.257887256750365,1.1678870019221432
0.013353102114548765,0.9978452694782238,0.02,1.1422582963304422e-05,8.417375601791523e-13,2.1041295909213604e-13,0.6976440149116552,7.257887254851298,1.167886997351798
0.013353107500541861,0.9978452683504213,0.02,1.1422582562317105e-05,7.956171635432583e-13,1.9884589225220569e-13,0.6976440799892678,7.257887253010338,1.1678869929108036
0.013353112734216022,0.9978452672541931,0.02,1.1422582172571862e-05,7.518402440157472e-13,1.8802154322459422e-13,0.6976441432400061,7.2578872512256645,1.1678869885954826
0.013353117819894678,0.997845266188653,0.02,1.1422581793753294e-05,7.106889918009021e-13,1.7772866554251562e-13,0.6976442047152694,7.257887249495517,1.1678869844022624
0.013353122761776803,0.9978452651529409,0.02,1.1422581425554858e-05,6.719923938186433e-13,1.67914811723278e-13,0.6976442644650072,7.25788724781819,1.1678869803276726
0.013353127563942524,0.9978452641462202,0.02,1.1422581067678608e-05,6.350026410360823e-13,1.587285454993172e-13,0.6976443225377595,7.257887246192033,1.1678869763683424
0.013353132230355336,0.9978452631676774,0.02,1.1422580719834965e-05,6.002252872316924e-13,1.5007155678901225e-13,0.6976443789806984,7.257887244615448,1.1678869725209968
0.013353136764866103,0.9978452622165228,0.02,1.1422580381742476e-05,5.675603764296483e-13,1.4181393144093072e-13,0.6976444338396649,7.257887243086889,1.1678869687824547
0.013353141171215999,0.9978452612919887,0.02,1.1422580053127582e-05,5.361134792328304e-13,1.3404363036406692e-13,0.6976444871592073,7.257887241604859,1.167886965149625
0.013353145453039172,0.9978452603933277,0.02,1.1422579733724407e-05,5.069715870402802e-13,1.2670873365814112e-13,0.6976445389826191,7.257887240167909,1.167886961619507
0.013353149613867354,0.9978452595198155,0.02,1.1422579423274533e-05,4.790067123891813e-13,1.1974465895198276e-13,0.6976445893519713,7.257887238774637,1.1678869581891829
0.013353153657130745,0.9978452586707465,0.02,1.1422579121526797e-05,4.5260404644382597e-13,1.1322350620456848e-13,0.6976446383081505,7.257887237423684,1.1678869548558195
0.0133531575861624,0.9978452578454353,0.02,1.1422578828237084e-05,4.2805376747843754e-13,1.069872859603824e-13,0.697644685890889,7.257887236113736,1.1678869516166657
0.013353161404200176,0.9978452570432165,0.02,1.1422578543168132e-05,4.0463706554628415e-13,1.011305475376254e-13,0.6976447321388012,7.25788723484352,1.1678869484690464
0.013353165114390386,0.9978452562634426,0.02,1.1422578266089335e-05,3.822750435252658e-13,9.559573098276601e-14,0.6976447770894119,7.257887233611804,1.1678869454103646
0.013353168719789088,0.9978452555054841,0.02,1.1422577996776555e-05,3.6161288510766943e-13,9.035682451452719e-14,0.6976448207791882,7.257887232417395,1.167886942438097
0.013353172223365906,0.9978452547687301,0.02,1.1422577735011952e-05,3.4179509495108464e-13,8.542939646943929e-14,0.6976448632435713,7.2578872312591365,1.1678869395497922
0.013353175628006031,0.9978452540525865,0.02,1.14225774805838e-05,3.228686648684732e-13,8.074467079635758e-14,0.697644904517001,7.257887230135912,1.167886936743068
0.013353178936511945,0.9978452533564753,0.02,1.1422577233286311e-05,3.0527566396228044e-13,7.632532918968804e-14,0.6976449446329498,7.257887229046637,1.167886934015611
0.013353182151607357,0.9978452526798351,0.02,1.1422576992919474e-05,2.8874383665928605e-13,7.214847598821565e-14,0.697644983623944,7.257887227990264,1.1678869313651739
0.013353185275937762,0.9978452520221208,0.02,1.1422576759288886e-05,2.7271549470677746e-13,6.819060911303778e-14,0.6976450215215971,7.257887226965776,1.1678869287895726
0.013353188312074216,0.9978452513828018,0.02,1.1422576532205608e-05,2.578391433242477e-13,6.447540139464218e-14,0.6976450583566293,7.257887225972191,1.1678869262866853
0.013353191262513886,0.9978452507613629,0.02,1.1422576311486004e-05,2.4374480836709413e-13,6.091555065593278e-14,0.6976450941588971,7.257887225008557,1.167886923854452
0.013353194129683277,0.9978452501573033,0.02,1.1422576096951583e-05,2.303732453003437e-13,5.757741411974198e-14,0.6976451289574146,7.257887224073951,1.1678869214908696
0.01335319691593978,0.9978452495701355,0.02,1.142257588842887e-05,2.1778632612208456e-13,5.446304973864192e-14,0.6976451627803812,7.2578872231674785,1.1678869191939925
0.013353199623574508,0.997845248999387,0.02,1.142257568574926e-05,2.0584311867152108e-13,5.144589141277977e-14,0.6976451956551997,7.257887222288276,1.1678869169619317
0.013353202254812846,0.9978452484445979,0.02,1.142257548874887e-05,1.9442281937441363e-13,4.863289754597325e-14,0.6976452276085034,7.257887221435507,1.1678869147928501
0.013353204811816788,0.9978452479053208,0.02,1.142257529726843e-05,1.8417377700724036e-13,4.5983190617701076e-14,0.6976452586661747,7.257887220608358,1.167886912684965
0.01335320729668743,0.9978452473811217,0.02,1.1422575111153126e-05,1.7388371612991913e-13,4.343062193570892e-14,0.6976452888533671,7.257887219806043,1.1678869106365422
0.013353209711465697,0.9978452468715779,0.02,1.14225749302525e-05,1.6444177868859734e-13,4.107163485086935e-14,0.6976453181945268,7.257887219027802,1.1678869086458983
0.013353212058134889,0.9978452463762795,0.02,1.142257475442031e-05,1.5541132005923324e-13,3.883391422723146e-14,0.6976453467134115,7.257887218272898,1.1678869067113973
0.01335321433862191,0.9978452458948271,0.02,1.1422574583514421e-05,1.4673498128160368e-13,3.669804566598003e-14,0.6976453744331105,7.257887217540616,1.1678869048314504
0.013353216554799208,0.9978452454268333,0.02,1.1422574417396685e-05,1.3871228737711605e-13,3.4687132115655706e-14,0.6976454013760622,7.257887216830264,1.167886903004513
0.01335321870848577,0.9978452449719208,0.02,1.1422574255932828e-05,1.3139688119047414e-13,3.2811710616491487e-14,0.6976454275640754,7.257887216141173,1.1678869012290847
0.013353220801448518,0.9978452445297243,0.02,1.1422574098992353e-05,1.239857559198963e-13,3.0947896660794635e-14,0.6976454530183438,7.257887215472692,1.1678868995037082
0.01335322283540541,0.9978452440998871,0.02,1.1422573946448414e-05,1.1721768468240034e-13,2.9305136356747964e-14,0.6976454777594653,7.257887214824194,1.167886897826967
0.0133532248120245,0.9978452436820636,0.02,1.1422573798177734e-05,1.1085411623909227e-13,2.7710889075624978e-14,0.6976455018074575,7.257887214195069,1.167886896197486
0.013353226732926882,0.997845243275917,0.02,1.1422573654060488e-05,1.0478870265206389e-13,2.61372446657418e-14,0.6976455251817766,7.257887213584726,1.1678868946139274
0.013353228599688183,0.997845242881121,0.02,1.142257351398022e-05,9.890036001225726e-14,2.473332221122674e-14,0.6976455479013298,7.257887212992594,1.1678868930749926
0.013353230413838457,0.9978452424973572,0.02,1.1422573377823738e-05,9.370077492770362e-14,2.3387343903377628e-14,0.6976455699844935,7.257887212418119,1.1678868915794198
0.013353232176865237,0.9978452421243176,0.02,1.1422573245481025e-05,8.861502492696338e-14,2.2110326395808698e-14,0.6976455914491259,7.257887211860764,1.1678868901259833
0.013353233890212923,0.9978452417617018,0.02,1.1422573116845155e-05,8.373108526730575e-14,2.085764418038315e-14,0.697645612312585,7.257887211320009,1.1678868887134912
0.013353235555285947,0.9978452414092179,0.02,1.1422572991812196e-05,7.898025617356463e-14,1.9752252983240892e-14,0.6976456325917386,7.257887210795349,1.1678868873407864
0.013353237173447885,0.9978452410665825,0.02,1.1422572870281142e-05,7.446057260378055e-14,1.8679764874406137e-14,0.6976456523029816,7.257887210286298,1.1678868860067437
0.013353238746024731,0.9978452407335202,0.02,1.1422572752153812e-05,7.04560658015822e-14,1.7648133822471486e-14,0.697645671462247,7.25788720979238,1.1678868847102717
0.01335324027430368,0.9978452404097624,0.02,1.1422572637334784e-05,6.662294435375244e-14,1.6697943300139706e-14,0.697645690085021,7.2578872093131395,1.1678868834503073
0.013353241759537116,0.9978452400950499,0.02,1.1422572525731315e-05,6.298720187502773e-14,1.5773463487675888e-14,0.6976457081863523,7.25788720884813,1.16788688222582
0.013353243202939846,0.9978452397891284,0.02,1.1422572417253263e-05,5.98120569606577e-14,1.4905562513954883e-14,0.6976457257808693,7.257887208396921,1.167886881035807
0.013353244605694092,0.997845239491753,0.02,1.142257231181301e-05,5.658248215577465e-14,1.4089381949365294e-14,0.6976457428827867,7.257887207959097,1.1678868798792943
0.01335324596894738,0.9978452392026842,0.02,1.1422572209325404e-05,5.3264061618376565e-14,1.3291669860374247e-14,0.6976457595059214,7.257887207534252,1.1678868787553363
0.013353247293815151,0.9978452389216896,0.02,1.1422572109707673e-05,5.0353938731662575e-14,1.2576215520689687e-14,0.6976457756637005,7.257887207121995,1.167886877663013
0.013353248581381538,0.9978452386485434,0.02,1.142257201287938e-05,4.7659253311643626e-14,1.1882258649731772e-14,0.6976457913691756,7.2578872067219455,1.1678868766014314
0.013353249832699532,0.9978452383830261,0.02,1.1422571918762332e-05,4.5056586679043296e-14,1.1262247645881318e-14,0.6976458066350296,7.257887206333736,1.1678868755697236
0.013353251048792036,0.9978452381249241,0.02,1.1422571827280539e-05,4.25835659498202e-14,1.0613048557511957e-14,0.69764582147359,7.257887205957011,1.1678868745670459
0.0133532522306542,0.9978452378740305,0.02,1.1422571738360135e-05,4.027228794362235e-14,1.0092607896230884e-14,0.6976458358968378,7.257887205591421,1.1678868735925794
0.013353253379251584,0.9978452376301429,0.02,1.1422571651929334e-05,3.808977490172117e-14,9.523573080910876e-15,0.6976458499164174,7.257887205236635,1.167886872645527
0.013353254495523437,0.9978452373930662,0.02,1.1422571567918358e-05,3.602895870474874e-14,8.972203626156008e-15,0.6976458635436459,7.257887204892326,1.1678868717251154
0.013353255580381362,0.9978452371626099,0.02,1.142257148625939e-05,3.388891140819525e-14,8.459585292222543e-15,0.6976458767895225,7.25788720455818,1.167886870830593
0.013353256634712096,0.997845236938588,0.02,1.142257140688651e-05,3.2311316688108985e-14,8.017854219616094e-15,0.6976458896647382,7.257887204233891,1.1678868699612293
0.013353257659376894,0.9978452367208215,0.02,1.1422571329735656e-05,3.0314390419490157e-14,7.55408667333379e-15,0.6976459021796815,7.257887203919164,1.1678868691163145
0.013353258655213085,0.9978452365091349,0.02,1.1422571254744554e-05,2.867307277385288e-14,7.148968986992936e-15,0.6976459143444522,7.257887203613712,1.1678868682951586
0.013353259623033409,0.9978452363033588,0.02,1.1422571181852685e-05,2.7123917050967417e-14,6.786560838873755e-15,0.6976459261688641,7.257887203317257,1.167886867497092
0.0133532605636284,0.9978452361033272,0.02,1.142257111100122e-05,2.5677825580642727e-14,6.384188416507044e-15,0.697645937662456,7.2578872030295285,1.1678868667214626
0.013353261477765943,0.9978452359088804,0.02,1.1422571042132984e-05,2.407694491236737e-14,6.059494811960549e-15,0.6976459488344994,7.2578872027502666,1.167886865967639
0.013353262366191887,0.9978452357198613,0.02,1.1422570975192408e-05,2.3037819371645237e-14,5.739396678376673e-15,0.6976459596940048,7.257887202479218,1.167886865235005
0.013353263229631818,0.9978452355361194,0.02,1.1422570910125473e-05,2.1542031330178448e-14,5.429707240509141e-15,0.6976459702497301,7.257887202216136,1.1678868645229636
0.013353264068789561,0.9978452353575057,0.02,1.1422570846879688e-05,2.0604328222504427e-14,5.1230583543780025e-15,0.697645980510187,7.2578872019607825,1.167886863830935
0.013353264884350347,0.9978452351838781,0.02,1.1422570785404024e-05,1.9284691104894887e-14,4.821406158616109e-15,0.6976459904836486,7.257887201712928,1.1678868631583539
0.013353265676979087,0.9978452350150966,0.02,1.1422570725648883e-05,1.8301829598653945e-14,4.535264833079468e-15,0.6976460001781557,7.257887201472349,1.1678868625046732
0.013353266447322487,0.9978452348510259,0.02,1.142257066756607e-05,1.7310825417452898e-14,4.280938419075001e-15,0.6976460096015229,7.257887201238827,1.1678868618693599
0.013353267196008656,0.9978452346915344,0.02,1.1422570611108723e-05,1.635610351535313e-14,4.071811078176126e-15,0.6976460187613465,7.257887201012153,1.167886861251896
0.013353267923647827,0.9978452345364942,0.02,1.142257055623131e-05,1.533034801747213e-14,3.852659056024382e-15,0.6976460276650079,7.257887200792121,1.167886860651779
0.01335326863083347,0.9978452343857808,0.02,1.1422570502889564e-05,1.4735125977935096e-14,3.625364846535505e-15,0.697646036319683,7.257887200578535,1.16788686006852
0.013353269318141459,0.9978452342392731,0.02,1.1422570451040475e-05,1.3918295421437607e-14,3.4154616830139498e-15,0.6976460447323456,7.257887200371203,1.167886859501644
0.013353269986132232,0.997845234096854,0.02,1.1422570400642221e-05,1.2959599182846679e-14,3.2417049197024004e-15,0.6976460529097743,7.2578872001699395,1.1678868589506903
0.01335327063535019,0.9978452339584091,0.02,1.1422570351654165e-05,1.2318804184980769e-14,3.107302579324068e-15,0.6976460608585564,7.257887199974563,1.1678868584152091
0.013353271266324074,0.9978452338238273,0.02,1.1422570304036807e-05,1.1416127807080374e-14,2.89496013627671e-15,0.6976460685850954,7.257887199784899,1.167886857894766
0.013353271879567807,0.9978452336930005,0.02,1.1422570257751747e-05,1.1081656999658215e-14,2.760498639456485e-15,0.6976460760956145,7.257887199600778,1.1678868573889365
0.013353272475580769,0.9978452335658241,0.02,1.1422570212761675e-05,1.0242976715434322e-14,2.622389358852963e-15,0.6976460833961634,7.2578871994220355,1.1678868568973098
0.013353273054848236,0.997845233442196,0.02,1.1422570169030315e-05,9.780954517762963e-15,2.4957006441567856e-15,0.6976460904926204,7.257887199248512,1.1678868564194855
0.013353273617842276,0.9978452333220169,0.02,1.1422570126522419e-05,9.468201482079991e-15,2.3227839079862925e-15,0.6976460973907005,7.257887199080053,1.1678868559550755
0.013353274165020523,0.9978452332051908,0.02,1.1422570085203718e-05,8.764524736825947e-15,2.206918540378666e-15,0.6976461040959576,7.257887198916509,1.1678868555037019
0.013353274696828787,0.9978452330916238,0.02,1.1422570045040903e-05,8.295611565477927e-15,2.0704986576826606e-15,0.6976461106137892,7.257887198757734,1.1678868550649981
0.013353275213699611,0.997845232981225,0.02,1.1422570006001607e-05,7.870678959469267e-15,1.968652224053467e-15,0.6976461169494432,7.257887198603586,1.1678868546386072
0.013353275716053659,0.9978452328739057,0.02,1.1422569968054369e-05,7.458650087293484e-15,1.876400928365572e-15,0.6976461231080184,7.257887198453929,1.1678868542241827
0.013353276204299658,0.9978452327695801,0.02,1.1422569931168606e-05,7.077136376099008e-15,1.7530486718991359e-15,0.6976461290944727,7.257887198308631,1.1678868538213882
0.013353276678834791,0.9978452326681646,0.02,1.1422569895314591e-05,6.488648854816035e-15,1.6894653425890686e-15,0.6976461349136226,7.257887198167563,1.1678868534298963
0.013353277140044861,0.9978452325695776,0.02,1.1422569860463432e-05,6.373268261783069e-15,1.5714634241210897e-15,0.6976461405701512,7.257887198030598,1.1678868530493889
0.01335327758830479,0.9978452324737408,0.02,1.1422569826587054e-05,5.877946177264366e-15,1.468281100833658e-15,0.6976461460686096,7.257887197897618,1.1678868526795572
0.01335327802397912,0.9978452323805764,0.02,1.1422569793658159e-05,5.7787897616637694e-15,1.3781500756440944e-15,0.6976461514134222,7.257887197768503,1.167886852320101
0.013353278447422068,0.9978452322900109,0.02,1.142256976165022e-05,5.2133308030504846e-15,1.3679319065061916e-15,0.6976461566088881,7.257887197643141,1.1678868519707282
0.01335327885897808,0.997845232201971,0.02,1.1422569730537446e-05,5.186419852459347e-15,1.2402907150481506e-15,0.6976461616591869,7.257887197521421,1.1678868516311554
0.013353279258981166,0.997845232116386,0.02,1.142256970029478e-05,4.861718719742097e-15,1.1900017713316703e-15,0.6976461665683796,7.257887197403234,1.1678868513011065
0.013353279647756566,0.9978452320331884,0.02,1.1422569670897863e-05,4.458457854525896e-15,1.116447577552977e-15,0.6976461713404158,7.257887197288478,1.1678868509803144
0.01335328002562014,0.9978452319523105,0.02,1.1422569642323015e-05,4.186997827222804e-15,1.0457592070479602e-15,0.6976461759791326,7.257887197177052,1.167886850668519
0.013353280392878919,0.9978452318736877,0.02,1.1422569614547225e-05,4.1952364195651986e-15,1.0135605534015285e-15,0.6976461804882598,7.257887197068857,1.1678868503654667
0.013353280749830998,0.9978452317972576,0.02,1.1422569587548115e-05,3.784098514380544e-15,9.327177509199383e-16,0.6976461848714227,7.257887196963799,1.167886850070912
0.013353281096766534,0.9978452317229584,0.02,1.1422569561303955e-05,3.5642457288020834e-15,9.164569672299461e-16,0.6976461891321448,7.257887196861786,1.1678868497846162
0.013353281433966913,0.9978452316507308,0.02,1.1422569535793603e-05,3.574083389481538e-15,8.373822934997804e-16,0.6976461932738522,7.257887196762727,1.1678868495063472
0.013353281761706193,0.9978452315805175,0.02,1.1422569510996529e-05,3.223382275218671e-15,8.329526081434803e-16,0.6976461972998732,7.257887196666537,1.167886849235879
0.013353282080250217,0.9978452315122612,0.02,1.1422569486892754e-05,3.0517053107328274e-15,8.117648025441548e-16,0.6976462012134441,7.25788719657313,1.1678868489729928
0.013353282389857668,0.9978452314459083,0.02,1.1422569463462886e-05,2.870397360779479e-15,7.401969909826645e-16,0.6976462050177099,7.257887196482428,1.1678868487174752
0.013353282690779844,0.9978452313814051,0.02,1.1422569440688057e-05,2.7527006413518495e-15,6.646877914983661e-16,0.697646208715728,7.257887196394348,1.1678868484691198
0.013353282983260717,0.9978452313187003,0.02,1.1422569418549931e-05,2.4485111397848916e-15,6.483779260127523e-16,0.6976462123104697,7.257887196308815,1.1678868482277245
0.013353283267537597,0.9978452312577433,0.02,1.1422569397030693e-05,2.3245320084203403e-15,5.873334801479723e-16,0.6976462158048227,7.257887196225754,1.1678868479930946
0.013353283543841354,0.9978452311984852,0.02,1.1422569376113023e-05,2.4742200873445587e-15,5.825292506156331e-16,0.697646219201595,7.257887196145092,1.1678868477650395
0.013353283812395922,0.9978452311408798,0.02,1.1422569355780084e-05,2.1426911825125306e-15,5.054182904247785e-16,0.6976462225035148,7.257887196066761,1.167886847543375
0.013353284073419125,0.9978452310848798,0.02,1.1422569336015514e-05,2.039134070100201e-15,4.813208424860071e-16,0.6976462257132348,7.2578871959906905,1.1678868473279211
0.013353284327122239,0.9978452310304403,0.02,1.1422569316803407e-05,1.979438292800147e-15,4.598322532330445e-16,0.6976462288333323,7.257887195916816,1.1678868471185038
0.013353284573711821,0.9978452309775184,0.02,1.1422569298128301e-05,1.9066129741812885e-15,4.473255878076839e-16,0.6976462318663139,7.257887195845073,1.1678868469149535
0.013353284813387212,0.9978452309260718,0.02,1.1422569279975175e-05,1.8153502124717487e-15,4.323640110040999e-16,0.6976462348146147,7.257887195775399,1.1678868467171055
0.013353285046342644,0.997845230876059,0.02,1.142256926232942e-05,1.6634950704759226e-15,4.0991272269126356e-16,0.6976462376806022,7.257887195707733,1.1678868465247996
0.013353285272766913,0.99784523082744,0.02,1.1422569245176843e-05,1.612533929187999e-15,3.7793039104388005e-16,0.6976462404665776,7.2578871956420175,1.1678868463378802
0.01335328549284337,0.9978452307801762,0.02,1.1422569228503641e-05,1.4504042403188506e-15,3.6316820788471077e-16,0.6976462431747777,7.257887195578196,1.1678868461561962
0.013353285706750984,0.9978452307342294,0.02,1.142256921229641e-05,1.211480168788908e-15,3.5397991035249254e-16,0.6976462458073762,7.257887195516211,1.1678868459796004
0.01335328591466245,0.9978452306895629,0.02,1.1422569196542103e-05,1.3096678280928004e-15,3.0337122183138616e-16,0.6976462483664865,7.257887195456012,1.1678868458079503
0.013353286116746577,0.9978452306461413,0.02,1.1422569181228054e-05,1.2554305254922972e-15,2.8266962493110837e-16,0.6976462508541628,7.257887195397545,1.167886845641107
0.013353286313166512,0.9978452306039297,0.02,1.1422569166341946e-05,1.2326249587216341e-15,2.997061399437213e-16,0.6976462532724014,7.257887195340761,1.1678868454789355
0.013353286504081463,0.9978452305628942,0.02,1.142256915187181e-05,9.789016028107003e-16,2.4853238449384523e-16,0.6976462556231435,7.257887195285609,1.1678868453213045
0.013353286689646526,0.9978452305230024,0.02,1.1422569137806006e-05,9.091404544162653e-16,2.580304164977115e-16,0.6976462579082745,7.257887195232043,1.1678868451680875
0.013353286870011305,0.9978452304842219,0.02,1.1422569124133226e-05,8.730979683571209e-16,2.188372515977312e-16,0.6976462601296284,7.257887195180017,1.1678868450191597
0.013353287045322293,0.997845230446522,0.02,1.1422569110842477e-05,1.1235062329407163e-15,2.4969647018642197e-16,0.6976462622889881,7.257887195129486,1.167886844874401
0.013353287215721044,0.9978452304098726,0.02,1.142256909792307e-05,8.822447835054027e-16,2.0726322062909799e-16,0.6976462643880849,7.257887195080407,1.1678868447336948
0.013353287381345558,0.9978452303742442,0.02,1.142256908536462e-05,8.754669817850192e-16,2.196970258147558e-16,0.6976462664286033,7.257887195032737,1.167886844596927
0.013353287542330117,0.9978452303396086,0.02,1.1422569073157031e-05,8.452342401171716e-16,1.8808708757042122e-16,0.6976462684121794,7.257887194986435,1.1678868444639872
0.013353287698804506,0.9978452303059377,0.02,1.1422569061290496e-05,8.155177398016669e-16,1.8931110208478712e-16,0.6976462703404054,7.257887194941462,1.1678868443347683
0.013353287850895623,0.9978452302732052,0.02,1.1422569049755469e-05,6.139491550743768e-16,1.607329471004613e-16,0.6976462722148266,7.25788719489778,1.1678868442091659
0.013353287998726537,0.9978452302413842,0.02,1.142256903854268e-05,8.28999909869964e-16,1.6439983358603003e-16,0.6976462740369465,7.25788719485535,1.1678868440870782
0.013353288142416486,0.9978452302104498,0.02,1.142256902764312e-05,5.861986194702201e-16,1.658663155725469e-16,0.6976462758082261,7.257887194814137,1.1678868439684074
0.013353288282082099,0.9978452301803771,0.02,1.1422569017048027e-05,7.447472337773412e-16,1.5898110010692524e-16,0.6976462775300863,7.257887194774105,1.1678868438530567
0.013353288417835785,0.9978452301511422,0.02,1.1422569006748892e-05,5.395313334509802e-16,1.1274531642143995e-16,0.697646279203907,7.25788719473522,1.1678868437409338
0.0133532885497879,0.9978452301227219,0.02,1.1422568996737434e-05,3.0145437634558233e-16,1.072359068865992e-16,0.6976462808310301,7.2578871946974495,1.167886843631948
0.013353288678044861,0.9978452300950926,0.02,1.142256898700561e-05,7.151518914333376e-16,1.5647652335715808e-16,0.69764628241276,7.257887194660761,1.1678868435260112
0.01335328880271025,0.9978452300682331,0.02,1.14225689775456e-05,7.156665332251709e-16,1.131730092265823e-16,0.6976462839503647,7.2578871946251216,1.1678868434230383
0.013353288923884932,0.9978452300421219,0.02,1.1422568968349807e-05,2.3413986359413737e-16,1.2739080259415147e-16,0.6976462854450765,7.257887194590503,1.1678868433229452
0.01335328904166666,0.9978452300167381,0.02,1.1422568959410845e-05,2.4826776889890163e-16,1.145222753259034e-16,0.6976462868980929,7.257887194556875,1.1678868432256528
0.013353289156150805,0.9978452299920607,0.02,1.1422568950721529e-05,5.111648400784326e-16,9.288874164404613e-17,0.6976462883105796,7.2578871945242085,1.1678868431310816
0.013353289267430013,0.9978452299680711,0.02,1.1422568942274882e-05,4.2547532375804975e-16,1.1175529512064457e-16,0.6976462896836675,7.2578871944924765,1.1678868430391554
0.013353289375593658,0.9978452299447493,0.02,1.1422568934064118e-05,6.48905023593647e-16,4.930776068543376e-17,0.6976462910184568,7.257887194461652,1.1678868429498002
0.013353289480729447,0.9978452299220775,0.02,1.1422568926082645e-05,4.1975502695588166e-16,5.983267543293745e-17,0.6976462923160176,7.257887194431709,1.1678868428629439
0.013353289582922367,0.9978452299000365,0.02,1.1422568918324052e-05,4.454810142293721e-16,8.716325593789549e-17,0.6976462935773883,7.257887194402621,1.1678868427785163
0.013353289682254854,0.9978452298786098,0.02,1.1422568910782111e-05,4.526213520482399e-16,3.927385719591546e-17,0.6976462948035805,7.257887194374364,1.16788684269645
0.013353289778806898,0.9978452298577796,0.02,1.142256890345076e-05,3.9289381494177187e-16,6.653337735448485e-17,0.697646295995576,7.257887194346914,1.1678868426166782
0.013353289872656826,0.9978452298375294,0.02,1.1422568896324121e-05,2.1092906951998586e-16,6.056720902514998e-17,0.6976462971543296,7.257887194320247,1.1678868425391369
0.013353289963880355,0.9978452298178427,0.02,1.1422568889396462e-05,2.379700274676131e-16,6.535047547432163e-17,0.6976462982807692,7.257887194294343,1.1678868424637634
0.01335329005255087,0.9978452297987048,0.02,1.142256888266223e-05,-2.2460260844338265e-17,6.239960283423096e-17,0.6976462993757976,7.257887194269177,1.1678868423904976
0.01335329013873976,0.9978452297800995,0.02,1.1422568876116015e-05,3.971882004332282e-16,7.392270124232077e-17,0.6976463004402905,7.257887194244729,1.1678868423192799
0.0133532902225173,0.9978452297620123,0.02,1.1422568869752562e-05,2.234998745300438e-16,6.199681028517677e-17,0.6976463014751016,7.257887194220978,1.167886842250053
0.01335329030395066,0.9978452297444287,0.02,1.1422568863566763e-05,3.758386861940274e-16,6.464868044998304e-17,0.6976463024810587,7.257887194197905,1.1678868421827613
0.01335329038310551,0.9978452297273346,0.02,1.142256885755366e-05,1.3498395257371447e-16,3.8839233392721737e-17,0.6976463034589675,7.257887194175489,1.1678868421173503
0.01335329046004563,0.9978452297107167,0.02,1.1422568851708415e-05,9.643376188471412e-17,6.934883931337906e-17,0.6976463044096111,7.257887194153713,1.1678868420537678
0.013353290534833306,0.9978452296945611,0.02,1.1422568846026346e-05,3.7425245890539916e-16,2.4844858768567358e-17,0.6976463053337497,7.257887194132557,1.1678868419919626
0.013353290607528823,0.9978452296788555,0.02,1.1422568840502891e-05,1.1863299523681089e-16,1.413158039067765e-17,0.6976463062321239,7.257887194112004,1.1678868419318844
0.013353290678190854,0.997845229663587,0.02,1.1422568835133615e-05,1.6369103384116798e-16,5.2876515141869553e-17,0.6976463071054522,7.257887194092035,1.1678868418734853
0.013353290746876023,0.9978452296487433,0.02,1.1422568829914212e-05,1.749922892849099e-16,4.583662755165085e-17,0.6976463079544342,7.257887194072636,1.1678868418167179
0.013353290813640062,0.9978452296343133,0.02,1.1422568824840497e-05,4.1443758179448277e-16,2.9991244607802115e-17,0.6976463087797489,7.257887194053789,1.1678868417615371
0.013353290878537039,0.9978452296202849,0.02,1.1422568819908396e-05,-2.838553217511638e-17,2.4984482047979e-17,0.697646309582057,7.257887194035478,1.167886841707898
0.013353290941618634,0.997845229606647,0.02,1.1422568815113951e-05,2.663033182239631e-16,4.113249881585064e-17,0.6976463103620002,7.257887194017688,1.167886841655758
0.013353291002935974,0.9978452295933887,0.02,1.1422568810453322e-05,3.412920324023884e-17,3.574109654740733e-17,0.6976463111202031,7.257887194000404,1.1678868416050745
0.013353291062538741,0.9978452295804993,0.02,1.1422568805922763e-05,3.11223818819534e-16,5.003329088196774e-18,0.6976463118572718,7.2578871939836125,1.1678868415558072
0.01335329112047462,0.9978452295679691,0.02,1.1422568801518645e-05,1.0148167706775266e-16,5.304209030827125e-17,0.6976463125737964,7.2578871939672975,1.167886841507916
0.013353291176790238,0.9978452295557872,0.02,1.1422568797237434e-05,1.4351164412660588e-16,5.58355186313395e-17,0.6976463132703494,7.257887193951446,1.167886841461363
0.013353291231531561,0.9978452295439446,0.02,1.14225687930757e-05,1.6669390594969588e-16,-1.4164425070314534e-17,0.6976463139474891,7.257887193936046,1.1678868414161103
0.013353291284741942,0.9978452295324314,0.02,1.14225687890301e-05,3.7835439483028557e-16,1.3957223513001573e-17,0.6976463146057568,7.257887193921083,1.1678868413721215
0.013353291336464568,0.9978452295212389,0.02,1.1422568785097392e-05,1.8482951310960329e-16,6.841981327697757e-17,0.6976463152456783,7.257887193906545,1.1678868413293615
0.013353291386741406,0.9978452295103579,0.02,1.1422568781274426e-05,1.6385008547351817e-16,3.02305554811874e-17,0.6976463158677659,7.2578871938924205,1.167886841287796
0.013353291435612591,0.9978452294997797,0.02,1.1422568777558133e-05,-4.607894388239427e-19,8.979265269113325e-19,0.6976463164725176,7.257887193878697,1.1678868412473915
0.01335329148311748,0.9978452294894956,0.02,1.1422568773945534e-05,2.7064298192778934e-16,3.582051850071676e-17,0.6976463170604159,7.257887193865363,1.1678868412081151
0.013353291529294375,0.9978452294794982,0.02,1.1422568770433732e-05,1.3225139926365857e-17,1.5595948284494597e-17,0.6976463176319322,7.257887193852407,1.1678868411699357
0.013353291574180526,0.9978452294697785,0.02,1.1422568767019913e-05,2.3557129364710095e-16,2.0614805077903245e-17,0.6976463181875222,7.257887193839819,1.1678868411328227
0.013353291617812013,0.9978452294603299,0.02,1.1422568763701342e-05,-1.2079102590971987e-17,2.6325665377793936e-17,0.6976463187276313,7.257887193827589,1.1678868410967456
0.013353291660224031,0.9978452294511436,0.02,1.1422568760475356e-05,3.0043338907326693e-16,3.200391206578198e-17,0.6976463192526904,7.257887193815705,1.1678868410616763
0.013353291701450554,0.9978452294422135,0.02,1.1422568757339374e-05,5.568842244717769e-17,1.4637659803345855e-17,0.6976463197631199,7.257887193804158,1.1678868410275862
0.013353291741524997,0.9978452294335316,0.02,1.1422568754290877e-05,7.248795724532937e-17,2.7868627889211396e-17,0.6976463202593273,7.257887193792938,1.1678868409944476
0.013353291780479393,0.9978452294250914,0.02,1.1422568751327422e-05,1.3665011146230706e-16,-1.7651848724930457e-17,0.6976463207417095,7.257887193782038,1.1678868409622345
0.013353291818345048,0.9978452294168859,0.02,1.142256874844664e-05,1.0582928677194066e-16,3.683734505455102e-17,0.697646321210652,7.257887193771445,1.1678868409309204
0.013353291855152827,0.9978452294089086,0.02,1.1422568745646218e-05,1.475568339105075e-16,2.9827114939520855e-18,0.6976463216665298,7.257887193761153,1.167886840900481
0.01335329189093204,0.9978452294011538,0.02,1.1422568742923915e-05,-7.573488635695283e-17,-3.7984436088798313e-17,0.6976463221097072,7.257887193751152,1.1678868408708913
0.013353291925711275,0.9978452293936144,0.02,1.1422568740277543e-05,-2.8283466307634676e-17,2.4803375919341765e-17,0.6976463225405373,7.2578871937414355,1.1678868408421275
0.013353291959518954,0.9978452293862847,0.02,1.142256873770499e-05,1.8410404402103706e-16,1.5058282191729533e-17,0.6976463229593666,7.257887193731993,1.1678868408141665
0.013353291992381888,0.9978452293791592,0.02,1.1422568735204194e-05,-7.679463484748337e-18,1.5080865075482237e-17,0.6976463233665279,7.257887193722818,1.167886840786986
0.013353292024327057,0.9978452293722316,0.02,1.1422568732773148e-05,3.9039617379124825e-17,1.0230899408755857e-17,0.6976463237623469,7.257887193713904,1.1678868407605643
0.013353292055379551,0.997845229365497,0.02,1.1422568730409906e-05,-1.6363116721302112e-16,-5.235483815307711e-18,0.6976463241471408,7.257887193705241,1.1678868407348797
0.013353292085564406,0.9978452293589497,0.02,1.1422568728112576e-05,-9.328667243905003e-17,-1.8271038042405385e-17,0.6976463245212157,7.257887193696824,1.167886840709912
0.013353292114906212,0.9978452293525846,0.02,1.1422568725879315e-05,-1.0230669387922082e-16,3.538053238287989e-17,0.6976463248848708,7.257887193688645,1.1678868406856415
0.013353292143428286,0.9978452293463963,0.02,1.1422568723708339e-05,1.7522752554414594e-16,-1.3985661581795536e-17,0.6976463252383971,7.2578871936806975,1.1678868406620482
0.013353292171153719,0.9978452293403808,0.02,1.1422568721597905e-05,-5.2220377721458716e-17,-3.017780152063395e-19,0.697646325582077,7.257887193672974,1.1678868406391132
0.013353292198104438,0.997845229334532,0.02,1.1422568719546327e-05,-2.0203175137979694e-16,2.3234941440785894e-18,0.6976463259161844,7.25788719366547,1.167886840616818
0.013353292224302982,0.9978452293288461,0.02,1.142256871755196e-05,4.318973667809003e-17,-3.3963593345176115e-17,0.6976463262409864,7.257887193658178,1.1678868405951455
0.013353292249769388,0.9978452293233184,0.02,1.142256871561321e-05,4.1659332655376896e-17,1.1748043790873251e-17,0.6976463265567426,7.257887193651091,1.1678868405740772
0.013353292274524864,0.9978452293179444,0.02,1.1422568713728519e-05,9.699270204178298e-17,-9.219785726123408e-18,0.697646326863705,7.257887193644205,1.167886840553597
0.01335329229858867,0.9978452293127199,0.02,1.142256871189638e-05,9.179605518341524e-17,5.744665439616325e-18,0.6976463271621185,7.257887193637514,1.1678868405336882
0.013353292321980514,0.997845229307641,0.02,1.142256871011533e-05,1.3013205655178173e-16,3.1128136039807534e-17,0.697646327452222,7.257887193631012,1.1678868405143348
0.01335329234471938,0.9978452293027031,0.02,1.1422568708383937e-05,-7.34345891489848e-17,-1.3121415380810223e-17,0.6976463277342465,7.257887193624693,1.167886840495521
0.013353292366823144,0.9978452292979024,0.02,1.1422568706700822e-05,2.0354138639659372e-16,2.6994730946170032e-17,0.6976463280084172,7.257887193618553,1.1678868404772325
0.013353292388309568,0.9978452292932356,0.02,1.1422568705064632e-05,-4.272693150351087e-17,-1.4062181539946888e-17,0.6976463282749537,7.257887193612587,1.167886840459454
0.013353292409196249,0.9978452292886985,0.02,1.1422568703474063e-05,8.9080287332542e-18,2.3085596049140976e-18,0.6976463285340676,7.257887193606789,1.1678868404421714
0.01335329242949973,0.9978452292842873,0.02,1.1422568701927837e-05,2.3425682165947597e-16,-9.656858449219383e-18,0.6976463287859671,7.257887193601155,1.167886840425371
0.013353292449236387,0.9978452292799991,0.02,1.1422568700424718e-05,1.5396192800260684e-17,2.4707491365782515e-17,0.6976463290308522,7.257887193595679,1.1678868404090392
0.013353292468422095,0.9978452292758301,0.02,1.1422568698963505e-05,1.4444287263478587e-16,-2.0418806841882004e-17,0.6976463292689189,7.257887193590358,1.167886840393163
0.013353292487072121,0.9978452292717769,0.02,1.1422568697543023e-05,-2.3270224343845734e-16,-1.2071697049742953e-17,0.6976463295003572,7.257887193585187,1.167886840377729
0.013353292505201508,0.9978452292678366,0.02,1.1422568696162145e-05,2.1133397631683634e-16,7.269828891870371e-18,0.6976463297253517,7.257887193580163,1.1678868403627263
0.0133532925228248,0.997845229264006,0.02,1.1422568694819757e-05,2.3489925551472076e-17,1.5478249052402459e-18,0.6976463299440819,7.2578871935752804,1.1678868403481417
0.013353292539956041,0.9978452292602819,0.02,1.1422568693514792e-05,-1.716424798689435e-16,1.2905734737542452e-17,0.6976463301567226,7.257887193570535,1.1678868403339637
0.013353292556609275,0.9978452292566611,0.02,1.14225686922462e-05,-9.911570125385882e-17,7.297425116982955e-18,0.6976463303634431,7.2578871935659235,1.1678868403201814
0.013353292572797382,0.997845229253141,0.02,1.1422568691012969e-05,-5.110539569309102e-17,3.6936549536272845e-17,0.6976463305644087,7.257887193561442,1.167886840306783
0.013353292588534016,0.997845229249719,0.02,1.1422568689814112e-05,-1.0681351579219543e-16,1.0228913231782844e-17,0.6976463307597794,7.257887193557087,1.1678868402937586
0.013353292603831168,0.9978452292463922,0.02,1.142256868864867e-05,-9.900460324617228e-17,7.107466191237449e-18,0.6976463309497117,7.257887193552855,1.1678868402810973
0.013353292618701662,0.9978452292431574,0.02,1.1422568687515712e-05,2.472414633205366e-16,-2.0895378608912472e-17,0.6976463311343564,7.257887193548743,1.1678868402687892
0.013353292633157099,0.9978452292400132,0.02,1.1422568686414332e-05,2.492969006949258e-17,7.435249110541231e-18,0.697646331313861,7.257887193544745,1.1678868402568239
0.013353292647208914,0.9978452292369561,0.02,1.1422568685343645e-05,2.246018527104955e-16,-2.9902979809401156e-20,0.697646331488369,7.257887193540861,1.1678868402451923
0.013353292660868654,0.997845229233984,0.02,1.1422568684302802e-05,-2.050250701726353e-16,-7.355292669309119e-18,0.6976463316580193,7.257887193537085,1.1678868402338847
0.013353292674147477,0.9978452292310946,0.02,1.1422568683290964e-05,-1.465577204730635e-16,-3.3147060808928632e-18,0.6976463318229477,7.257887193533417,1.1678868402228928
0.01335329268705543,0.9978452292282853,0.02,1.1422568682307325e-05,7.357783258434728e-17,-4.747196344172243e-17,0.697646331983285,7.257887193529852,1.1678868402122073
0.013353292699603392,0.9978452292255546,0.02,1.1422568681351098e-05,-1.602984753951027e-16,1.800082673863893e-18,0.6976463321391597,7.257887193526387,1.1678868402018197
0.01335329271180119,0.9978452292228995,0.02,1.1422568680421518e-05,8.40149410758527e-17,-1.3360433735989046e-17,0.6976463322906956,7.25788719352302,1.1678868401917217
0.01335329272365876,0.9978452292203186,0.02,1.1422568679517839e-05,-1.4626256963505447e-16,4.32637089845782e-18,0.6976463324380147,7.257887193519747,1.1678868401819051
0.013353292735185485,0.9978452292178092,0.02,1.1422568678639345e-05,-5.884552196732579e-17,3.387137521798322e-17,0.6976463325812327,7.2578871935165665,1.1678868401723623
0.013353292746390577,0.9978452292153691,0.02,1.142256867778533e-05,1.367612320106653e-16,-1.475626293705236e-17,0.6976463327204648,7.2578871935134766,1.1678868401630853
0.013353292757282975,0.9978452292129976,0.02,1.1422568676955114e-05,-4.39360215341266e-17,2.9682970051774104e-17,0.6976463328558221,7.257887193510472,1.1678868401540667
0.013353292767871672,0.9978452292106915,0.02,1.1422568676148023e-05,4.8768247769779505e-17,-2.7143897065804224e-17,0.6976463329874124,7.257887193507553,1.1678868401453
0.013353292778164938,0.9978452292084501,0.02,1.1422568675363425e-05,-2.123585841069941e-16,-3.123844982857458e-17,0.6976463331153409,7.257887193504716,1.167886840136777
0.01335329278817099,0.9978452292062704,0.02,1.1422568674600689e-05,9.612493689814959e-17,1.0226837234627535e-17,0.697646333239709,7.257887193501959,1.167886840128492
0.013353292797898042,0.9978452292041515,0.02,1.1422568673859203e-05,-1.1682195989030557e-16,1.4074626944014192e-17,0.6976463333606159,7.257887193499278,1.1678868401204376
0.013353292807353645,0.9978452292020914,0.02,1.1422568673138375e-05,-8.730987222805505e-17,1.3846067415264049e-18,0.6976463334781585,7.257887193496674,1.1678868401126077
0.013353292816545737,0.9978452292000887,0.02,1.1422568672437631e-05,1.7970586932176566e-16,6.940612798144811e-19,0.6976463335924302,7.257887193494143,1.1678868401049964
0.013353292825481089,0.9978452291981418,0.02,1.1422568671756406e-05,1.6602636120457475e-16,-1.5860782080636497e-17,0.697646333703522,7.257887193491683,1.167886840097597
0.013353292834167474,0.9978452291962491,0.02,1.1422568671094162e-05,-2.477517805604287e-17,3.0351791918524575e-18,0.6976463338115225,7.257887193489292,1.1678868400904037
0.013353292842611497,0.9978452291944087,0.02,1.1422568670450368e-05,-9.946623449636586e-18,7.22788614638007e-18,0.6976463339165181,7.257887193486969,1.1678868400834108
0.01335329285082043,0.9978452291926194,0.02,1.1422568669824506e-05,2.2692167958810243e-16,-4.1290594789637044e-17,0.6976463340185923,7.25788719348471,1.1678868400766127
0.013353292858799937,0.99784522919088,0.02,1.142256866921608e-05,4.061060297316269e-17,2.4375681983288418e-17,0.6976463341178258,7.2578871934825155,1.1678868400700042
0.01335329286655712,0.997845229189189,0.02,1.1422568668624602e-05,5.643911660239417e-17,-1.4774126273965484e-17,0.6976463342142986,7.257887193480382,1.1678868400635798
0.0133532928740977,0.9978452291875453,0.02,1.14225686680496e-05,-1.3638882445507308e-16,-6.765012842491476e-18,0.6976463343080873,7.257887193478309,1.1678868400573343
0.01335329288142817,0.9978452291859465,0.02,1.1422568667490615e-05,1.2252592859954626e-16,-1.793941624250223e-17,0.6976463343992665,7.257887193476294,1.167886840051263
0.01335329288855458,0.9978452291843927,0.02,1.14225686669472e-05,1.8404995767931194e-16,2.3201680120614225e-17,0.6976463344879088,7.257887193474335,1.1678868400453608
0.013353292895482038,0.997845229182882,0.02,1.1422568666418923e-05,-4.23837303770288e-17,-3.8806708948304184e-18,0.6976463345740848,7.257887193472432,1.1678868400396227
0.013353292902216263,0.9978452291814134,0.02,1.1422568665905355e-05,2.2906304537632773e-16,7.938644541841552e-18,0.6976463346578634,7.257887193470583,1.167886840034045
0.013353292908762693,0.9978452291799854,0.02,1.1422568665406095e-05,-1.0225377667974336e-17,2.985222171288117e-17,0.6976463347393114,7.257887193468784,1.1678868400286222
0.013353292915126713,0.997845229178597,0.02,1.1422568664920742e-05,2.0470221913678811e-16,-1.4331546411764503e-17,0.6976463348184934,7.257887193467037,1.1678868400233506
0.01335329292131332,0.9978452291772476,0.02,1.1422568664448904e-05,-2.6006582886344655e-18,-2.2059996042913765e-17,0.697646334895473,7.257887193465339,1.1678868400182258
0.013353292927327398,0.9978452291759354,0.02,1.1422568663990209e-05,4.520010582766261e-17,2.1705058083031923e-17,0.6976463349703106,7.257887193463688,1.167886840013244
0.013353292933173777,0.9978452291746598,0.02,1.1422568663544286e-05,4.520235897717833e-17,1.271681747452622e-17,0.6976463350430667,7.257887193462084,1.1678868400084008
0.013353292938857453,0.9978452291734197,0.02,1.1422568663110783e-05,-1.3060409489730396e-16,3.104270993786075e-17,0.6976463351137987,7.257887193460524,1.1678868400036924
0.013353292944382367,0.9978452291722139,0.02,1.1422568662689354e-05,9.939873194426468e-17,-1.4985307536145932e-18,0.6976463351825634,7.257887193459009,1.1678868399991154
0.013353292949753348,0.9978452291710419,0.02,1.1422568662279658e-05,-9.267431055402884e-17,-2.810347088545847e-17,0.697646335249415,7.2578871934575355,1.1678868399946656
0.013353292954974616,0.9978452291699023,0.02,1.1422568661881374e-05,-2.5836187318460956e-16,-6.681356325444186e-18,0.6976463353144073,7.257887193456104,1.16788683999034
0.0133532929600505,0.997845229168794,0.02,1.1422568661494177e-05,3.35944363250479e-17,-9.717100753073656e-18,0.6976463353775918,7.257887193454713,1.1678868399861349
0.013353292964984664,0.9978452291677169,0.02,1.1422568661117764e-05,2.754381860666156e-17,-2.0672521072000378e-17,0.6976463354390188,7.25788719345336,1.1678868399820463
0.013353292969781383,0.9978452291666696,0.02,1.1422568660751836e-05,5.749310053585932e-17,4.2466537591228914e-17,0.6976463354987371,7.257887193452046,1.1678868399780722
0.013353292974444375,0.9978452291656513,0.02,1.1422568660396094e-05,1.0124931320611841e-16,-1.7465777539986015e-17,0.6976463355567943,7.257887193450768,1.1678868399742086
0.01335329297897786,0.9978452291646617,0.02,1.1422568660050257e-05,-1.132247833270767e-16,-1.8761435401513705e-17,0.6976463356132372,7.257887193449526,1.1678868399704525
0.013353292983384446,0.9978452291636991,0.02,1.142256865971405e-05,2.9636012766804505e-16,-6.446501179981865e-18,0.6976463356681099,7.257887193448319,1.1678868399668012
0.013353292987668353,0.9978452291627636,0.02,1.1422568659387201e-05,-1.1884220632602447e-16,2.280612529205995e-17,0.6976463357214565,7.257887193447146,1.1678868399632514
0.01335329299183291,0.997845229161854,0.02,1.1422568659069457e-05,2.4919974371140225e-16,2.516432987173024e-17,0.6976463357733194,7.257887193446005,1.1678868399598006
0.013353292995881394,0.9978452291609696,0.02,1.142256865876056e-05,3.487365346137556e-17,-1.537277275156694e-17,0.6976463358237402,7.257887193444897,1.1678868399564457
0.013353292999817246,0.99784522916011,0.02,1.1422568658460261e-05,-1.1262554903102128e-16,-1.9624495567672285e-17,0.6976463358727585,7.25788719344382,1.167886839953184
0.01335329300364324,0.9978452291592741,0.02,1.1422568658168323e-05,1.0480627200239571e-16,-6.94428318916199e-18,0.6976463359204137,7.257887193442773,1.1678868399500137
0.013353293007362543,0.9978452291584614,0.02,1.1422568657884512e-05,1.4782658576714248e-16,7.85693705780348e-18,0.6976463359667432,7.257887193441755,1.167886839946931
0.013353293010978429,0.9978452291576715,0.02,1.14225686576086e-05,-9.866854807484092e-17,-3.388550376819159e-17,0.697646336011785,7.257887193440766,1.1678868399439348
0.01335329301449345,0.9978452291569031,0.02,1.1422568657340373e-05,-5.291054396286505e-17,-2.8643763877666804e-18,0.6976463360555737,7.257887193439804,1.1678868399410216
0.01335329301791055,0.9978452291561565,0.02,1.1422568657079612e-05,2.007746587722274e-16,-2.7001997674536935e-17,0.6976463360981453,7.25788719343887,1.1678868399381899
0.013353293021232282,0.9978452291554305,0.02,1.142256865682611e-05,-5.128869953721823e-18,1.739622682729584e-17,0.6976463361395325,7.257887193437962,1.1678868399354365
0.013353293024461754,0.9978452291547245,0.02,1.1422568656579665e-05,2.513959831557371e-16,-1.5283193144735565e-17,0.6976463361797695,7.257887193437078,1.1678868399327602
0.013353293027601076,0.9978452291540384,0.02,1.1422568656340078e-05,3.406521608941874e-17,5.377581524742447e-18,0.6976463362188865,7.25788719343622,1.1678868399301583
0.013353293030652968,0.9978452291533714,0.02,1.1422568656107163e-05,6.587675649870476e-17,-1.357639133935918e-17,0.6976463362569169,7.257887193435386,1.1678868399276285
0.013353293033619928,0.9978452291527226,0.02,1.1422568655880729e-05,8.286511489782417e-17,-5.841185545767004e-18,0.6976463362938894,7.257887193434575,1.1678868399251694
0.013353293036504288,0.997845229152092,0.02,1.1422568655660602e-05,1.3651312146713905e-16,1.7227623669326666e-17,0.697646336329834,7.257887193433787,1.1678868399227789
0.013353293039308156,0.9978452291514789,0.02,1.1422568655446597e-05,1.1048303390118422e-16,-1.0159219245594462e-17,0.697646336364779,7.257887193433022,1.1678868399204545
0.013353293042033754,0.9978452291508827,0.02,1.1422568655238549e-05,1.237126766239886e-16,-5.733254781949776e-17,0.6976463363987523,7.257887193432277,1.167886839918195
0.013353293044683856,0.9978452291503033,0.02,1.1422568655036295e-05,-5.317247910488306e-17,5.041936958112339e-18,0.6976463364317811,7.257887193431554,1.1678868399159985
0.013353293047259851,0.9978452291497397,0.02,1.1422568654839668e-05,1.6661832703873828e-16,-6.2548356643103885e-18,0.697646336463892,7.257887193430849,1.167886839913863
0.013353293049764181,0.9978452291491922,0.02,1.1422568654648516e-05,-3.593517974398824e-17,8.22873686667443e-18,0.6976463364951098,7.257887193430166,1.1678868399117872
0.013353293052198567,0.9978452291486595,0.02,1.1422568654462682e-05,1.8693997363037954e-16,-5.94754295874478e-18,0.6976463365254594,7.257887193429501,1.167886839909769
0.013353293054565452,0.9978452291481419,0.02,1.1422568654282018e-05,2.9105371226864326e-19,-2.5292093937824508e-17,0.6976463365549657,7.257887193428855,1.1678868399078068
0.013353293056866056,0.9978452291476386,0.02,1.1422568654106385e-05,4.68232768959156e-17,4.611807282924372e-18,0.6976463365836514,7.257887193428227,1.1678868399058995
0.013353293059102767,0.9978452291471492,0.02,1.1422568653935638e-05,4.415449448711076e-17,-5.559169058763696e-18,0.6976463366115395,7.257887193427617,1.1678868399040452
0.013353293061277138,0.9978452291466733,0.02,1.1422568653769645e-05,-1.737864407457014e-16,-2.42209780001209e-17,0.6976463366386526,7.257887193427024,1.1678868399022424
0.013353293063391392,0.9978452291462109,0.02,1.1422568653608268e-05,2.680195654932787e-16,2.942377304075794e-17,0.6976463366650116,7.2578871934264475,1.16788683990049
0.013353293065446248,0.9978452291457611,0.02,1.1422568653451384e-05,-1.6357146988871238e-16,-1.8544992841699036e-17,0.6976463366906382,7.257887193425886,1.1678868398987858
0.013353293067444039,0.9978452291453237,0.02,1.1422568653298867e-05,8.158567080058476e-17,-1.2787379548801179e-17,0.6976463367155522,7.257887193425342,1.1678868398971294
0.013353293069386263,0.9978452291448989,0.02,1.1422568653150593e-05,-1.187430085037528e-16,1.6960420776211626e-17,0.6976463367397734,7.257887193424812,1.1678868398955191
0.013353293071274086,0.9978452291444857,0.02,1.1422568653006444e-05,-4.0740354801928744e-17,-2.6770312095350428e-17,0.6976463367633221,7.257887193424297,1.167886839893954
0.013353293073109618,0.9978452291440836,0.02,1.142256865286631e-05,1.704834043834876e-16,-6.013665869711658e-18,0.6976463367862156,7.257887193423796,1.1678868398924318
0.01335329307489419,0.9978452291436929,0.02,1.1422568652730068e-05,9.656702472359542e-17,1.9887541821663697e-17,0.6976463368084725,7.2578871934233105,1.1678868398909523
0.01335329307662897,0.9978452291433132,0.02,1.1422568652597622e-05,1.8129036358623126e-16,3.7080338484324605e-18,0.697646336830111,7.257887193422838,1.167886839889514
0.013353293078315287,0.997845229142944,0.02,1.1422568652468861e-05,-8.821217268571276e-17,1.2062060864934772e-17,0.6976463368511483,7.257887193422378,1.1678868398881153
0.013353293079954698,0.9978452291425851,0.02,1.1422568652343682e-05,8.784359602325713e-17,2.7357988248405438e-17,0.6976463368716003,7.257887193421931,1.167886839886756
0.013353293081548367,0.9978452291422362,0.02,1.1422568652221985e-05,-1.47327659466676e-16,1.1289779137499987e-17,0.6976463368914841,7.257887193421497,1.167886839885434
0.01335329308309774,0.9978452291418967,0.02,1.1422568652103675e-05,1.5764156056270203e-16,5.519925818494931e-17,0.6976463369108152,7.257887193421075,1.1678868398841493
0.0133532930846042,0.9978452291415669,0.02,1.1422568651988658e-05,1.7448568539126573e-16,4.820928914008736e-17,0.6976463369296092,7.257887193420665,1.1678868398829003
0.013353293086068363,0.9978452291412462,0.02,1.1422568651876838e-05,-3.311909602315437e-17,4.3363538302701995e-18,0.6976463369478803,7.257887193420266,1.1678868398816857
0.013353293087492168,0.9978452291409343,0.02,1.1422568651768131e-05,-1.6243024222407077e-17,1.0199726814950525e-17,0.6976463369656437,7.257887193419878,1.1678868398805051
0.013353293088876117,0.9978452291406312,0.02,1.142256865166245e-05,1.4512135920872758e-17,2.8819203521840017e-18,0.6976463369829136,7.257887193419501,1.1678868398793574
0.013353293090221374,0.9978452291403366,0.02,1.1422568651559707e-05,4.330945228570989e-17,-8.351003631781546e-18,0.6976463369997037,7.257887193419135,1.1678868398782416
0.013353293091529217,0.9978452291400499,0.02,1.1422568651459822e-05,6.056457821598584e-17,3.2405074864657666e-17,0.697646337016027,7.257887193418779,1.167886839877157
0.013353293092800866,0.9978452291397713,0.02,1.1422568651362713e-05,8.93955133141051e-17,-1.3610317867031913e-17,0.6976463370318964,7.257887193418433,1.1678868398761024
0.01335329309403721,0.9978452291395004,0.02,1.1422568651268309e-05,1.136636822517077e-16,-3.388027429600832e-17,0.697646337047325,7.257887193418096,1.167886839875077
0.013353293095238916,0.9978452291392371,0.02,1.1422568651176531e-05,-5.717357122147641e-17,-1.7990901054348846e-17,0.6976463370623247,7.257887193417769,1.1678868398740803
0.013353293096407148,0.9978452291389812,0.02,1.1422568651087307e-05,-2.1651353632177924e-17,-1.1094805276213997e-17,0.6976463370769077,7.257887193417451,1.1678868398731113
0.013353293097542962,0.9978452291387323,0.02,1.1422568651000562e-05,-5.554160417308348e-17,1.98804768195453e-17,0.6976463370910854,7.257887193417142,1.1678868398721691
0.013353293098646968,0.9978452291384903,0.02,1.1422568650916233e-05,1.2556283098309808e-17,-1.271795407440614e-17,0.697646337104869,7.257887193416842,1.1678868398712534
0.013353293099720442,0.9978452291382549,0.02,1.1422568650834247e-05,5.63476086291442e-17,7.497839420686404e-18,0.6976463371182697,7.25788719341655,1.1678868398703628
0.013353293100763941,0.9978452291380262,0.02,1.1422568650754545e-05,-9.993919109637856e-17,-1.683611514094933e-17,0.6976463371312975,7.257887193416265,1.1678868398694973
0.013353293101778574,0.9978452291378037,0.02,1.1422568650677058e-05,1.3945513862501563e-16,2.0173988757901982e-17,0.697646337143964,7.25788719341599,1.167886839868656
0.013353293102764785,0.9978452291375877,0.02,1.1422568650601725e-05,-7.204038298937441e-17,1.2869111580070163e-17,0.6976463371562782,7.257887193415722,1.1678868398678375
0.013353293103723685,0.9978452291373774,0.02,1.1422568650528489e-05,-9.171845707773037e-17,1.6199300496069535e-17,0.6976463371682498,7.257887193415461,1.1678868398670421
0.013353293104655828,0.9978452291371728,0.02,1.142256865045729e-05,1.9102980456025452e-16,-1.5311896507073302e-17,0.6976463371798893,7.257887193415208,1.1678868398662687
0.013353293105562158,0.9978452291369743,0.02,1.1422568650388069e-05,1.3870349260140277e-17,-1.5812168223672358e-17,0.6976463371912048,7.257887193414961,1.1678868398655171
0.013353293106442898,0.9978452291367812,0.02,1.1422568650320776e-05,2.800730027927247e-17,6.427137130642417e-18,0.6976463372022063,7.257887193414722,1.1678868398647861
0.01335329310729938,0.997845229136593,0.02,1.1422568650255354e-05,2.307137450541406e-16,1.2845642931688153e-17,0.6976463372129021,7.257887193414489,1.1678868398640756
0.013353293108132103,0.9978452291364107,0.02,1.142256865019175e-05,2.300117323649786e-17,3.804143423794997e-18,0.6976463372233005,7.257887193414263,1.1678868398633848
0.013353293108941455,0.9978452291362334,0.02,1.1422568650129917e-05,-1.4694984135339322e-16,-1.4708059131046984e-17,0.6976463372334102,7.257887193414042,1.1678868398627134
0.013353293109728437,0.9978452291360604,0.02,1.1422568650069805e-05,1.177696685116999e-16,2.8204578220246877e-18,0.6976463372432391,7.257887193413828,1.1678868398620605
0.013353293110493492,0.9978452291358928,0.02,1.1422568650011361e-05,-9.276018630295556e-17,3.645687065348722e-17,0.6976463372527949,7.25788719341362,1.1678868398614257
0.013353293111237341,0.9978452291357296,0.02,1.142256864995454e-05,1.37037378162459e-16,1.7558646259674867e-17,0.6976463372620847,7.257887193413419,1.1678868398608084
0.013353293111960318,0.997845229135571,0.02,1.1422568649899306e-05,-3.811384395906356e-17,-3.3510059553406924e-18,0.6976463372711169,7.2578871934132225,1.1678868398602087
0.0133532931126632,0.9978452291354167,0.02,1.1422568649845604e-05,1.822604886632853e-16,-2.929642389217478e-17,0.6976463372798981,7.257887193413032,1.1678868398596254
0.013353293113346654,0.9978452291352669,0.02,1.1422568649793396e-05,-6.525852267177256e-18,-2.7361634893522924e-17,0.6976463372884351,7.257887193412846,1.1678868398590583
0.013353293114011122,0.9978452291351211,0.02,1.1422568649742642e-05,-1.895976891057585e-17,-1.9801052415794082e-17,0.6976463372967348,7.257887193412665,1.1678868398585072
0.013353293114656994,0.9978452291349794,0.02,1.1422568649693295e-05,2.3710355563702332e-17,4.91612075695779e-18,0.6976463373048041,7.25788719341249,1.1678868398579711
0.013353293115284826,0.9978452291348417,0.02,1.1422568649645325e-05,-1.7870834702115985e-16,1.2741719318736539e-17,0.6976463373126492,7.257887193412319,1.1678868398574502
0.013353293115895226,0.9978452291347075,0.02,1.1422568649598684e-05,8.366788831532642e-17,-1.4276288988481314e-17,0.6976463373202764,7.257887193412153,1.1678868398569437
0.013353293116488807,0.9978452291345775,0.02,1.1422568649553345e-05,-1.1921472634909942e-16,-8.301005032668676e-18,0.6976463373276915,7.257887193411992,1.1678868398564513
0.013353293117065512,0.9978452291344507,0.02,1.1422568649509264e-05,1.3531462254722652e-16,7.422446483800804e-18,0.6976463373349008,7.257887193411836,1.1678868398559723
0.013353293117626619,0.9978452291343277,0.02,1.1422568649466407e-05,-5.95789768958247e-17,1.8805373077026162e-17,0.6976463373419098,7.257887193411683,1.167886839855507
0.01335329311817185,0.9978452291342081,0.02,1.1422568649424745e-05,-3.596568119381758e-17,-5.427563856932557e-17,0.6976463373487242,7.257887193411535,1.1678868398550546
0.013353293118701814,0.9978452291340916,0.02,1.1422568649384237e-05,-4.3528790558472067e-17,-9.755713914440982e-18,0.697646337355349,7.257887193411391,1.1678868398546147
0.013353293119217291,0.9978452291339786,0.02,1.1422568649344862e-05,-1.3512300697258453e-17,1.695542665145291e-18,0.6976463373617896,7.257887193411252,1.1678868398541868
0.013353293119718335,0.9978452291338687,0.02,1.1422568649306577e-05,-2.2016714116891783e-16,2.888245033914564e-18,0.6976463373680519,7.257887193411116,1.167886839853771
0.013353293120205334,0.9978452291337615,0.02,1.1422568649269355e-05,4.141206183184274e-17,1.6981694075332965e-17,0.6976463373741396,7.257887193410983,1.1678868398533666
0.013353293120679066,0.9978452291336577,0.02,1.1422568649233174e-05,1.2432941695370662e-16,4.098936608274001e-17,0.6976463373800589,7.257887193410855,1.1678868398529736
0.013353293121139309,0.9978452291335564,0.02,1.1422568649197993e-05,1.1036212226471562e-16,1.809970490164807e-17,0.6976463373858136,7.25788719341073,1.1678868398525917
0.01335329312158684,0.9978452291334583,0.02,1.1422568649163793e-05,-1.1753213945159314e-16,4.913994762227448e-18,0.6976463373914081,7.257887193410609,1.1678868398522202
0.013353293122022158,0.9978452291333626,0.02,1.1422568649130544e-05,1.2877088180217696e-16,3.112884116664914e-17,0.6976463373968471,7.2578871934104905,1.167886839851859
0.013353293122445153,0.9978452291332698,0.02,1.1422568649098216e-05,-8.497463679559517e-17,4.455540789709021e-18,0.6976463374021352,7.257887193410376,1.1678868398515077
0.01335329312285638,0.9978452291331793,0.02,1.1422568649066793e-05,-1.8223125144269996e-17,2.3965610970444335e-17,0.6976463374072766,7.257887193410264,1.1678868398511666
0.013353293123256338,0.9978452291330916,0.02,1.1422568649036237e-05,-1.4071774561113612e-17,-5.937838671082403e-18,0.6976463374122749,7.257887193410156,1.1678868398508346
0.013353293123645027,0.9978452291330062,0.02,1.1422568649006535e-05,3.656110739913323e-18,-1.7587152283294856e-17,0.6976463374171344,7.257887193410051,1.1678868398505118
0.013353293124022891,0.9978452291329235,0.02,1.1422568648977656e-05,-2.0346233268405972e-16,-6.814443859994815e-18,0.6976463374218594,7.257887193409948,1.1678868398501985
0.013353293124390098,0.9978452291328425,0.02,1.142256864894958e-05,6.920748735331078e-17,7.038246274253856e-18,0.6976463374264525,7.257887193409848,1.1678868398498936
0.013353293124747478,0.9978452291327643,0.02,1.1422568648922285e-05,-1.4771340026255142e-16,-1.2829775219499654e-17,0.6976463374309184,7.2578871934097515,1.167886839849597
0.013353293125094645,0.9978452291326877,0.02,1.142256864889575e-05,9.178978864161692e-17,-3.5268619163254184e-18,0.69764633743526,7.257887193409657,1.1678868398493087
0.013353293125432153,0.9978452291326138,0.02,1.1422568648869952e-05,-5.3938433826363245e-17,7.194500251111784e-18,0.6976463374394816,7.257887193409566,1.1678868398490285
0.013353293125760335,0.9978452291325414,0.02,1.1422568648844868e-05,1.612698612303118e-16,3.030217917796288e-17,0.6976463374435852,7.257887193409477,1.167886839848756
0.013353293126079413,0.9978452291324715,0.02,1.1422568648820486e-05,9.844669036502927e-17,4.998007030450905e-17,0.6976463374475751,7.25788719340939,1.1678868398484914
0.013353293126389554,0.9978452291324033,0.02,1.142256864879678e-05,1.0664750764359509e-16,4.619245498191499e-18,0.6976463374514544,7.2578871934093065,1.1678868398482338
0.013353293126691035,0.9978452291323369,0.02,1.1422568648773734e-05,3.910415429215344e-16,-4.1377275846953797e-19,0.6976463374552256,7.257887193409225,1.1678868398479836
0.013353293126984356,0.9978452291322726,0.02,1.1422568648751325e-05,-1.0083436777443456e-16,-6.7160396583500235e-18,0.6976463374588923,7.257887193409145,1.16788683984774
0.013353293127269517,0.99784522913221,0.02,1.1422568648729541e-05,8.289320298116952e-17,2.1741519527098355e-17,0.6976463374624574,7.257887193409068,1.1678868398475033
0.013353293127546517,0.997845229132149,0.02,1.1422568648708364e-05,1.6416614065679333e-16,-9.08290318375664e-18,0.697646337465923,7.257887193408993,1.1678868398472733
0.013353293127815802,0.99784522913209,0.02,1.1422568648687772e-05,-1.292462001890349e-16,-6.699255193561249e-20,0.6976463374692924,7.25788719340892,1.1678868398470497
0.013353293128077703,0.9978452291320322,0.02,1.1422568648667755e-05,1.7525940311555302e-16,1.1699817027475676e-17,0.6976463374725685,7.257887193408849,1.1678868398468323
0.013353293128332389,0.9978452291319764,0.02,1.1422568648648294e-05,-3.5895395168453843e-17,4.1371833857813605e-18,0.6976463374757536,7.25788719340878,1.1678868398466211
0.013353293128579802,0.9978452291319219,0.02,1.1422568648629375e-05,-2.998413188002809e-17,8.096315837042307e-18,0.6976463374788497,7.257887193408712,1.1678868398464155
0.013353293128820554,0.997845229131869,0.02,1.142256864861098e-05,1.3261438631532498e-17,-4.8356010315072416e-17,0.6976463374818606,7.2578871934086475,1.1678868398462157
0.013353293129054589,0.9978452291318175,0.02,1.1422568648593094e-05,1.0611801956566009e-17,-1.8427392845733933e-17,0.6976463374847874,7.2578871934085845,1.1678868398460214
0.013353293129282073,0.9978452291317674,0.02,1.1422568648575712e-05,2.286499530166241e-17,-1.9391318084442457e-18,0.6976463374876332,7.257887193408522,1.1678868398458324
0.013353293129503063,0.997845229131719,0.02,1.1422568648558808e-05,-1.4388176019803087e-16,1.1528487521082592e-17,0.6976463374903998,7.257887193408463,1.1678868398456488
0.013353293129718113,0.9978452291316716,0.02,1.1422568648542374e-05,1.2552258839790085e-16,2.535570905578326e-17,0.6976463374930896,7.257887193408404,1.1678868398454703
0.013353293129927113,0.997845229131626,0.02,1.1422568648526397e-05,-8.949560126309132e-17,-4.75194576317754e-18,0.6976463374957047,7.257887193408348,1.1678868398452968
0.013353293130130117,0.9978452291315809,0.02,1.1422568648510865e-05,-3.7131800285363673e-17,-6.662104816288898e-18,0.6976463374982472,7.257887193408293,1.167886839845128
0.01335329313032807,0.9978452291315375,0.02,1.1422568648495764e-05,2.0247211633464135e-16,3.4643643501208694e-17,0.6976463375007191,7.257887193408239,1.167886839844964
0.013353293130519861,0.9978452291314953,0.02,1.1422568648481085e-05,-2.8115664180384704e-17,-2.0347860867147477e-18,0.6976463375031225,7.257887193408187,1.1678868398448046
0.0133532931307066,0.9978452291314542,0.02,1.1422568648466807e-05,6.647022045712402e-17,-1.7971325088243097e-17,0.6976463375054589,7.257887193408137,1.1678868398446496
0.013353293130888344,0.9978452291314142,0.02,1.1422568648452931e-05,3.0473348744844586e-16,-2.0202671292999156e-17,0.6976463375077306,7.257887193408088,1.1678868398444988
0.013353293131064592,0.9978452291313754,0.02,1.1422568648439443e-05,1.8329119057735906e-16,-2.5664338055674524e-17,0.6976463375099391,7.25788719340804,1.1678868398443523
0.013353293131236177,0.9978452291313378,0.02,1.1422568648426324e-05,-2.0498479407491027e-17,-3.127675734185881e-18,0.697646337512086,7.257887193407993,1.1678868398442095
0.013353293131402877,0.9978452291313011,0.02,1.1422568648413573e-05,-1.8765780954189346e-16,-2.802303133429694e-17,0.6976463375141743,7.2578871934079485,1.167886839844071
0.013353293131565191,0.9978452291312654,0.02,1.1422568648401175e-05,5.551773925550875e-17,-2.2982660710630107e-17,0.6976463375162035,7.257887193407904,1.1678868398439364
0.013353293131722843,0.9978452291312309,0.02,1.1422568648389122e-05,5.99861301746628e-18,-1.228292733550134e-17,0.6976463375181766,7.2578871934078615,1.1678868398438056
0.01335329313187611,0.9978452291311969,0.02,1.1422568648377404e-05,2.376567725847483e-17,-1.2115897742436911e-17,0.697646337520095,7.25788719340782,1.1678868398436784
0.013353293132025323,0.9978452291311639,0.02,1.1422568648366013e-05,2.9222853238096433e-16,-1.617608220033197e-17,0.6976463375219605,7.25788719340778,1.1678868398435547
0.013353293132170152,0.9978452291311324,0.02,1.1422568648354938e-05,4.1431524410792775e-17,-1.4511022056241805e-18,0.6976463375237743,7.257887193407741,1.167886839843434
0.013353293132310817,0.9978452291311014,0.02,1.1422568648344168e-05,1.243233030925665e-16,-2.995546825401517e-17,0.697646337525537,7.2578871934077025,1.1678868398433175
0.013353293132447874,0.9978452291310712,0.02,1.1422568648333703e-05,1.0424670827130428e-16,1.181227711839847e-18,0.6976463375272511,7.257887193407665,1.1678868398432034
0.013353293132580879,0.9978452291310419,0.02,1.1422568648323521e-05,1.2556971692504961e-16,-8.957985846613826e-18,0.6976463375289177,7.25788719340763,1.167886839843093
0.013353293132710331,0.9978452291310136,0.02,1.1422568648313626e-05,-6.814039868941833e-17,-2.930907450882665e-17,0.697646337530538,7.257887193407594,1.1678868398429854
0.013353293132836175,0.9978452291309855,0.02,1.1422568648304007e-05,1.8295619530732208e-16,-4.963860114731221e-18,0.697646337532113,7.25788719340756,1.167886839842881
