q(t),H_ratio,S(t),MSE(ensemble_vs_ref),KL(f_mean||D),"JS(f_mean,D)",q_stagnation,q_tail_ratio,q_entropy_ratio
0.3069542202391907,0.8805676017807781,0.0,1.6597454775239535e-05,0.48652483500983273,0.10542034949750709,0.8854485152269758,7.080482041911377,0.9885540588399124
0.2797830409138677,0.8987873235129652,0.0,1.5859735116174335e-05,0.384577444051501,0.08712218424057641,0.888663831952497,7.071452512225208,0.9922145542570423
0.2573900737435258,0.9133424809420848,0.0,1.5171457030121824e-05,0.3309971574139349,0.07548547971318832,0.8917248565239093,7.063463819775226,0.9958551451029298
0.23759300699571756,0.9253836023779414,0.0,1.4528108957679376e-05,0.29812383123401104,0.06768619853022344,0.8946489451811942,7.056458697067432,0.9995010360050322
0.21977652953118576,0.9355227748171564,0.0,1.3925919651580796e-05,0.27666678363025,0.06236343471268807,0.8974494750046716,7.0503813674032445,1.003163027577202
0.20359628141869668,0.9441527202943241,0.0,1.3361658818481399e-05,0.2622608381686161,0.05872506480805826,0.9001365301716531,7.0451766348814235,1.0068435156381716
0.18881927510032837,0.9515509412806538,0.0,1.2832520686025571e-05,0.2524795299109398,0.056263160100591174,0.9027175149671518,7.040789808578502,1.010539962484127
0.1752717796855101,0.9579253389557277,0.0,1.2336043036750945e-05,0.24583155914444083,0.05463268195828475,0.9051976722444731,7.0371668854855285,1.0142470205940344
0.16281646686924783,0.9634378254614632,0.0,1.1870046561746527e-05,0.24133865793652276,0.05359043238840876,0.9075805124489171,7.034254821325292,1.0179578595047387
0.15134055829471343,0.9682179733331168,0.0,1.1432587659142692e-05,0.23833009178612047,0.05296076754779194,0.9098681669486016,7.0320018193872205,1.021665000882684
0.14074895310648022,0.9723715565342775,0.0,1.1021920860851162e-05,0.23633168724103384,0.052614780888138354,0.9120616808248798,7.030357603926031,1.0253608434233181
0.13095990879580027,0.9759862242713411,0.0,1.0636468485077696e-05,0.23500107338257742,0.05245691291774025,0.9141612587876831,7.029273661208632,1.0290379892511772
0.12190215503810753,0.9791354502748248,0.0,1.0274795874482781e-05,0.23408755887591973,0.05241595122678478,0.9161664754315317,7.028703440109287,1.032689441772204
0.11351286944175987,0.9818813863895496,0.0,9.935591038441429e-06,0.2334060679391289,0.052438771824216523,0.9180764584929776,7.02860250936613,1.0363087194825151
0.10573620102594788,0.9842769882495633,0.0,9.617647816404803e-06,0.23281955282877753,0.05248586865081761,0.9198900514602066,7.0289286718671,1.0398899144852711
0.09852215775638645,0.9863676391119963,0.0,9.319851885231753e-06,0.23222675262682685,0.052528091442154604,0.9216059599348322,7.029642038386206,1.0434277145745932
0.09182574529707116,0.9881924167220459,0.0,9.04116908141384e-06,0.23155345240023517,0.05254422393830954,0.9232228845649795,7.030705064439979,1.046917401434319
0.08560628471735965,0.9897850993845363,0.0,8.780635618973029e-06,0.23074610690199787,0.052519160462424753,0.9247396421275171,7.032082554618766,1.050354833404934
0.07982686122304472,0.9911749770616919,0.0,8.537349867263575e-06,0.2297671042007734,0.05244251696777883,0.9261552753947335,7.033741639029098,1.0537364185701752
0.07445387114006957,0.9923875137513668,0.0,8.31046541746081e-06,0.22859119246723653,0.05230756273734097,0.927469151736876,7.035651726479005,1.057059082102445
0.06945664414526481,0.9934448944164901,0.0,8.099185217162244e-06,0.22720274779553978,0.05211039202248695,0.9286810499518167,7.037784438836713,1.060320230572063
0.06480712421425222,0.994366480896555,0.0,7.90275659270921e-06,0.22559366040716328,0.05184927735617251,0.9297912345468816,7.040113530663277,1.0635177150739623
0.060479597161573306,0.9951691950743927,0.0,7.720467011015545e-06,0.2237616822790453,0.051524161839057774,0.9308005165993392,7.0426147978140285,1.0666497944316295
0.05645045571278723,0.9958678431938199,0.0,7.551640458655208e-06,0.22170912364346523,0.05113625869306356,0.9317103003669878,7.0452659782622185,1.0697150993205249
0.0526979952239186,0.9964753920537849,0.0,7.395634337047452e-06,0.2194418164369581,0.05068773427341484,0.9325226149848793,7.048046647949879,1.072712597857983
0.04920223473635238,0.9970032054706559,0.0,7.251836789796517e-06,0.21696828428048787,0.05018145648116912,0.9332401308440774,7.0509381140365885,1.075641562997374
0.04594475921089347,0.9974612476555406,0.0,7.119664392368553e-06,0.2142990739066556,0.04962079475781338,0.9338661605781796,7.053923307510018,1.0785015419161212
0.042908579646616485,0.9978582588310567,0.0,6.998560145924358e-06,0.21144621403132122,0.04900946100232895,0.9344046449569685,7.0569866767512694,1.0812923274827941
0.040078008441778556,0.99820190739667,0.0,6.887991726744941e-06,0.20842277577065763,0.04835138312687178,0.9348601243777956,7.060114083317332,1.0840139318156197
0.03743854785297168,0.998498922163031,0.0,6.787449950662825e-06,0.20524251469210247,0.047650604769039095,0.9352376970287934,7.0632927009136415,1.0866665618947473
0.03497678979514868,0.998755207556322,0.0,6.696447418543045e-06,0.20191957905204783,0.046911206055654533,0.9355429651504361,7.066510918280973,1.08925059715713
0.03268032552776068,0.9989759442021898,0.0,6.614517314383998e-06,0.1984682721290361,0.046137241372638346,0.9357819711233392,7.069758246510253,1.091766568981417
0.03053766401164565,0.9991656769052213,0.0,6.541212332222696e-06,0.19490285910264374,0.045332690916299614,0.935961125344728,7.073025231123438,1.0942151419574673
0.028538157912547546,0.9993283917217884,0.0,6.47610371188876e-06,0.1912374108661795,0.044501423441078825,0.9360871280129748,7.076303369114505,1.0965970968285157
0.02667193638131976,0.9994675835648629,0.0,6.418780366884411e-06,0.1874856786489869,0.043647168120311136,0.9361668870136759,7.079585031028401,1.0989133149918957
0.024929843866278778,0.9995863155664447,0.0,6.368848090378917e-06,0.1836609944738133,0.04277349383209993,0.9362074340919289,7.082863388063491,1.1011647644451796
0.023303384316053777,0.9996872712470569,0.0,6.325928827581309e-06,0.17977619336942519,0.04188379449610233,0.9362158414086583,7.086132344111467,1.1033524870676794
0.021784670216358493,0.9997728003949069,0.0,6.289660004666378e-06,0.17584355396020107,0.04098127933727354,0.9361991404231208,7.089386472594336,1.1054775871317513
0.02036637597505364,0.9998449594341896,0.0,6.259693906034337e-06,0.1718747546090592,0.04006896715338487,0.936164244831296,7.0926209579183235,1.1075412209437145
0.019041695229450983,0.999905546958048,0.0,6.23569709303377e-06,0.1678808427326361,0.039149683825125764,0.9361178790349458,7.095831541336624,1.10954458752006
0.01780430170022529,0.9999561350135375,0.0,6.217349858410819e-06,0.16387221526426232,0.0382260624390586,0.9360665133337902,7.099014470994721,1.1114889202107112
0.016648313259273517,0.9999980966506575,0.0,6.204345711699491e-06,0.15985860853093342,0.037300545500977444,0.9360163067383489,7.102166455921599,1.1133754791872206
0.01556825891570518,1.000032630183014,0.0,6.196390891566959e-06,0.15584909605007574,0.03637538880526846,0.9359730580073057,7.105284623725883,1.1152055447197717
0.01457536354747413,1.0000607805521062,0.0,6.19320389035644e-06,0.1518520449433567,0.03545265541397745,0.9359421821676832,7.108366506626868,1.1169804254405404
0.013646334777778324,1.0000834581391949,0.0,6.194515130313982e-06,0.14787523236267003,0.03453424664437425,0.9359286429257209,7.111409951462671,1.1187014212120103
0.012776265842840084,1.0001014553270116,0.0,6.200066400786742e-06,0.14392580197103372,0.033621895436146354,0.9359369474521158,7.114413116064203,1.1203698357887562
0.011961446030663625,1.0001154610772827,0.0,6.209610453892234e-06,0.1400102794455455,0.0327171731766521,0.9359711320898574,7.117374440804001,1.1219869733568875
0.011198394414862811,1.0001260737583377,0.0,6.222910618419387e-06,0.13613459381628315,0.031821497565481506,0.9360347546752509,7.120292621217292,1.1235541346944502
0.010483846074238579,1.000133812429345,0.0,6.239740426239265e-06,0.13230410102559356,0.030936140682725793,0.9361308938102473,7.123166583003942,1.1250726137925187
0.00981473908545727,1.0001391267633686,0.0,6.259883250396617e-06,0.12852360914534963,0.030062237143205314,0.9362621543725191,7.125995459223312,1.1265436948926257
0.009188202251775524,1.0001424057700663,0.0,6.283131954198115e-06,0.12479740476460169,0.029200792240173724,0.9364306784992789,7.1287785695054735,1.127968649900152
0.00860154353176934,1.000143985460012,0.0,6.3092885507317e-06,0.12112928012681017,0.028352690000059265,0.9366381612596232,7.131515401113864,1.1293487361369199
0.00805223913311326,1.000144155576044,0.0,6.338163872347979e-06,0.11752256065549278,0.027518701085123668,0.9368858702339404,7.1342055917057445,1.1306851943995866
0.00753792323760083,1.0001431655023836,0.0,6.369577249712749e-06,0.11398013256046446,0.0266994904939299,0.9371746682431372,7.1368489136478654,1.1319792472934656
0.0070563783247798995,1.0001412294493661,0.0,6.403356200102571e-06,0.11050447026448619,0.025895625020553203,0.9375050385107627,7.139445259755353,1.133232097814182
0.00660552606279019,1.0001385310001671,0.0,6.4393361246653135e-06,0.1070976634326794,0.025107580442831037,0.9378771115932427,7.141994630331896,1.1344449281521238
0.006183418736220192,1.000135227095843,0.0,6.477360014407033e-06,0.1037614434248792,0.02433574841786569,0.9382906934736652,7.144497121398869,1.1356188986969409
0.005788231182032755,1.0001314515260462,0.0,6.517278164697287e-06,0.10049720902468545,0.0235804430696712,0.938745294279484,7.1469529140100185,1.1367551472214712
0.005418253205841328,1.000127317984888,0.0,6.5589478981084625e-06,0.09730605132860819,0.022841907259464042,0.939240157151322,7.149362264556748,1.137854788226374
0.0050718824520396,1.0001229227444297,0.0,6.602233295422401e-06,0.09418877770480157,0.022120318533783937,0.9397742868564787,7.151725495976871,1.1389189124285097
0.004747617702489326,1.000118346992104,0.0,6.647004934650462e-06,0.09114593475367992,0.021415794749520514,0.9403464778049477,7.154042989787001,1.139948586377682
0.004444052579661628,1.0001136588728945,0.0,6.693139637922324e-06,0.08817783022256698,0.02072839937812665,0.9409553411863895,7.156315178865505,1.1409448521878083
0.004159869631264801,1.0001089152722693,0.0,6.740520226104792e-06,0.08528455384365087,0.020058146493910863,0.9415993310026739,7.158542540919145,1.141908727369899
0.0038938347745390844,1.0001041633715932,0.0,6.7890352810155914e-06,0.08246599707922643,0.01940500545340249,0.9422767688216732,7.160725592572351,1.1428412047554077
0.003644792079475101,1.000099442003957,0.0,6.838578915098937e-06,0.07972187177068138,0.018768905274448768,0.9429858671236888,7.162864884023301,1.1437432524996203
0.003411658871273704,1.0000947828350257,0.0,6.889050548430085e-06,0.07705172769820229,0.018149738724992048,0.9437247511521241,7.164960994215869,1.1446158141557137
0.0031934211333943807,1.000090211390565,0.0,6.940354692915484e-06,0.07445496906691708,0.017547366132441684,0.9444914792149415,7.167014526480983,1.145459808811024
0.0029891291935106867,1.0000857479496852,0.0,6.99240074355386e-06,0.07193086994236965,0.01696161892525426,0.9452840614132114,7.169026104604981,1.146276131277884
0.0027978936756404282,1.0000814083205651,0.0,7.0451027766217565e-06,0.06947858866400514,0.016392302918797133,0.946100476798119,7.170996369286337,1.1470656523321086
0.0026188817026329136,1.0000772045133677,0.0,7.098379354645064e-06,0.06709718126992492,0.015839201357842926,0.9469386889784369,7.17292597494552,1.1478292189929045
0.0024513133340446913,1.0000731453232912,0.0,7.152153338015893e-06,0.06478561396966313,0.015302077728149701,0.9477966602171829,7.174815586855889,1.1485676548385702
0.0022944582252858448,1.0000692368351043,0.0,7.206351703112068e-06,0.0625427747043341,0.014780678349554238,0.9486723640693636,7.176665878566382,1.1492817603529237
0.0021476324946912984,1.000065482859143,0.0,7.260905366774486e-06,0.060367483835269325,0.01427473476286862,0.9495637966228021,7.178477529589363,1.1499723132978847
0.0020101957859376407,1.0000618853075085,0.0,7.3157490169958245e-06,0.05825850400338309,0.013783965922642319,0.9504689864114628,7.1802512233293525,1.1506400691081102
0.0018815485139398458,1.000058444518134,0.0,7.370820949672503e-06,0.05621454920201499,0.013308080207553093,0.9513860030757936,7.181987645230569,1.1512857613039862
0.001761129283041063,1.0000551595334464,0.0,7.4260629112705395e-06,0.05423429310604869,0.012846777259833402,0.9523129648478019,7.183687481123141,1.1519101019196623
0.0016484124669619016,1.0000520283395042,0.0,7.481419947255039e-06,0.05231637669973617,0.01239974966474033,0.9532480449401133,7.1853514157496825,1.1525137819431615
0.0015429059405887013,1.0000490480707662,0.0,7.536840256132369e-06,0.050459415244953995,0.011966684480648127,0.9541894769184983,7.186980131455551,1.1530974717658975
0.0014441489542554864,1.0000462151850014,0.0,7.592275048953833e-06,0.04866200463066038,0.011547264629887134,0.9551355591364896,7.188574307027601,1.1536618216392263
0.001351710141739737,1.0000435256122882,0.0,7.647678414129681e-06,0.04692272714312404,0.01114117015998899,0.9560846583089877,7.190134616667617,1.1542074621359109
0.0012651856536991524,1.0000409748815386,0.0,7.703007187402648e-06,0.0452401566951704,0.010748079384523448,0.9570352122993768,7.191661729087827,1.1547350046146045
0.0011841974087809515,1.0000385582275721,0.0,7.758220826830911e-06,0.04361286355119917,0.01036766991223749,0.9579857321917679,7.193156306717054,1.1552450416856797
0.001108391455092117,1.0000362706813577,0.0,7.813281292631294e-06,0.04203941858317687,0.009999619572735227,0.958934803716731,7.1946190050070635,1.155738147676909
0.001037436435168737,1.0000341071457217,0.0,7.868152931734865e-06,0.0405183970911904,0.009643607246475266,0.9598810880953703,7.196050471829632,1.1562148790976865
0.0009710221479882764,1.0000320624585206,0.0,7.922802366908464e-06,0.039048382220490195,0.009299313606403573,0.960823322362919,7.1974513469556705,1.1566757751006314
0.0009088582019682878,1.0000301314450188,0.0,7.977198390297574e-06,0.03762796800529926,0.00896642177810311,0.9617603192292863,7.198822261608563,1.1571213579395534
0.0008506727532570091,1.0000283089609878,0.0,8.031311861247856e-06,0.03625576206799701,0.008644617924911424,0.9626909665302366,7.200163838084539,1.1575521334228953
0.0007962113239765589,1.0000265899278498,0.0,8.085115608264784e-06,0.034930388000661505,0.008333591764046421,0.9636142263191377,7.201476689433584,1.1579685913618758
0.0007452356953997485,1.0000249693610048,0.0,8.138584334973296e-06,0.03365048745435281,0.008033037019387177,0.9645291336455916,7.202761419194939,1.1583712060126685
0.0006975228713556048,1.0000234423923438,0.0,8.191694529941705e-06,0.03241472195995214,0.007742651816179735,0.9654347950636888,7.204018621181811,1.1587604365120394
0.0006528641074461383,1.0000220042878036,0.0,8.244424380236894e-06,0.031221774502875582,0.007462139022577599,0.966330386909242,7.205248879310378,1.1591367273059539
0.0006110640019281188,1.000020650460724,0.0,8.296753688580496e-06,0.030070350872518976,0.007191206542587557,0.9672151533820615,7.2064527674686145,1.1595005085707466
0.0005719396443779612,1.0000193764816365,0.0,8.348663793978628e-06,0.02895918080589755,0.0069295675646667675,0.9680884044662473,7.207630849420888,1.1598521966265003
0.0005353198184866459,1.0000181780850663,0.0,8.400137495700695e-06,0.02788701894361497,0.0066769407699138784,0.9689495137184971,7.2087836787446244,1.1601921943423634
0.0005010442555726247,1.0000170511738096,0.0,8.451158980485797e-06,0.02685264561502977,0.0064330505035064475,0.969797915951671,7.209911798795679,1.160520891533571
0.00046896293559994806,1.000015991821121,0.0,8.501713752858302e-06,0.025854867468270086,0.006197626912769686,0.9706331048382266,7.211015742699366,1.1608386653499987
0.00043893543270223656,1.0000149962711582,0.0,8.551788568437244e-06,0.02489251795962838,0.0059704060550038185,0.9714546304556914,7.21209603336436,1.1611458806561186
0.0004108303023890869,1.000014060937996,0.0,8.601371370127398e-06,0.023964457715772693,0.0057511299779610565,0.9722620967940523,7.213153183516962,1.1614428904022556
0.00038452450779746794,1.0000131824034735,0.0,8.650451227082893e-06,0.02306957478120842,0.005539546775638478,0.9730551592428152,7.214187695753416,1.161730035987103
0.00035990288250942193,1.0000123574141047,0.0,8.699018276337486e-06,0.02220678476246403,0.0053354106218461775,0.9738335220735141,7.215200062608215,1.1620076476114582
0.0003368576276198132,1.0000115828772365,0.0,8.747063666998698e-06,0.02137503087958953,0.00513848178381289,0.9745969359316138,7.2161907666364975,1.1622760446231895
0.00031528784087431205,1.0000108558566299,0.0,8.794579506906106e-06,0.020573283934705443,0.004948526617911767,0.9753451953500651,7.2171602805088195,1.1625355358534606
0.000295099075846017,1.000010173567591,0.0,8.841558811657257e-06,0.01980054220657456,0.004765317549418224,0.9760781362952201,7.218109067116757,1.1627864199442581
0.0002762029292368018,1.0000095333717847,0.0,8.887995455907637e-06,0.019055831279417942,0.004588633038056096,0.9767956337543786,7.219037579687911,1.1630289856672962
0.00025851665451981365,1.000008932771817,0.0,8.933884126854253e-06,0.01833820381353643,0.004418257530940552,0.9774975993729289,7.219946261909069,1.1632635122343786
0.000241962800243134,1.0000083694056756,0.0,8.97922027981527e-06,0.017646739264650546,0.00425398140439188,0.9781839791478542,7.220835548056332,1.1634902695993212
0.00022646887142618866,1.0000078410411006,0.0,9.024000095821185e-06,0.01698054355828682,0.004095600895968171,0.9788547511832808,7.221705863131191,1.1637095187515467
0.00021196701258274775,1.0000073455699363,0.0,9.0682204411358e-06,0.016338748724998124,0.003942918027948578,0.979509923512747,7.222557623001592,1.1639215120014723
0.0001983937109844014,1.0000068810025196,0.0,9.111878828628192e-06,0.015720512501687857,0.0037957405233905017,0.9801495319919837,7.223391234547147,1.1641264932578246
0.00018568951888620067,1.0000064454621325,0.0,9.154973380919547e-06,0.015125017903850846,0.003653881715785951,0.9807736382651744,7.224207095807711,1.1643246982970228
0.00017379879349477267,1.0000060371795647,0.0,9.197502795231509e-06,0.014551472773098088,0.003517160453248583,0.9813823278069359,7.225005596134637,1.1645163550247757
0.00016266945355591922,1.000005654487797,0.0,9.239466309865303e-06,0.013999109303942492,0.0033854009980800685,0.9819757080416013,7.225787116344092,1.1647016837300403
0.00015225275149766127,1.0000052958168322,0.0,9.280863672243496e-06,0.01346718355344527,0.003258432922483836,0.9825539065407991,7.2265520288718585,1.1648808973315068
0.00014250306013730007,1.0000049596886884,0.0,9.321695108448732e-06,0.012954974936982645,0.003136091001124334,0.9831170692998015,7.227300697929128,1.1650542016167604
0.0001333776730255698,1.0000046447125615,0.0,9.361961294196309e-06,0.012461785713083436,0.003018215101162714,0.9836653590926444,7.228033479658839,1.1652217954742896
0.0001248366175516935,1.0000043495801696,0.0,9.401663327179729e-06,0.0119869404599897,0.0029046500703385353,0.9841989539056254,7.2287507222921406,1.1653838711184952
0.0001168424800025436,1.000004073061276,0.0,9.440802700730772e-06,0.011529785546340057,0.0027952456236111506,0.9847180454484098,7.229452766304644,1.165540614307876
0.00010936024180707715,1.0000038139994047,0.0,9.479381278737837e-06,0.011089688598113122,0.0026898562288239555,0.9852228377416825,7.230139944572121,1.1656922045565468
0.00010235712625183968,1.000003571307738,0.0,9.517401271768453e-06,0.010666037963764405,0.0025883409918056096,0.9857135457799929,7.230812582525378,1.1658388153392578
9.580245500329099e-05,1.0000033439652,0.0,9.554865214344025e-06,0.010258242179270783,0.002490563541280701,0.9861903942682343,7.231470998304049,1.1659806142900806
8.966751380479199e-05,1.0000031310127269,0.0,9.59177594331687e-06,0.009865729434610535,0.0023963919139215802,0.9866536164299765,7.232115502909088,1.1661177633949238
8.392542676693981e-05,1.0000029315497108,0.0,9.628136577301599e-06,0.009487947043044509,0.002305698439837552,0.9871034528857333,7.232746400353768,1.1662504191780363
7.855103869702784e-05,1.0000027447306263,0.0,9.663950497114827e-06,0.009124360914391928,0.00221835962876348,0.9875401505990931,7.233363987813001,1.1663787328826671
7.352080496081381e-05,1.0000025697618231,0.0,9.699221327178967e-06,0.008774455033365127,0.002134256057180796,0.9879639618885498,7.23396855577086,1.1665028506460342
6.881268838676569e-05,1.0000024058984853,0.0,9.73395291784776e-06,0.008437730943886706,0.0020532722565747277,0.9883751435027737,7.2345603881661456,1.1666229136687591
6.440606276969518e-05,1.0000022524417496,0.0,9.76814932861279e-06,0.008113707240198983,0.0019752966030074674,0.9887739557570114,7.2351397625358995,1.1667390583789263
6.0281622547897484e-05,1.0000021087359816,0.0,9.80181481215201e-06,0.007801919065462241,0.0019002212081637958,0.9891606617282618,7.235706950156782,1.1668514165909154
5.642129826122222e-05,1.0000019741661947,0.0,9.834953799182802e-06,0.007501917618448071,0.001827941812003929,0.9895355265068355,7.236262216184216,1.1669601156591534
5.28081774170408e-05,1.0000018481556125,0.0,9.86757088408369e-06,0.007213269668835551,0.0017583576771406277,0.989898816501918,7.2368058197892475,1.1670652786269422
4.942643042404882e-05,1.0000017301633681,0.0,9.899670811250343e-06,0.006935557081540224,0.0016913714850389193,0.990250798798742,7.237338014293058,1.1671670243704928
4.6261241262612884e-05,1.0000016196823325,0.0,9.931258462152829e-06,0.006668376350436683,0.0016268892341224214,0.9905917405649969,7.2378590472991,1.1672654677383176
4.329874259578759e-05,1.0000015162370626,0.0,9.962338843062582e-06,0.006411338141763385,0.0015648201398553146,0.9909219085041332,7.238369160822821,1.1673607196861113
4.0525955031456284e-05,1.000001419381874,0.0,9.992917073418793e-06,0.006164066847439496,0.0015050765368559158,0.9912415683532467,7.2388685914189415,1.1674528874072587
3.7930730271473756e-05,1.0000013286990173,0.0,1.0022998374805184e-05,0.005926200148476172,0.0014475737830871738,0.9915509844232728,7.239357570306283,1.1675420744591003
3.550169790333957e-05,1.0000012437969656,0.0,1.0052588060509492e-05,0.005697388588603962,0.001392230166158217,0.9918504191792803,7.239836323490145,1.1676283808850831
3.322821559326172e-05,1.0000011643088018,0.0,1.0081691525638966e-05,0.005477295158210025,0.0013389668117612984,0.9921401328586853,7.240305071882215,1.1677119033329215
3.110032247122252e-05,1.000001089890698,0.0,1.0110314237766479e-05,0.00526559488862428,0.0012877075942616936,0.9924203831252963,7.240764031418018,1.167792735168894
2.9108695497659376e-05,1.0000010202204888,0.0,1.0138461728082845e-05,0.005061974456770896,0.0012383790494484579,0.9926914247571335,7.241213413171932,1.1678709665883893
2.7244608624577005e-05,1.0000009549963285,0.0,1.0166139583032065e-05,0.004866131800166117,0.0011909102894484616,0.9929535093660558,7.241653423469765,1.1679466847228235
2.549989457101276e-05,1.000000893935427,0.0,1.019335343640709e-05,0.0046777757422151005,0.001145232919799853,0.9932068851472842,7.2420842639989145,1.168019973743036
2.3866909045322515e-05,1.000000836772865,0.0,1.0220108961884793e-05,0.0044966256277365994,0.0011012809586755882,0.9934517966569796,7.242506131916143,1.1680909149592795
2.233849725741255e-05,1.0000007832604783,0.0,1.0246411865979716e-05,0.00432241096862436,0.0010589907582430275,0.9936884846161131,7.242919219952984,1.1681595869179056
2.0907962576588446e-05,1.0000007331658114,0.0,1.0272267881396985e-05,0.004154871099537504,0.0010183009281408582,0.9939171857389273,7.243323716518806,1.1682260654948546
1.9569037194355765e-05,1.000000686271134,0.0,1.029768276076571e-05,0.003993754843487261,0.0009791522610521622,0.9941381325843676,7.243719805801571,1.168290423986049
1.8315854666162146e-05,1.000000642372517,0.0,1.032266227073502e-05,0.003838820187185586,0.0009414876603476719,0.9943515534289276,7.244107667866309,1.1683527331947847
1.7142924210844512e-05,1.0000006012789688,0.0,1.0347212186415513e-05,0.003689833965996713,0.0009052520697715848,0.9945576721594221,7.244487478751362,1.1684130615162258
1.6045106656981112e-05,1.0000005628116193,0.0,1.0371338286149918e-05,0.003546571558332566,0.0008703924051392366,0.9947567081842846,7.244859410562399,1.168471475019084
1.5017591926458351e-05,1.0000005268029593,0.0,1.0395046346597128e-05,0.0034088165893189915,0.0008368574880142452,0.994948876362028,7.245223631564281,1.168528037524579
1.405587796288188e-05,1.0000004930961224,0.0,1.0418342138114834e-05,0.0032763606435493656,0.0008045979813308679,0.9951343869456089,7.24558030627077,1.168582810682767
1.3155751006910243e-05,1.0000004615442157,0.0,1.044123142042636e-05,0.0031490029867471264,0.0007735663269253876,0.9953134455414648,7.245929595532159,1.1686358540463222
1.2313267135910522e-05,1.0000004320096902,0.0,1.0463719938558035e-05,0.0030265502961405316,0.0007437166849394525,0.9954862530820916,7.246271656620828,1.1686872251418485
1.152473498389206e-05,1.000000404363748,0.0,1.0485813419034075e-05,0.002908816399357996,0.0007150048750580078,0.9956530058110629,7.246606643314793,1.1687369795388092
1.0786699570775049e-05,1.0000003784857914,0.0,1.0507517566316491e-05,0.002795622021650658,0.0006873883195422309,0.9958138952794708,7.246934705979273,1.168785170916148
1.0095927164166518e-05,1.0000003542629032,0.0,1.0528838059478078e-05,0.002686794541236163,0.0006608259880177239,0.9959691083528208,7.247255991646305,1.1688318511266718
9.449391111804317e-06,1.0000003315893584,0.0,1.0549780549097093e-05,0.0025821677525722855,0.0006352783439795865,0.9961188272274596,7.247570644092482,1.1688770702592777
8.84425858105331e-06,1.0000003103661712,0.0,1.0570350654362748e-05,0.0024815816373528476,0.0006107072929723394,0.9962632294556919,7.247878803914809,1.1689208766990884
8.277878147722184e-06,1.0000002905006646,0.0,1.0590553960381119e-05,0.0023848821430330815,0.0005870761324052094,0.9964024879787647,7.248180608604754,1.1689633171855627
7.747768179466874e-06,1.0000002719060725,0.0,1.0610396015671526e-05,0.0022919209686777554,0.0005643495029632037,0.9965367711669744,7.2484761926205055,1.1690044368686552
7.251605962044216e-06,1.0000002545011626,0.0,1.0629882329843914e-05,0.0022025553579410415,0.0005424933415720205,0.9966662428661788,7.2487656874575,1.1690442793630773
6.787217523562816e-06,1.0000002382098854,0.0,1.0649018371448147e-05,0.002116647898978056,0.0005214748358781385,0.996791062450056,7.249049221717242,1.1690828868007375
6.352568109768697e-06,1.0000002229610438,0.0,1.0667809565986617e-05,0.0020340663310935182,0.0005012623802038009,0.9969113848774873,7.249326921174457,1.1691202998814025
5.945753267622145e-06,1.000000208687987,0.0,1.0686261294081845e-05,0.0019546833579367658,0.00048182553293723207,0.9970273607544866,7.249598908842619,1.1691565579216556
5.564990502859857e-06,1.000000195328317,0.0,1.0704378889791243e-05,0.0018783764670564553,0.00046313497531941424,0.9971391364001356,7.2498653050379,1.1691916989021955
5.208611468354718e-06,1.0000001828236227,0.0,1.0722167639061475e-05,0.0018050277556205876,0.0004451624715885137,0.9972468539160235,7.250126227441551,1.169225759513536
4.875054655961719e-06,1.0000001711192226,0.0,1.0739632778315247e-05,0.0017345237621286657,0.00042788083044445913,0.9973506512587276,7.250381791160786,1.1692587752001593
4.562858554213456e-06,1.0000001601639281,0.0,1.0756779493163674e-05,0.0016667553039276944,0.0004112638677951047,0.9974506623148928,7.25063210878817,1.1692907802031736
4.270655244775767e-06,1.0000001499098208,0.0,1.0773612917237673e-05,0.001601617320361473,0.0003952863707486591,0.9975470169785247,7.250877290459581,1.1693218076015228
3.997164408242604e-06,1.0000001403120449,0.0,1.0790138131132116e-05,0.001539008721372831,0.00037992406281475623,0.9976398412301084,7.251117443910749,1.1693518893517996
3.741187715622374e-06,1.0000001313286109,0.0,1.080636016145684e-05,0.0014788322413976998,0.0003651535702790805,0.9977292572172225,7.251352674532431,1.1693810563267057
3.501603577871215e-06,1.0000001229202131,0.0,1.0822283979988793e-05,0.001420994298379977,0.00035095238971719197,0.9978153833363299,7.251583085424236,1.1694093383522055
3.277362230047487e-06,1.0000001150500586,0.0,1.0837914502919868e-05,0.0013654048577440986,0.0003372988566121616,0.9978983343154523,7.251808777447155,1.1694367642434174
3.067481133989247e-06,1.0000001076837064,0.0,1.0853256590195337e-05,0.0013119773011728147,0.00032417211504388605,0.997978221297464,7.252029849274803,1.1694633618392798
2.871040671204028e-06,1.000000100788918,0.0,1.0868315044937854e-05,0.001260628300028906,0.00031155208841625185,0.9980551519237642,7.252246397443419,1.1694891580360438
2.687180115090726e-06,1.0000000943355158,0.0,1.0883094612952429e-05,0.0012112776932759438,0.0002994194511909869,0.9981292304180961,7.252458516400661,1.1695141788196177
2.5150938587348293e-06,1.0000000882952529,0.0,1.0897599982307786e-05,0.0011638483697468897,0.0002877556015959174,0.998200557670321,7.25266629855321,1.1695384492968124
2.3540278858424912e-06,1.0000000826416888,0.0,1.0911835782989911e-05,0.001118266154622103,0.0002765426352785024,0.9982692313199522,7.2528698343132225,1.1695619937255202
2.203276466272719e-06,1.0000000773500735,0.0,1.0925806586623678e-05,0.001074459699973133,0.00026576331987336133,0.998335345839284,7.253069212143661,1.169584835543862
2.062179064177272e-06,1.0000000723972404,0.0,1.0939516906258695e-05,0.0010323603792395178,0.0002554010704560834,0.9983989926159698,7.253264518602523,1.16960699739834
1.930117443427193e-06,1.0000000677615057,0.0,1.0952971196215625e-05,0.0009919021855079348,0.0002454399258537206,0.9984602600349042,7.253455838386009,1.169628501171029
1.8065129600008945e-06,1.0000000634225723,0.0,1.0966173851989531e-05,0.0009530216334638127,0.00023586452578616603,0.9985192335592913,7.253643254370642,1.1696493680058344
1.6908240247914819e-06,1.0000000593614413,0.0,1.0979129210206809e-05,0.0009156576648909499,0.00022666008880916277,0.9985759958107895,7.2538268476543735,1.1696696183338542
1.5825437321703717e-06,1.0000000555603306,0.0,1.0991841548632562e-05,0.0008797515576006876,0.00021781239103534512,0.9986306266486326,7.2540066975967035,1.1696892718978724
1.481197638097953e-06,1.0000000520025942,0.0,1.1004315086225367e-05,0.0008452468376740473,0.00020930774560629214,0.9986832032476476,7.2541828818578304,1.16970834777601
1.3863416815640406e-06,1.000000048672653,0.0,1.10165539832365e-05,0.0008120891948969287,0.00020113298289132359,0.9987338001750841,7.254355476436864,1.16972686440457
1.297560238477935e-06,1.000000045555924,0.0,1.1028562341350897e-05,0.0007802264012875832,0.00019327543138901362,0.9987824894661965,7.254524555709121,1.1697448396000936
1.2144643016798184e-06,1.0000000426387572,0.0,1.1040344203867214e-05,0.0007496082326039401,0.00018572289930867411,0.998829340698521,7.254690192462531,1.1697622905806635
1.136689774972055e-06,1.0000000399083773,0.0,1.1051903555914459e-05,0.0007201863927257593,0.00017846365680787872,0.9988744210647973,7.254852457933163,1.1697792339864723
1.063895879394039e-06,1.000000037352825,0.0,1.1063244324702858e-05,0.0006919144408179621,0.0001714864188657123,0.9989177954444907,7.255011421839916,1.1697956858996856
9.957636583068918e-07,1.0000000349609084,0.0,1.1074370379806668e-05,0.0006647477211695237,0.00016478032876842807,0.998959526473892,7.255167152418372,1.1698116618636227
9.319945816210762e-07,1.0000000327221503,0.0,1.1085285533476779e-05,0.0006386432956222328,0.00015833494218903707,0.9989996746147518,7.255319716453849,1.1698271769012742
8.723092362883378e-07,1.000000030626745,0.0,1.1095993540981084e-05,0.0006135598784914979,0.000152140211838805,0.9990382982214412,7.255469179313671,1.169842245533188
8.16446102946955e-07,1.0000000286655144,0.0,1.1106498100970644e-05,0.0005894577738944258,0.0001461864726720072,0.9990754536066146,7.255615604978662,1.169856881794733
7.641604095054433e-07,1.0000000268298672,0.0,1.1116802855869814e-05,0.0005662988154004995,0.00014046442762546312,0.9991111951053687,7.2557590560739085,1.169871099252772
7.152230594442699e-07,1.0000000251117631,0.0,1.1126911392288575e-05,0.0005440463079189918,0.0001349651338735068,0.9991455751378867,7.255899593898781,1.169884911021759
6.69419626619927e-07,1.0000000235036761,0.0,1.1136827241455395e-05,0.0005226649717462797,0.00012967998958176457,0.9991786442705681,7.256037278456261,1.16989832977928
6.265494174595432e-07,1.0000000219985616,0.0,1.1146553879669043e-05,0.0005021208886975903,0.0001246007211415795,0.9992104512756459,7.2561721684815605,1.169911367781059
5.864245897768683e-07,1.000000020589827,0.0,1.1156094728767832e-05,0.0004823814502389343,0.00011971937086905954,0.9992410431892926,7.256304321470086,1.169924036875446
5.488693315403026e-07,1.0000000192713001,0.0,1.1165453156614887e-05,0.0004634153075636959,0.00011502828515243648,0.9992704653682264,7.256433793704735,1.1699363485174028
5.137190887127829e-07,1.0000000180372055,0.0,1.1174632477598096e-05,0.0004451923235254864,0.00011052010303221472,0.9992987615448273,7.256560640282553,1.1699483137820081
4.808198460493074e-07,1.0000000168821368,0.0,1.118363595314338e-05,0.0004276835263747492,0.00010618774519872238,0.999325973880774,7.256684915140769,1.1699599433774932
4.500274506380464e-07,1.0000000158010334,0.0,1.1192466792240177e-05,0.0004108610652268476,0.00010202440339276931,0.9993521430192208,7.256806671082232,1.169971247657829
4.2120698151570934e-07,1.00000001478916,0.0,1.1201128151977899e-05,0.00039469816719862796,9.802353019501119e-05,0.9993773081355283,7.2569259598002365,1.1699822366348769
3.942321576966279e-07,1.0000000138420828,0.0,1.1209623138092296e-05,0.0003791690961571373,9.417882919096382e-05,0.9994015069865678,7.257042831902785,1.1699929199901173
3.6898478494862275e-07,1.0000000129556532,0.0,1.1217954805520695e-05,0.00036424911301557224,9.048424549691907e-05,0.9994247759586233,7.257157336936283,1.1700033070859766
3.453542388731634e-07,1.0000000121259873,0.0,1.1226126158965137e-05,0.0003499144375276233,8.693395663594145e-05,0.9994471501139071,7.257269523408682,1.1700134069767545
3.232369785166611e-07,1.0000000113494507,0.0,1.1234140153462462e-05,0.0003361422115164738,8.352236375031106e-05,0.9994686632357173,7.257379438812092,1.1700232284191827
3.0253609428765316e-07,1.000000010622641,0.0,1.1241999694960468e-05,0.00032291046349528126,8.024408313803718e-05,0.9994893478722586,7.257487129644866,1.1700327798826073
2.831608818532061e-07,1.0000000099423743,0.0,1.1249707640899357e-05,0.00031019807461916266,7.709393810384165e-05,0.9995092353791536,7.257592641433184,1.1700420695588254
2.650264466774743e-07,1.0000000093056698,0.0,1.1257266800797601e-05,0.00029798474592786055,7.406695111089926e-05,0.999528355960666,7.257696018752128,1.170051105371578
2.480533296544962e-07,1.000000008709738,0.0,1.126467993684157e-05,0.0002862509668241746,7.115833622426196e-05,0.9995467387096678,7.257797305246287,1.1700598949857126
2.3216716071861043e-07,1.0000000081519684,0.0,1.1271949764478162e-05,0.0002749779847482717,6.836349183541907e-05,0.9995644116463724,7.257896543649879,1.1700684458160304
2.1729833266093124e-07,1.0000000076299174,0.0,1.1279078953009812e-05,0.00026414777600097545,6.567799365673793e-05,0.9995814017558636,7.257993775806416,1.1700767650358237
2.0338169537392758e-07,1.0000000071412969,0.0,1.1286070126191234e-05,0.00025374301767379544,6.309758797739943e-05,0.9995977350244459,7.258089042687925,1.1700848595851205
1.9035627130126187e-07,1.000000006683967,0.0,1.1292925862827332e-05,0.00024374706064347797,6.0618185170444646e-05,0.9996134364748446,7.25818238441372,1.170092736178638
1.781649874299518e-07,1.0000000062559231,0.0,1.1299648697371691e-05,0.00023414390359683367,5.823585344247426e-05,0.9996285302002837,7.258273840268757,1.1701004013134635
1.6675442615632363e-07,1.0000000058552905,0.0,1.1306241120525174e-05,0.00022491816803820678,5.5946812816868577e-05,0.9996430393974702,7.258363448721566,1.1701078612764684
1.5607459036282023e-07,1.0000000054803135,0.0,1.1312705579834117e-05,0.00021605507425270093,5.374742934215952e-05,0.9996569863985053,7.25845124744178,1.1701151221514625
1.4607868481508746e-07,1.0000000051293494,0.0,1.1319044480287625e-05,0.00020754041818360578,5.163420951723933e-05,0.9996703927017633,7.258537273317265,1.1701221898261023
1.3672291121480384e-07,1.0000000048008606,0.0,1.132526018491363e-05,0.00019936054919194278,4.960379492583962e-05,0.9996832790017514,7.258621562470863,1.1701290699985558
1.2796627557598583e-07,1.0000000044934079,0.0,1.1331355015373194e-05,0.00019150234866336085,4.765295707238513e-05,0.9996956652179861,7.2587041502767615,1.17013576818394
1.197704100341923e-07,1.0000000042056434,0.0,1.1337331252552777e-05,0.00018395320943471842,4.577859241158334e-05,0.9997075705229118,7.258785071376483,1.1701422897205314
1.1209940242729033e-07,1.0000000039363075,0.0,1.134319113715406e-05,0.00017670101600368755,4.39777175655087e-05,0.9997190133688834,7.258864359694533,1.1701486397757623
1.0491964164138778e-07,1.0000000036842192,0.0,1.1348936870280992e-05,0.00016973412549836468,4.224746472048348e-05,0.9997300115142467,7.25894204845368,1.1701548233520076
9.81996686189035e-08,1.000000003448274,0.0,1.1354570614023805e-05,0.0001630413493733029,4.058507719741826e-05,0.999740582048535,7.259018170189905,1.1701608452921706
9.191003846886758e-08,1.000000003227439,0.0,1.136009449203963e-05,0.00015661193580632227,3.898790518945224e-05,0.9997507414168112,7.259092756767007,1.1701667102850761
8.602319268025127e-08,1.0000000030207457,0.0,1.1365510590129518e-05,0.00015043555277276114,3.745340166058349e-05,0.9997605054431806,7.259165839390892,1.1701724228706754
8.051333688641193e-08,1.0000000028272888,0.0,1.1370820956811568e-05,0.000144502271764609,3.597911839880194e-05,0.9997698893534986,7.259237448623538,1.1701779874450673
7.53563290656345e-08,1.0000000026462204,0.0,1.1376027603889964e-05,0.00013880255213877517,3.4562702219551197e-05,0.9997789077972923,7.259307614396647,1.1701834082653508
7.052957284869876e-08,1.0000000024767477,0.0,1.1381132507019686e-05,0.00013332722606230942,3.3201891311881895e-05,0.9997875748689309,7.259376366025005,1.1701886894543039
6.601191937516404e-08,1.0000000023181277,0.0,1.13861376062667e-05,0.00012806748404056538,3.1894511723839386e-05,0.9997959041280546,7.259443732219527,1.1701938350049015
6.178357359054587e-08,1.0000000021696658,0.0,1.1391044806663467e-05,0.00012301486099685873,3.0638473980526743e-05,0.9998039086192966,7.259509741100035,1.170198848784678
5.782600864812082e-08,1.000000002030711,0.0,1.1395855978759565e-05,0.00011816122289234681,2.9431769831504218e-05,0.9998116008913112,7.259574420207737,1.1702037345399356
5.412188375242266e-08,1.000000001900655,0.0,1.1400572959167306e-05,0.00011349875385692704,2.8272469120519316e-05,0.999818993015135,7.259637796517435,1.170208495899809
5.065496899714361e-08,1.0000000017789272,0.0,1.14051975511022e-05,0.00010901994381933011,2.715871677534058e-05,0.9998260966019021,7.25969989644947,1.1702131363801864
4.741007308961542e-08,1.000000001664995,0.0,1.1409731524918095e-05,0.00010471757661070693,2.6088729911576234e-05,0.9998329228199292,7.259760745881394,1.1702176593874976
4.437297873582935e-08,1.0000000015583588,0.0,1.141417661863698e-05,0.00010058471852989566,2.5060795046957557e-05,0.9998394824111981,7.259820370159399,1.170222068222368
4.1530377914433814e-08,1.0000000014585517,0.0,1.1418534538473204e-05,9.661470734663186e-05,2.4073265421779388e-05,0.9998457857072485,7.259878794109478,1.170226366083148
3.886981569944936e-08,1.0000000013651362,0.0,1.142280695935217e-05,9.28011417336218e-05,2.3124558421343147e-05,0.9998518426445038,7.259936042048358,1.1702305560693174
3.637963430502822e-08,1.0000000012777026,0.0,1.1426995525423272e-05,8.913787110080042e-05,2.2213153097358886e-05,0.9998576627790502,7.2599921377941845,1.1702346411847735
3.404892257030667e-08,1.000000001195868,0.0,1.1431101850567135e-05,8.561898582788328e-05,2.133758778318927e-05,0.9998632553008795,7.260047104676975,1.1702386243410074
3.1867467997770405e-08,1.000000001119275,0.0,1.143512751889698e-05,8.223880787141483e-05,2.0496457800977304e-05,0.9998686290476236,7.260100965548845,1.1702425083601653
2.982571278842272e-08,1.0000000010475858,0.0,1.1439074085254155e-05,7.899188173745826e-05,1.9688413256012545e-05,0.999873792517791,7.26015374279401,1.1702462959780078
2.7914710210019678e-08,1.000000000980488,0.0,1.1442943075697697e-05,7.587296579901091e-05,1.89121569157889e-05,0.9998787538835234,7.260205458338575,1.1702499898467664
2.612608729357646e-08,1.0000000009176873,0.0,1.1446735987987948e-05,7.287702395506216e-05,1.816644217002728e-05,0.9998835210028891,7.260256133660103,1.170253592537899
2.445200653067303e-08,1.000000000858908,0.0,1.1450454292064159e-05,6.999921761009819e-05,1.7450071069280144e-05,0.9998881014317306,7.260305789796981,1.1702571065447531
2.28851331218749e-08,1.0000000008038932,0.0,1.1454099430516066e-05,6.723489796345902e-05,1.6761892438164178e-05,0.9998925024350745,7.260354447357588,1.1702605342851349
2.141860111493088e-08,1.0000000007524013,0.0,1.145767281904941e-05,6.457959859939178e-05,1.6100800061580583e-05,0.9998967309981325,7.260402126529251,1.1702638781037897
2.0045985205108252e-08,1.0000000007042067,0.0,1.1461175846945411e-05,6.202902836299241e-05,1.546573094033017e-05,0.9999007938368916,7.260448847087026,1.1702671402747997
1.8761270537126506e-08,1.0000000006590988,0.0,1.1464609877514136e-05,5.957906451389784e-05,1.4855663613613421e-05,0.9999046974083186,7.2604946284022684,1.1702703230038949
1.755882816922849e-08,1.0000000006168794,0.0,1.1467976248541829e-05,5.722574614417742e-05,1.4269616546101196e-05,0.9999084479201891,7.260539489451043,1.1702734284306873
1.6433389982140056e-08,1.0000000005773637,0.0,1.1471276272732125e-05,5.496526785467347e-05,1.3706646577436605e-05,0.9999120513405526,7.26058344882233,1.1702764586308272
1.5380023810074306e-08,0.9999975864495421,0.0004,1.1474575946938312e-05,5.270906116790382e-05,1.3144662133297174e-05,0.9999156173923355,7.260627386200564,1.170279474630458
1.603558294216434e-05,0.9999929136265547,0.0008,1.1477867040174219e-05,5.04668835122693e-05,1.2586100727117271e-05,0.9999191438716417,7.260671139455333,1.1702824151431013
4.702846253440418e-05,0.9999861273480665,0.0012,1.1481141533749693e-05,4.824912784866025e-05,1.2033558461316306e-05,0.9999226273007166,7.260714550960296,1.1702852207084466
9.200993906971489e-05,0.9999773633493325,0.0016,1.1484391634386595e-05,4.606641378846702e-05,1.148968833105204e-05,0.9999260630136183,7.26075746784034,1.1702878337886926
0.0001500578784386919,0.9999667484654057,0.002,1.1487609786245775e-05,4.3929254192993754e-05,1.0957117313139045e-05,0.9999294452619141,7.2607997421888815,1.170290198850921
0.00022030830867242335,0.999954401193995,0.0024,1.1490788681881815e-05,4.1847787849413984e-05,1.0438379872086461e-05,0.9999327673392152,7.260841231256912,1.1702922624363326
0.00030195211027733704,0.9999404322201944,0.0028000000000000004,1.149392127214223e-05,3.983156971579076e-05,9.935865753876445e-06,0.9999360217218554,7.260881797615322,1.1702939732171533
0.0003942318827112601,0.9999249449060151,0.0032,1.1497000775025552e-05,3.788941106720343e-05,9.451780153901877e-06,0.9999392002220701,7.2609213092919624,1.1702952820419787
0.0004964389783124745,0.9999080357474114,0.0036,1.1500020683511698e-05,3.6029262649234315e-05,8.98811454449859e-06,0.9999422941495879,7.2609596398848515,1.170296141970298
0.0006079106953081337,0.9998897948012525,0.004,1.1502974772378013e-05,3.425813465176078e-05,8.546626628037934e-06,0.999945294477414,7.260996668652825,1.1702965082969126
0.0007280276218588067,0.9998703060844959,0.0044,1.1505857104014816e-05,3.2582047971307666e-05,8.128828048169841e-06,0.9999481920077239,7.261032280584934,1.1702963385669236
0.0008562111234202141,0.9998496479476137,0.0048,1.1508662033255382e-05,3.100601183808594e-05,7.735978638380057e-06,0.9999509775340968,7.261066366449772,1.1702955925819598
0.0009919209660264605,0.9998278934241692,0.005200000000000001,1.151138421123693e-05,2.9534023412704398e-05,7.3690861287549155e-06,0.999953641996744,7.261098822825936,1.170294232398263
0.0011346530684375744,0.9998051105582628,0.005600000000000001,1.1514018588310946e-05,2.8169085478151014e-05,7.028910351706305e-06,0.9999561766278718,7.2611295521146975,1.1702922223172427
0.001283937376402533,0.9997813627114401,0.006,1.1516560416023435e-05,2.6913238798359496e-05,6.715971101630119e-06,0.999958573084861,7.261158462536008,1.1702895288690833
0.0014393358526185174,0.9997567088505165,0.0064,1.1519005248187948e-05,2.5767606128011605e-05,6.430558906917849e-06,0.9999608235694615,7.2611854681088355,1.1702861207899569
0.0016004405762639062,0.9997312038176527,0.0068000000000000005,1.152134894107666e-05,2.4732445237260004e-05,6.172748061791474e-06,0.9999629209317161,7.261210488616859,1.170281968993379
0.0017668719462974325,0.9997048985839115,0.0072,1.152358765275733e-05,2.3807208661075436e-05,5.942411352795785e-06,0.9999648587578192,7.261233449560478,1.170277046536219
0.0019382769830000313,0.9996778404874219,0.0076,1.1525717841606253e-05,2.299060817793539e-05,5.739235987027656e-06,0.9999666314415311,7.261254282096055,1.170271328579855
0.002114327722519016,0.9996500734571908,0.008,1.1527736264029794e-05,2.228068231295197e-05,5.562740298810181e-06,0.9999682342391936,7.261272922963318,1.1702647923469416
0.00229471969945233,0.9996216382235187,0.0084,1.1529639971429299e-05,2.1674865402041216e-05,5.412290872347416e-06,0.9999696633086927,7.2612893144017585,1.1702574170742361
0.002479170512764972,0.9995925725158972,0.0088,1.1531426306446209e-05,2.1170056981278463e-05,5.287119771927462e-06,0.9999709157330343,7.261303404056888,1.1702491839619122
0.0026674184705871573,0.9995629112492042,0.0092,1.1533092898526151e-05,2.0762690464503947e-05,5.186341621270376e-06,0.9999719895294058,7.261315144877159,1.1702400761197664
0.0028592213096803043,0.999532686698941,0.0096,1.153463765884241e-05,2.04488002554195e-05,5.1089703176314795e-06,0.9999728836447979,7.261324495002324,1.170230078510704
0.0030543549855873153,0.9995019286662115,0.01,1.1536058774620615e-05,2.022408658771595e-05,5.053935203414039e-06,0.9999735979393896,7.261331417643999,1.170219177891871
0.0032526125296964414,0.9994706646330713,0.010400000000000001,1.1537354702907694e-05,2.008397754651645e-05,5.020096556094205e-06,0.9999741331589954,7.261335880959164,1.1702073627537781
0.003453802969665243,0.999438919908851,0.0108,1.153852416382902e-05,2.0023687826359218e-05,5.006260283762858e-06,0.99997449089793,7.261337857917298,1.170194623257755
0.0036577503098375597,0.9994067177679924,0.011200000000000002,1.1539566133378376e-05,2.003827391083065e-05,5.0111917451071204e-06,0.9999746735536691,7.261337326161834,1.1701809511720322
0.0038642925684779783,0.9993740795799119,0.0116,1.154047983578573e-05,2.0122685438677952e-05,5.0336286319329845e-06,0.9999746842746708,7.261334267866592,1.170166339806759
0.004073280868821583,0.999341024931358,0.012,1.1541264735507964e-05,2.027181261269001e-05,5.07229287662693e-06,0.9999745269027016,7.2613286695878205,1.170150783948223
0.004284578581107035,0.9993075717417077,0.0124,1.154192052888758e-05,2.0480529575471387e-05,5.125901562232614e-06,0.9999742059109445,7.261320522112452,1.1701342797925358
0.00449806051291024,0.9992737363715994,0.0128,1.1542447135523986e-05,2.074373373930639e-05,5.193176829662718e-06,0.9999737263391058,7.261309820303162,1.1701168248790312
0.004713612145255619,0.9992395337252921,0.013200000000000002,1.154284468940146e-05,2.1056381108453643e-05,5.272854788901011e-06,0.9999730937266513,7.261296562940792,1.1700984180235956
0.0049311289121078405,0.9992049773471013,0.013600000000000001,1.1543113529816944e-05,2.1413517668304402e-05,5.363693452430348e-06,0.9999723140452094,7.26128075256467,1.1700790592521504
0.0051505155209871645,0.9991700795122368,0.013999999999999999,1.154325419214988e-05,2.1810306971624263e-05,5.464479718017304e-06,0.9999713936310834,7.261262395311349,1.1700587497344785
0.0053716853125736486,0.9991348513123604,0.0144,1.154326739851507e-05,2.2242054053473077e-05,5.574035435361105e-06,0.9999703391187102,7.261241500752257,1.1700374917185803
0.00559455965727762,0.9990993027361449,0.0148,1.1543154048338036e-05,2.2704225854040783e-05,5.69122259781946e-06,0.9999691573757994,7.261218081730717,1.170015288465728
0.005819067386865051,0.9990634427451107,0.0152,1.1542915208890997e-05,2.319246833122477e-05,5.814947703858392e-06,0.9999678554407885,7.261192154198802,1.1699921441863705
0.006045144259326951,0.9990272793449894,0.015600000000000001,1.1542552105825734e-05,2.370262046220837e-05,5.944165337320328e-06,0.9999664404631433,7.2611637370544315,1.1699680639770338
0.006272732455285535,0.9989908196528584,0.016,1.1542066113737866e-05,2.4230725346271277e-05,6.077881018151211e-06,0.9999649196469417,7.261132851979127,1.1699430537583466
0.006501780104302413,0.9989540699602657,0.016399999999999998,1.154145874679523e-05,2.477303861792116e-05,6.215153374916426e-06,0.9999633001980859,7.261099523276792,1.1699171202143046
0.006732240839560921,0.9989170357925611,0.0168,1.1540731649460956e-05,2.5326034388010175e-05,6.355095694018935e-06,0.9999615892754047,7.261063777713893,1.169890270732884
0.0069640733794549825,0.9988797219646299,0.0172,1.153988658733991e-05,2.5886408928819195e-05,6.496876897937015e-06,0.9999597939458236,7.261025644361362,1.169862513348094
0.0071972411347011045,0.9988421326332216,0.0176,1.1538925438174991e-05,2.6451082310247046e-05,6.639722005916187e-06,0.9999579211437168,7.260985154438547,1.1698338566835582
0.007431711839660682,0.9988042713460453,0.018000000000000002,1.1537850183017824e-05,2.7017198201104782e-05,6.782912127668206e-06,0.9999559776344862,7.2609423411595015,1.1698043098976891
0.007667457206617712,0.9987661410878084,0.0184,1.153666289759602e-05,2.7582122027940468e-05,6.925784041658805e-06,0.9999539699823485,7.260897239581886,1.1697738826305297
0.00790445260182615,0.9987277443233511,0.0188,1.1535365743897315e-05,2.8143437691257537e-05,7.067729405539385e-06,0.9999519045222784,7.260849886458738,1.1697425849523067
0.008142676742198596,0.9986890830380343,0.0192,1.1533960961988702e-05,2.8698943016187425e-05,7.208193644178508e-06,0.9999497873359946,7.260800320093345,1.1697104273137504
0.008382111411554372,0.9986501587755173,0.0196,1.1532450862086503e-05,2.9246644117159103e-05,7.34667456084885e-06,0.9999476242318476,7.2607485801974265,1.169677420498207
0.008622741195411232,0.9986109726730733,0.02,1.1530837816891518e-05,2.9784748836135554e-05,7.482720711032473e-06,0.9999454207284387,7.26069470775283,1.1696435755755852
0.00886455323333607,0.9985740666860903,0.02,1.1529141152732017e-05,3.0145724925008616e-05,7.574104711565935e-06,0.9999432305599794,7.260639299000138,1.1696092472456856
0.00909176171460302,0.9985392926959258,0.02,1.152737440847966e-05,3.034229946878163e-05,7.624026957832566e-06,0.9999410637237596,7.26058264959504,1.1695745609505306
0.009305348815420111,0.9985065126762384,0.02,1.1525549812694122e-05,3.0388095121753364e-05,7.635917679417228e-06,0.9999389291593308,7.26052502820513,1.1695396302539807
0.009506226371832682,0.9984755980039863,0.02,1.1523678390504123e-05,3.0297126350089718e-05,7.613309000857518e-06,0.9999368347803104,7.260466678581166,1.1695045577923577
0.009695241137099408,0.998446428815333,0.02,1.1521770063421172e-05,3.0083414255983713e-05,7.559736997519287e-06,0.9999347875148912,7.260407821480126,1.1694694361520248
0.009873179629118378,0.9984188934039412,0.02,1.1519833742296913e-05,2.9760697379457607e-05,7.478668066951001e-06,0.9999327933530143,7.2603486564503354,1.1694343486796568
0.010040772601759451,0.9983928876592185,0.02,1.1517877413682413e-05,2.9342219797145075e-05,7.37344491309611e-06,0.9999308573984015,7.260289363488224,1.1693993702304433
0.010198699170911762,0.9983683145421341,0.02,1.1515908219880415e-05,2.8840581138286014e-05,7.247248258136345e-06,0.9999289839238887,7.260230104575657,1.1693645678590372
0.010347590623327518,0.998345083596346,0.02,1.151393253300315e-05,2.8267635859156946e-05,7.103071081656907e-06,0.9999271764287206,7.2601710251061276,1.169330001457649
0.010488033933867935,0.9983231104924458,0.02,1.1511956023360432e-05,2.7634431395847823e-05,6.943702754635603e-06,0.9999254376966704,7.2601122552075426,1.1692957243453423
0.01062057501454644,0.9983023166032616,0.02,1.1509983722507757e-05,2.6951176696615178e-05,6.7717209135381826e-06,0.9999237698540494,7.260053910968829,1.169261783812244
0.010745721716735712,0.9982826286082235,0.02,1.1508020081283445e-05,2.6227234212757077e-05,6.5894893140257136e-06,0.9999221744268366,7.259996095577039,1.1692282216221002
0.010863946606114172,0.998263978124932,0.02,1.1506069023158618e-05,2.5471129713059305e-05,6.399160231376091e-06,0.9999206523963109,7.259938900371227,1.1691950744763213
0.010975689528251176,0.998246301366148,0.02,1.1504133993215458e-05,2.4690575374445092e-05,6.2026802496237396e-06,0.9999192042526992,7.259882405818912,1.1691623744424235
0.011081359981252148,0.9982295388205322,0.02,1.1502218003058228e-05,2.3892502479380337e-05,6.001798504392747e-06,0.9999178300464864,7.259826682420546,1.1691301493495483
0.01118133931051879,0.9982136349555537,0.02,1.1500323671948903e-05,2.3083100790922072e-05,5.79807663218126e-06,0.9999165294371096,7.259771791547041,1.1690984231535226
0.01127598273944097,0.9981985379410856,0.02,1.1498453264445368e-05,2.2267862272864515e-05,5.592899831595327e-06,0.9999153017388613,7.259717786215059,1.1690672162737514
0.011365621248710656,0.9981841993922861,0.02,1.149660872480575e-05,2.1451627321089736e-05,5.387488568200268e-06,0.999914145963898,7.259664711804435,1.1690365459040395
0.011450563315920703,0.9981705741304611,0.02,1.1494791708407353e-05,2.063863207721914e-05,5.182910557786281e-06,0.9999130608622963,7.259612606721842,1.1690064262992983
0.01153109652616685,0.9981576199606724,0.02,1.149300361041387e-05,1.9832555720797243e-05,4.9800927474092635e-06,0.9999120449591666,7.2595615030144565,1.1689768690399354
0.011607489063522769,0.9981452974649518,0.02,1.1491245591909699e-05,1.9036566907959973e-05,4.7798330812048265e-06,0.9999110965888576,7.259511426937198,1.1689478832755924
0.011679991092461539,0.9981335698100319,0.02,1.148951860370569e-05,1.8253368745649496e-05,4.582811894278266e-06,0.999910213926326,7.259462399476826,1.1689194759497743
0.011748836037586752,0.9981224025685999,0.02,1.148782340800666e-05,1.748524185444817e-05,4.38960282204589e-06,0.9999093950157689,7.259414436835954,1.1688916520067938
0.01181424176937279,0.9981117635531245,0.02,1.1486160598117561e-05,1.673408522069375e-05,4.200683147983746e-06,0.9999086377966302,7.259367550879854,1.168864414582354
0.011876411703014567,0.9981016226613862,0.02,1.1484530616352318e-05,1.600145464831517e-05,4.016443541335167e-06,0.9999079401271114,7.259321749548704,1.1688377651789936
0.011935535816926468,0.9980919517328843,0.02,1.1482933770297109e-05,1.5288598706831853e-05,3.837197158097923e-06,0.999907299805319,7.259277037237745,1.1688117038275214
0.011991791596930756,0.9980827244153659,0.02,1.1481370247568368e-05,1.4596492134190029e-05,3.663188096566299e-06,0.999906714588197,7.259233415147679,1.168786229235497
0.012045344911696454,0.9980739160407588,0.02,1.1479840129194916e-05,1.3925866718660898e-05,3.4945992114131854e-06,0.9999061822083805,7.259190881607423,1.168761338923721
0.012096350824573276,0.9980655035098462,0.02,1.1478343401743404e-05,1.327723970888958e-05,3.331559300008907e-06,0.9999057003891245,7.259149432371242,1.1687370293516481
0.012144954346560266,0.9980574651850715,0.02,1.1476879968296824e-05,1.2650939836285412e-05,3.17414968351666e-06,0.9999052668574373,7.259109060892106,1.1687132960325386
0.012191291134789672,0.9980497807908888,0.02,1.1475449658386798e-05,1.204713105944997e-05,3.0224102082391206e-06,0.9999048793555716,7.259069758573004,1.1686901336391433
0.012235488140571626,0.9980424313211345,0.02,1.1474052236972307e-05,1.1465834141308055e-05,2.876344698384288e-06,0.9999045356509946,7.259031514997821,1.168667536100617
0.012277664210738726,0.9980353989529149,0.02,1.147268741254968e-05,1.0906946191149337e-05,2.7359258918624137e-06,0.9999042335449755,7.258994318143287,1.1686454966913442
0.012317930645739716,0.9980286669665513,0.02,1.1471354844471663e-05,1.0370258301096438e-05,2.6010998932142493e-06,0.9999039708799055,7.258958154573375,1.1686240081122756
0.012356391717678272,0.9980222196711491,0.02,1.1470054149546767e-05,9.85547141024517e-06,2.4717901768276805e-06,0.9999037455454749,7.258923009617454,1.168603062565358
0.012393145151246066,0.9980160423353969,0.02,1.1468784907984107e-05,9.362210522476252e-06,2.3479011738891973e-06,0.9999035554838043,7.258888867533395,1.168582651821575
0.01242828257027856,0.9980101211232149,0.02,1.1467546668743258e-05,8.890037414702363e-06,2.2293214763314037e-06,0.9999033986936465,7.25885571165676,1.1685627672830998
0.012461889912457114,0.9980044430339161,0.02,1.1466338954343597e-05,8.438461949888758e-06,2.1159266879561506e-06,0.9999032732337436,7.258823524537099,1.1685434000400028
0.012494047814491482,0.9979989958465522,0.02,1.1465161265182834e-05,8.006952118840927e-06,2.0075819535540545e-06,0.999903177225432,7.258792288062338,1.1685245409219394
0.012524831969941197,0.9979937680681509,0.02,1.1464013083410078e-05,7.594942919041711e-06,1.9041441941900362e-06,0.9999031088545808,7.258761983572155,1.1685061805452075
0.012554313461674849,0.9979887488855659,0.02,1.1462893876394825e-05,7.201844176766333e-06,1.8054640756093895e-06,0.9999030663729327,7.258732591961166,1.1684883093555345
0.012582559070815735,0.9979839281206814,0.02,1.1461803099829566e-05,6.827047410629399e-06,1.711387733594876e-06,0.999903048098921,7.258704093772713,1.168470917666922
0.012609631563884116,0.9979792961887336,0.02,1.1460740200500422e-05,6.469931829735981e-06,1.6217582815731152e-06,0.9999030524180282,7.258676469283976,1.168453995696871
0.01263558995972286,0.9979748440595272,0.02,1.1459704618757044e-05,6.129869549042696e-06,1.5364171203647854e-06,0.9999030777827393,7.258649698583059,1.1684375335982562
0.012660489777670592,0.9979705632213401,0.02,1.145869579071035e-05,5.806230101534904e-06,1.4552050700016755e-06,0.9999031227121471,7.258623761638698,1.1684215214881315
0.01268438326834026,0.9979664456473258,0.02,1.1457713150183942e-05,5.49838432081437e-06,1.3779633439171536e-06,0.9999031857912579,7.258598638363144,1.1684059494736951
0.012707319628263658,0.9979624837642361,0.02,1.1456756130442906e-05,5.20570765827138e-06,1.304534379218799e-06,0.9999032656700347,7.25857430866878,1.1683908076756586
0.012729345199564202,0.9979586704232981,0.02,1.1455824165721304e-05,4.9275829964397005e-06,1.234762541337679e-06,0.9999033610622281,7.2585507525189445,1.1683760862492143
0.012750503655737044,0.9979549988730956,0.02,1.1454916692567995e-05,4.663403014560058e-06,1.1684947148749274e-06,0.9999034707440192,7.258527949973443,1.1683617754028057
0.012770836174536115,0.9979514627343063,0.02,1.1454033151028378e-05,4.412572156423122e-06,1.1055807951031703e-06,0.9999035935525139,7.258505881229166,1.1683478654148771
0.012790381598897171,0.9979480559761736,0.02,1.1453172985678262e-05,4.174508242966963e-06,1.045874089913935e-06,0.999903728384114,7.2584845266562015,1.1683343466487655
0.012809176586749793,0.9979447728945767,0.02,1.145233564652435e-05,3.948643778615225e-06,9.892316442235242e-07,0.9999038741927893,7.2584638668298345,1.1683212095658944
0.01282725575051713,0.9979416080916,0.02,1.145152058978471e-05,3.734426979071703e-06,9.355144956543291e-07,0.9999040299882751,7.258443882558743,1.1683084447374092
0.012844651787040584,0.9979385564564851,0.02,1.14507272785612e-05,3.5313225632676584e-06,8.845878694596483e-07,0.9999041948342142,7.258424554909726,1.1682960428543796
0.012861395598611547,0.9979356131478726,0.02,1.1449955183414774e-05,3.3388123322110742e-06,8.363213213530193e-07,0.9999043678462634,7.258405865229249,1.1682839947367014
0.012877516405741918,0.9979327735772443,0.02,1.1449203782853571e-05,3.1563955663617383e-06,7.905888342422612e-07,0.9999045481901703,7.258387795162084,1.1682722913408
0.012893041852265252,0.9979300333934744,0.02,1.1448472563742752e-05,2.9835892672544528e-06,7.472688756041254e-07,0.9999047350798497,7.258370326667273,1.1682609237662425
0.012907998103308227,0.9979273884684202,0.02,1.1447761021644215e-05,2.8199282591826423e-06,7.062444205303069e-07,0.999904927775454,7.258353442031678,1.168249883261356
0.012922409936640677,0.9979248348834759,0.02,1.1447068661093533e-05,2.6649651748790796e-06,6.674029457070258e-07,0.9999051255814629,7.258337123881306,1.168239161227936
0.012936300827870229,0.9979223689170169,0.02,1.1446394995820806e-05,2.518270344412782e-06,6.30636398262097e-07,0.9999053278447884,7.258321355190613,1.1682287492251284
0.012949693029915554,0.9979199870326825,0.02,1.1445739548921414e-05,2.3794315951090428e-06,5.958411436962773e-07,0.9999055339529104,7.258306119289979,1.168218638972561
0.012962607647166613,0.9979176858684288,0.02,1.1445101852982182e-05,2.2480539836076735e-06,5.629178964697008e-07,0.9999057433320477,7.25829139987151,1.1682088223527893
0.012975064704696393,0.9979154622263045,0.02,1.1444481450167837e-05,2.1237594694347762e-06,5.317716354114906e-07,0.9999059554453658,7.25827718099333,1.1681992914131274
0.01298708321287867,0.997913313062896,0.02,1.1443877892272231e-05,2.0061865395230394e-06,5.023115075962915e-07,0.9999061697912281,7.2582634470825065,1.1681900383669144
0.012998681227729236,0.9979112354803962,0.02,1.1443290740738383e-05,1.8949897924803506e-06,4.7445072270019305e-07,0.9999063859014985,7.2582501829367345,1.1681810555942755
0.01300987590727315,0.9979092267182537,0.02,1.1442719566650923e-05,1.7898394963391498e-06,4.481064394813131e-07,0.9999066033398879,7.258237373724916,1.1681723356424276
0.013020683564210378,0.9979072841453634,0.02,1.144216395070426e-05,1.6904211185167863e-06,4.2319964641514886e-07,0.9999068217003544,7.25822500498673,1.1681638712255713
0.01303111971513865,0.9979054052527588,0.02,1.144162348314944e-05,1.5964348411886403e-06,3.996550387944876e-07,0.9999070406055592,7.258213062631304,1.1681556552244143
0.01304119912657703,0.9979035876467737,0.02,1.1441097763722271e-05,1.5075950634599441e-06,3.774008921229581e-07,0.999907259705371,7.258201532935096,1.1681476806853648
0.01305093585800321,0.9979018290426389,0.02,1.144058640155527e-05,1.4236298970309274e-06,3.5636893439219304e-07,0.9999074786754315,7.2581904025390385,1.1681399408194284
0.013060343302118693,0.9979001272584869,0.02,1.1440089015075429e-05,1.344280658848571e-06,3.3649421745822255e-07,0.9999076972157697,7.258179658445074,1.168132429000843
0.013069434222527154,0.9978984802097338,0.02,1.143960523188985e-05,1.2693013633100842e-06,3.177149884754863e-07,0.9999079150494745,7.258169288012105,1.1681251387654799
0.0130782207890065,0.9978968859038151,0.02,1.143913468866098e-05,1.1984582172907957e-06,2.999725625180266e-07,0.9999081319214194,7.258159278951469,1.1681180638090403
0.013086714610539119,0.9978953424352481,0.02,1.1438677030972935e-05,1.1315291231418399e-06,2.8321119615748e-07,0.9999083475970425,7.258149619321974,1.1681111979850682
0.013094926766252901,0.9978938479810048,0.02,1.1438231913190444e-05,1.0683031852155644e-06,2.6737796389806665e-07,0.9999085618611776,7.258140297524554,1.168104535302811
0.013102867834414889,0.997892400796165,0.02,1.1437798998311555e-05,1.0085802311521076e-06,2.52422636079139e-07,0.9999087745169376,7.2581313022966185,1.1680980699249361
0.013110547919611582,0.9978909992098428,0.02,1.14373779578153e-05,9.521703380635331e-07,2.3829756026514116e-07,0.9999089853846488,7.258122622706109,1.1680917961651365
0.013117976678236332,0.9978896416213534,0.02,1.1436968471505295e-05,8.988933764842713e-07,2.2495754545812964e-07,0.9999091943008318,7.258114248145334,1.1680857084856313
0.013125163342400548,0.997888326496621,0.02,1.1436570227350173e-05,8.485785610986093e-07,2.1235974917393257e-07,0.9999094011172355,7.258106168324605,1.168079801494584
0.013132116742373023,0.9978870523647965,0.02,1.1436182921321674e-05,8.010640199925217e-07,2.004635689572328e-07,0.9999096056999109,7.258098373265724,1.1680740699434506
0.013138845327646642,0.9978858178150789,0.02,1.143580625723105e-05,7.561963759348454e-07,1.892305360959854e-07,0.9999098079283357,7.258090853295339,1.168068508724271
0.01314535718672416,0.9978846214937278,0.02,1.1435439946564483e-05,7.138303404121283e-07,1.7862421440861063e-07,0.9999100076945785,7.258083599038212,1.1680631128669157
0.013151660065709336,0.997883462101249,0.02,1.1435083708318016e-05,6.738283249977972e-07,1.686101012124118e-07,0.999910204902507,7.258076601410411,1.1680578775362975
0.013157761385780564,0.9978823383897485,0.02,1.1434737268832532e-05,6.360600642044362e-07,1.5915553327988557e-07,0.9999103994670347,7.258069851612465,1.168052798029562
0.01316366825962284,0.9978812491604354,0.02,1.1434400361629165e-05,6.00402256008289e-07,1.5022959600118082e-07,0.9999105913134084,7.258063341122498,1.1680478697732586
0.013169387506886676,0.9978801932612741,0.02,1.1434072727245603e-05,5.667382147847057e-07,1.4180303549913805e-07,0.9999107803765325,7.2580570616893585,1.1680430883205097
0.01317492566873596,0.9978791695847671,0.02,1.1433754113073528e-05,5.349575382817434e-07,1.338481757613084e-07,0.9999109666003273,7.258051005325764,1.1680384493481744
0.013180289021546998,0.9978781770658669,0.02,1.143344427319754e-05,5.049557902675499e-07,1.2633883819696695e-07,0.9999111499371237,7.258045164301479,1.168033948654024
0.01318548358980931,0.997877214680002,0.02,1.1433142968235802e-05,4.766341956970025e-07,1.1925026493321756e-07,0.9999113303470895,7.258039531136542,1.1680295821539255
0.013190515158288896,0.9978762814412164,0.02,1.1432849965182631e-05,4.4989934975059125e-07,1.1255904594077067e-07,0.9999115077976877,7.258034098594543,1.1680253458790455
0.0131953892834899,0.9978753764004118,0.02,1.1432565037253194e-05,4.246629396768766e-07,1.0624304887123291e-07,0.9999116822631654,7.258028859675977,1.1680212359730746
0.013200111304468742,0.9978744986436837,0.02,1.14322879637305e-05,4.0084148054367504e-07,1.00281352575402e-07,0.9999118537240683,7.2580238076116785,1.168017248689481
0.013204686353038786,0.9978736472907529,0.02,1.1432018529814812e-05,3.7835606035688707e-07,9.465418353813999e-08,0.9999120221667865,7.258018935856333,1.168013380388789
0.013209119363403132,0.9978728214934773,0.02,1.1431756526475552e-05,3.571321018610359e-07,8.934285509639178e-08,0.9999121875831231,7.2580142380820964,1.1680096275358958
0.01321341508125573,0.9978720204344467,0.02,1.1431501750305869e-05,3.3709913089847044e-07,8.432971013625263e-08,0.9999123499698884,7.258009708172315,1.16800598669742
0.013217578072378777,0.9978712433256504,0.02,1.1431254003379857e-05,3.1819055999207456e-07,7.959806614350307e-08,0.9999125093285203,7.258005340215339,1.1680024545390926
0.013221612730772214,0.9978704894072157,0.02,1.1431013093112538e-05,3.003434790686878e-07,7.513216303726714e-08,0.9999126656647205,7.25800112849847,1.167999027823184
0.013225523286344965,0.997869757946212,0.02,1.1430778832122622e-05,2.834984595622583e-07,7.091711352461341e-08,0.999912818988121,7.257997067502004,1.167995703405977
0.013229313812190113,0.9978690482355168,0.02,1.1430551038098093e-05,2.675993666281565e-07,6.693885633375181e-08,0.9999129693119618,7.257993151893407,1.1679924782352809
0.013232988231475007,0.9978683595927396,0.02,1.1430329533664615e-05,2.525931809462266e-07,6.318411123021948e-08,0.9999131166527941,7.257989376521612,1.1679893493479907
0.013236550323967866,0.997867691359201,0.02,1.143011414625681e-05,2.3842983003368747e-07,5.964033679048082e-08,0.9999132610301981,7.257985736411433,1.1679863138676954
0.013240003732221284,0.9978670428989623,0.02,1.1429904707992341e-05,2.2506202814942728e-07,5.6295690212309685e-08,0.9999134024665203,7.257982226758106,1.1679833690023265
0.0132433519674367,0.9978664135979032,0.02,1.1429701055548874e-05,2.1244512442644432e-07,5.313898910075737e-08,0.999913540986625,7.257978842921966,1.167980512041864
0.013246598415028288,0.9978658028628468,0.02,1.1429503030043823e-05,2.005369578702147e-07,5.015967511938877e-08,0.9999136766176632,7.257975580423236,1.1679777403560778
0.013249746339900115,0.997865210120725,0.02,1.142931047691692e-05,1.892977222550874e-07,4.734778018062856e-08,0.9999138093888542,7.25797243493696,1.1679750513923284
0.013252798891459916,0.9978646348177855,0.02,1.142912324581556e-05,1.7868983618960627e-07,4.469389352187346e-08,0.9999139393312833,7.257969402288049,1.1679724426734075
0.013255759108381282,0.9978640764188371,0.02,1.1428941190482872e-05,1.686778198911124e-07,4.218913140855687e-08,0.9999140664777094,7.257966478446463,1.1679699117954339
0.013258629923128984,0.9978635344065292,0.02,1.1428764168648534e-05,1.5922818056331444e-07,3.982510768344859e-08,0.999914190862388,7.2579636595225105,1.1679674564257903
0.01326141416626292,0.9978630082806671,0.02,1.1428592041922223e-05,1.5030930143718825e-07,3.7593906276551164e-08,0.9999143125209058,7.257960941762288,1.1679650743011158
0.013264114570532393,0.9978624975575583,0.02,1.1428424675689745e-05,1.4189133773399946e-07,3.548805531061153e-08,0.999914431490021,7.257958321543226,1.1679627632253395
0.013266733774772832,0.9978620017693881,0.02,1.1428261939011717e-05,1.339461197923068e-07,3.350050239682911e-08,0.999914547807523,7.257955795369767,1.1679605210677644
0.013269274327615765,0.9978615204636241,0.02,1.1428103704524814e-05,1.2644705901733357e-07,3.162459107143261e-08,0.9999146615120942,7.257953359869168,1.167958345761199
0.013271738691025048,0.9978610532024493,0.02,1.1427949848345538e-05,1.1936905951355752e-07,2.985403914024426e-08,0.9999147726431845,7.2579510117874095,1.1679562353001338
0.013274129243664723,0.9978605995622178,0.02,1.1427800249976407e-05,1.1268843557234469e-07,2.818291734461342e-08,0.9999148812408942,7.257948747985237,1.1679541877389634
0.01327644828411323,0.997860159132936,0.02,1.142765479221457e-05,1.0638283309686355e-07,2.6605630129165935e-08,0.9999149873458644,7.257946565434309,1.1679522011902552
0.013278698033927283,0.9978597315177679,0.02,1.1427513361062806e-05,1.0043115406035963e-07,2.5116896584257353e-08,0.9999150909991752,7.257944461213456,1.1679502738230627
0.013280880640566595,0.9978593163325571,0.02,1.1427375845642778e-05,9.481348878386222e-08,2.3711733216262313e-08,0.9999151922422529,7.257942432505064,1.1679484038612797
0.013282998180188965,0.9978589132053766,0.02,1.1427242138110597e-05,8.95110459575376e-08,2.2385436835031435e-08,0.9999152911167813,7.25794047659155,1.1679465895820431
0.013285052660315766,0.9978585217760904,0.02,1.142711213357458e-05,8.450609378463518e-08,2.113356925162025e-08,0.9999153876646215,7.257938590851958,1.167944829314172
0.01328704602238312,0.9978581416959396,0.02,1.1426985730015166e-05,7.978189725174194e-08,1.9951942186791273e-08,0.999915481927737,7.2579367727586535,1.1679431214366538
0.013288980144179341,0.9978577726271416,0.02,1.1426862828206954e-05,7.53226634773256e-08,1.8836603462938698e-08,0.9999155739481249,7.25793501987412,1.1679414643771682
0.013290856842176901,0.9978574142425074,0.02,1.1426743331642785e-05,7.111349071071873e-08,1.7783823253473275e-08,0.9999156637677513,7.25793332984786,1.1679398566106511
0.013292677873762204,0.9978570662250759,0.02,1.1426627146459878e-05,6.714031474938369e-08,1.679008225943583e-08,0.9999157514284935,7.257931700413386,1.1679382966579002
0.013294444939372596,0.997856728267761,0.02,1.142651418136789e-05,6.338986416378883e-08,1.5852059367821494e-08,0.9999158369720862,7.257930129385317,1.1679367830842167
0.013296159684540398,0.9978564000730127,0.02,1.1426404347578918e-05,5.984961545330909e-08,1.4966620588885577e-08,0.999915920440071,7.257928614656558,1.1679353144980855
0.013297823701853229,0.997856081352495,0.02,1.142629755873937e-05,5.650775073062157e-08,1.4130808637129237e-08,0.9999160018737516,7.257927154195577,1.1679338895498936
0.013299438532830221,0.9978557718267729,0.02,1.1426193730863661e-05,5.3353117387006246e-08,1.3341832952617789e-08,0.9999160813141531,7.257925746043762,1.1679325069306805
0.013301005669723698,0.9978554712250128,0.02,1.1426092782269694e-05,5.037519185189225e-08,1.2597060194307263e-08,0.9999161588019826,7.25792438831288,1.1679311653709294
0.013302526557244676,0.9978551792846951,0.02,1.1425994633516054e-05,4.756404289499617e-08,1.1894005535940621e-08,0.9999162343775962,7.2579230791825955,1.1679298636393878
0.01330400259422021,0.9978548957513382,0.02,1.1425899207340922e-05,4.491029933629111e-08,1.1230324124498053e-08,0.9999163080809671,7.2579218168980955,1.1679286005419245
0.013305435135182453,0.9978546203782318,0.02,1.1425806428602627e-05,4.2405117404219835e-08,1.0603803261796583e-08,0.9999163799516584,7.2579205997677745,1.1679273749204184
0.013306825491895935,0.9978543529261805,0.02,1.14257162242218e-05,4.004015245994948e-08,1.0012355202976981e-08,0.9999164500287959,7.257919426161005,1.1679261856516792
0.013308174934822503,0.9978540931632586,0.02,1.1425628523125073e-05,3.780752913143704e-08,9.45400946148219e-09,0.9999165183510476,7.257918294505983,1.1679250316463992
0.013309484694531248,0.9978538408645716,0.02,1.1425543256190353e-05,3.569981605313152e-08,8.926906823577772e-09,0.9999165849566019,7.257917203287642,1.1679239118481362
0.013310755963051313,0.9978535958120294,0.02,1.142546035619352e-05,3.371000032529459e-08,8.429292860715655e-09,0.9999166498831503,7.257916151045636,1.167922825232324
0.013311989895173126,0.9978533577941245,0.02,1.1425379757756603e-05,3.1831463929384615e-08,7.95951188540264e-09,0.9999167131678716,7.257915136372403,1.1679217708053153
0.01331318760970096,0.9978531266057218,0.02,1.1425301397297363e-05,3.005796194577434e-08,7.516001540060004e-09,0.9999167748474169,7.257914157911274,1.1679207476034486
0.013314350190655078,0.9978529020478524,0.02,1.1425225212980223e-05,2.8383600727358444e-08,7.097287429306271e-09,0.9999168349578997,7.257913214354665,1.1679197546921436
0.01331547868843197,0.9978526839275187,0.02,1.142515114466855e-05,2.6802818723257882e-08,6.701978210580493e-09,0.9999168935348834,7.257912304442324,1.1679187911650264
0.013316574120917968,0.9978524720575027,0.02,1.1425079133878227e-05,2.5310366724187028e-08,6.328760915820896e-09,0.9999169506133752,7.257911426959631,1.1679178561430767
0.013317637474563881,0.9978522662561845,0.02,1.1425009123732484e-05,2.3901291481990143e-08,5.976396358448627e-09,0.9999170062278155,7.257910580735973,1.1679169487738004
0.013318669705417452,0.9978520663473633,0.02,1.1424941058917965e-05,2.2570919019489032e-08,5.643715290100174e-09,0.9999170604120753,7.2579097646431565,1.1679160682304293
0.013319671740120387,0.9978518721600883,0.02,1.1424874885641987e-05,2.1314837753424418e-08,5.329614210592122e-09,0.99991711319945,7.257908977593891,1.167915213711142
0.01332064447686715,0.9978516835284954,0.02,1.1424810551590944e-05,2.0128883876852617e-08,5.033051641195142e-09,0.9999171646226568,7.257908218540314,1.1679143844383104
0.013321588786329941,0.9978515002916449,0.02,1.1424748005889885e-05,1.9009128392326414e-08,4.753044777573139e-09,0.9999172147138324,7.257907486472577,1.1679135796577655
0.013322505512550264,0.9978513222933714,0.02,1.1424687199063151e-05,1.7951863100891e-08,4.488666011669031e-09,0.9999172635045301,7.2579067804174695,1.1679127986380888
0.013323395473798239,0.9978511493821323,0.02,1.1424628082996109e-05,1.6953588268760797e-08,4.239039949021377e-09,0.9999173110257236,7.2579060994371005,1.167912040669922
0.013324259463401877,0.9978509814108679,0.02,1.1424570610897909e-05,1.6011000954050078e-08,4.003340482922417e-09,0.9999173573078025,7.257905442627627,1.1679113050652974
0.013325098250546563,0.9978508182368601,0.02,1.1424514737265279e-05,1.5120983558204517e-08,3.780787799976185e-09,0.999917402380578,7.257904809118017,1.1679105911569925
0.013325912581046817,0.9978506597216007,0.02,1.1424460417847288e-05,1.4280594007959281e-08,3.5706460992729883e-09,0.9999174462732828,7.257904198068869,1.1679098982978977
0.013326703178090982,0.997850505730661,0.02,1.1424407609611075e-05,1.3487055607606493e-08,3.372220708416286e-09,0.9999174890145743,7.257903608671263,1.1679092258604082
0.01332747074295959,0.9978503561335679,0.02,1.1424356270708513e-05,1.2737746805414218e-08,3.1848561432814915e-09,0.9999175306325382,7.257903040145658,1.1679085732358319
0.013328215955720202,0.9978502108036813,0.02,1.1424306360443778e-05,1.2030194207608726e-08,3.0079336343905053e-09,0.9999175711546929,7.257902491740829,1.167907939833815
0.013328939475895973,0.997850069618079,0.02,1.1424257839241809e-05,1.1362062626470894e-08,2.840869278895041e-09,0.9999176106079926,7.257901962732835,1.1679073250817862
0.013329641943114257,0.9978499324574421,0.02,1.1424210668617623e-05,1.0731148502773002e-08,2.6831118499524884e-09,0.9999176490188342,7.257901452424035,1.1679067284244171
0.013330323977731373,0.9978497992059472,0.02,1.1424164811146461e-05,1.013537191139877e-08,2.534140992720225e-09,0.9999176864130614,7.257900960142126,1.167906149323098
0.013330986181436133,0.99784966975116,0.02,1.1424120230434762e-05,9.57276838942359e-09,2.3934657209242266e-09,0.9999177228159709,7.257900485239229,1.167905587255431
0.013331629137833645,0.9978495439839319,0.02,1.1424076891091909e-05,9.041485186194644e-09,2.2606225838653707e-09,0.9999177582523181,7.2579000270909955,1.1679050417147383
0.01333225341300981,0.9978494217983024,0.02,1.1424034758702773e-05,8.539772794571819e-09,2.135173974310187e-09,0.9999177927463236,7.257899585095756,1.167904512209585
0.01333285955607516,0.9978493030914021,0.02,1.1423993799800966e-05,8.065979917341252e-09,2.016706852182884e-09,0.999917826321681,7.257899158673689,1.167903998263315
0.013333448099694,0.9978491877633601,0.02,1.1423953981842866e-05,7.618547987989587e-09,1.9048314936853036e-09,0.9999178590015625,7.257898747266034,1.1679034994136044
0.013334019560591936,0.9978490757172149,0.02,1.1423915273182325e-05,7.1960051733219185e-09,1.7991798914049958e-09,0.9999178908086265,7.257898350334315,1.1679030152120256
0.013334574440049929,0.9978489668588266,0.02,1.1423877643046058e-05,6.7969624396281775e-09,1.6994046209902184e-09,0.9999179217650245,7.257897967359609,1.1679025452236245
0.01333511322438008,0.9978488610967922,0.02,1.1423841061509747e-05,6.420108767661879e-09,1.6051777772568615e-09,0.9999179518924098,7.2578975978418265,1.1679020890265146
0.013335636385387706,0.9978487583423641,0.02,1.1423805499474735e-05,6.064206338874801e-09,1.5161899061785804e-09,0.999917981211944,7.257897241299032,1.1679016462114769
0.013336144380816095,0.9978486585093722,0.02,1.1423770928645402e-05,5.728087081980648e-09,1.4321486987357325e-09,0.9999180097443048,7.257896897266777,1.167901216381578
0.013336637654778216,0.997848561514146,0.02,1.1423737321507147e-05,5.410647173155727e-09,1.352778334404069e-09,0.9999180375096952,7.257896565297462,1.1679007991517973
0.01333711663817555,0.9978484672754406,0.02,1.1423704651304961e-05,5.1108456661240926e-09,1.2778185178235286e-09,0.9999180645278487,7.257896244959726,1.1679003941486645
0.013337581749099603,0.9978483757143652,0.02,1.1423672892022586e-05,4.82769950383652e-09,1.2070231710943518e-09,0.9999180908180405,7.2578959358378485,1.1679000010099099
0.013338033393224924,0.997848286754313,0.02,1.1423642018362256e-05,4.560280348381944e-09,1.1401603861424885e-09,0.9999181163990933,7.257895637531183,1.1678996193841251
0.013338471964187248,0.9978482003208936,0.02,1.1423612005724975e-05,4.307712400819513e-09,1.07701094558535e-09,0.9999181412893858,7.2578953496536025,1.167899248930434
0.013338897843949649,0.997848116341868,0.02,1.1423582830191348e-05,4.069167885341023e-09,1.0173680627613032e-09,0.9999181655068611,7.257895071832974,1.1678988893181728
0.013339311403156917,0.9978480347470845,0.02,1.1423554468502906e-05,3.843866275153102e-09,9.610364893503916e-10,0.999918189069035,7.257894803710643,1.1678985402265807
0.013339713001478903,0.9978479554684179,0.02,1.142352689804398e-05,3.6310702247768193e-09,9.078317552099101e-10,0.9999182119930031,7.257894544940945,1.1678982013445003
0.013340102987944302,0.9978478784397092,0.02,1.1423500096824052e-05,3.4300835404483214e-09,8.575798197439031e-10,0.9999182342954507,7.257894295190729,1.1678978723700868
0.013340481701261508,0.997847803596709,0.02,1.1423474043460563e-05,3.2402485607465256e-09,8.101162346208365e-10,0.9999182559926572,7.257894054138901,1.1678975530105262
0.013340849470130645,0.997847730877019,0.02,1.142344871716224e-05,3.0609452321447473e-09,7.652859933488052e-10,0.9999182771005085,7.257893821475982,1.1678972429817611
0.013341206613546042,0.9978476602200407,0.02,1.1423424097712834e-05,2.891587301936416e-09,7.229424888954005e-10,0.999918297634502,7.257893596903687,1.167896942008227
0.013341553441088616,0.9978475915669202,0.02,1.1423400165455323e-05,2.731621889894749e-09,6.829473392590622e-10,0.9999183176097549,7.257893380134514,1.1678966498225931
0.013341890253209143,0.997847524860499,0.02,1.1423376901276542e-05,2.5805262682490507e-09,6.451700899911078e-10,0.9999183370410126,7.257893170891352,1.1678963661655166
0.013342217341503426,0.9978474600452626,0.02,1.142335428659224e-05,2.4378079970795397e-09,6.094872792824812e-10,0.9999183559426559,7.257892968907098,1.167896090785398
0.013342534988977361,0.9978473970672944,0.02,1.1423332303332523e-05,2.3030003652506033e-09,5.757825298865217e-10,0.9999183743287098,7.257892773924294,1.1678958234381491
0.013342843470305954,0.997847335874227,0.02,1.142331093392772e-05,2.1756643745058548e-09,5.439458777553555e-10,0.9999183922128484,7.257892585694778,1.167895563886966
0.013343143052082618,0.9978472764151995,0.02,1.1423290161294628e-05,2.055384368058147e-09,5.138734788606168e-10,0.9999184096084065,7.257892403979335,1.167895311902107
0.01334343399306026,0.99784721864081,0.02,1.1423269968823119e-05,1.9417688669926804e-09,4.854673319328831e-10,0.9999184265283819,7.257892228547384,1.167895067260682
0.013343716544387485,0.9978471625030778,0.02,1.1423250340363122e-05,1.8344470287074772e-09,4.5863486665553764e-10,0.9999184429854475,7.2578920591766485,1.1678948297464442
0.013343990949834184,0.9978471079553972,0.02,1.1423231260211971e-05,1.7330701388213105e-09,4.332886384001301e-10,0.9999184589919554,7.257891895652865,1.1678945991495897
0.01334425744601353,0.9978470549525015,0.02,1.1423212713102082e-05,1.637307098703087e-09,4.0934621024612253e-10,0.999918474559945,7.257891737769484,1.1678943752665638
0.013344516262594863,0.9978470034504213,0.02,1.1423194684188986e-05,1.546846925114778e-09,3.867295245990149e-10,0.9999184897011502,7.257891585327391,1.1678941578998718
0.0133447676225103,0.997846953406449,0.02,1.1423177159039656e-05,1.4613946635963577e-09,3.653650630599792e-10,0.9999185044270062,7.257891438134636,1.1678939468578964
0.013345011742155688,0.9978469047790998,0.02,1.1423160123621187e-05,1.3806730602593889e-09,3.4518334447921676e-10,0.999918518748656,7.257891296006171,1.1678937419547224
0.013345248831585554,0.9978468575280787,0.02,1.1423143564289777e-05,1.3044191821026944e-09,3.261186459316591e-10,0.9999185326769569,7.257891158763597,1.1678935430099608
0.013345479094701018,0.9978468116142445,0.02,1.1423127467780003e-05,1.232385063526347e-09,3.0810896109779193e-10,0.999918546222488,7.257891026234923,1.1678933498485877
0.01334570272943325,0.9978467669995758,0.02,1.1423111821194383e-05,1.1643371519185367e-09,2.910959118615796e-10,0.999918559395556,7.257890898254338,1.1678931623007782
0.013345919927920946,0.9978467236471416,0.02,1.1423096611993242e-05,1.1000536325883027e-09,2.750240949939528e-10,0.9999185722062011,7.257890774661974,1.1678929802017528
0.013346130876680351,0.9978466815210659,0.02,1.1423081827984845e-05,1.0393260683862687e-09,2.598413779515366e-10,0.999918584664204,7.257890655303701,1.1678928033916247
0.013346335756774963,0.9978466405865001,0.02,1.1423067457315801e-05,9.81957292619977e-10,2.454984073007622e-10,0.9999185967790918,7.25789054003091,1.1678926317152523
0.013346534743974181,0.9978466008095908,0.02,1.1423053488461733e-05,9.277616832731824e-10,2.3194869836698687e-10,0.9999186085601446,7.257890428700319,1.1678924650220976
0.013346728008912456,0.9978465621574542,0.02,1.1423039910218192e-05,8.76562526984686e-10,2.19148241917286e-10,0.9999186200163998,7.2578903211737735,1.1678923031660864
0.013346915717239893,0.9978465245981455,0.02,1.1423026711691838e-05,8.281939093878579e-10,2.070554871845364e-10,0.9999186311566592,7.257890217318062,1.1678921460054765
0.013347098029769244,0.9978464881006321,0.02,1.1423013882291848e-05,7.824993153615864e-10,1.9563126693909357e-10,0.9999186419894952,7.257890117004738,1.1678919934027256
0.013347275102621126,0.9978464526347695,0.02,1.1423001411721569e-05,7.393302578863774e-10,1.8483847394507577e-10,0.9999186525232542,7.2578900201099446,1.1678918452243654
0.013347447087359798,0.9978464181712721,0.02,1.1422989289970385e-05,6.985474162927348e-10,1.7464224242160865e-10,0.9999186627660647,7.257889926514248,1.167891701340881
0.01334761413112917,0.9978463846816923,0.02,1.1422977507305834e-05,6.600177278710447e-10,1.6500940293858378e-10,0.9999186727258399,7.257889836102479,1.1678915616265904
0.013347776376783638,0.9978463521383928,0.02,1.1422966054265902e-05,6.236172041409289e-10,1.559088760003643e-10,0.9999186824102863,7.257889748763576,1.1678914259595319
0.013347933963013536,0.9978463205145263,0.02,1.1422954921651576e-05,5.892277206683725e-10,1.4731107178180493e-10,0.9999186918269054,7.257889664390436,1.1678912942213504
0.013348087024468103,0.9978462897840109,0.02,1.1422944100519552e-05,5.567375292974638e-10,1.3918824085378463e-10,0.9999187009830008,7.257889582879771,1.1678911662971898
0.01334823569187521,0.9978462599215078,0.02,1.142293358217518e-05,5.26042429772296e-10,1.3151409819957497e-10,0.9999187098856828,7.257889504131971,1.1678910420755897
0.013348380092156054,0.9978462309024027,0.02,1.1422923358165591e-05,4.970419438212822e-10,1.242637761206553e-10,0.999918718541873,7.257889428050974,1.167890921448383
0.013348520348537563,0.9978462027027815,0.02,1.1422913420272999e-05,4.69642991948878e-10,1.1741377563798567e-10,0.9999187269583081,7.257889354544127,1.167890804310596
0.013348656580660312,0.9978461752994116,0.02,1.1422903760508212e-05,4.437572258628632e-10,1.109420159028267e-10,0.999918735141547,7.257889283522072,1.1678906905603552
0.013348788904685438,0.9978461486697238,0.02,1.1422894371104301e-05,4.1930006528289553e-10,1.0482754880052895e-10,0.9999187430979731,7.2578892148986265,1.1678905800987935
0.013348917433395335,0.9978461227917904,0.02,1.1422885244510456e-05,3.961932760057762e-10,9.905062757857155e-11,0.9999187508337988,7.257889148590661,1.1678904728299602
0.01334904227629402,0.9978460976443094,0.02,1.1422876373385989e-05,3.743615613669431e-10,9.35925432877824e-11,0.9999187583550709,7.257889084517998,1.167890368660734
0.013349163539702447,0.9978460732065845,0.02,1.1422867750594536e-05,3.5373522944769534e-10,8.843571702883188e-11,0.9999187656676745,7.2578890226033,1.1678902675007397
0.013349281326853257,0.9978460494585099,0.02,1.1422859369198395e-05,3.342465570088137e-10,8.356345000752727e-11,0.9999187727773367,7.2578889627719665,1.1678901692622639
0.013349395737979164,0.9978460263805504,0.02,1.1422851222453017e-05,3.1583353501604344e-10,7.896005069568694e-11,0.9999187796896309,7.257888904952038,1.1678900738601778
0.013349506870403371,0.9978460039537285,0.02,1.142284330380166e-05,2.9843632648425745e-10,7.461057490150449e-11,0.999918786409981,7.2578888490740985,1.1678899812118593
0.013349614818623512,0.9978459821596057,0.02,1.142283560687019e-05,2.819989041625086e-10,7.050106877213116e-11,0.999918792943664,7.257888795071186,1.1678898912371185
0.013349719674394023,0.9978459609802687,0.02,1.1422828125462019e-05,2.6646784996583573e-10,6.66182173555237e-11,0.9999187992958161,7.257888742878702,1.1678898038581245
0.01334982152680747,0.9978459403983129,0.02,1.142282085355318e-05,2.517936959213808e-10,6.29496135302288e-11,0.9999188054714342,7.257888692434327,1.1678897189993358
0.013349920462372378,0.9978459203968295,0.02,1.1422813785287543e-05,2.379287829129324e-10,5.94832520174936e-11,0.9999188114753798,7.25788864367794,1.167889636587433
0.013350016565088052,0.99784590095939,0.02,1.142280691497217e-05,2.248283496396117e-10,5.620806155173768e-11,0.9999188173123841,7.257888596551536,1.1678895565512504
0.013350109916518915,0.9978458820700331,0.02,1.1422800237072782e-05,2.1245010926965235e-10,5.311344836563452e-11,0.9999188229870498,7.257888550999152,1.167889478821714
0.013350200595865003,0.9978458637132509,0.02,1.1422793746209356e-05,2.0075448413417204e-10,5.018946726112075e-11,0.9999188285038546,7.257888506966797,1.1678894033317788
0.013350288680031352,0.9978458458739768,0.02,1.1422787437151845e-05,1.897035733538872e-10,4.742666639759655e-11,0.9999188338671552,7.257888464402374,1.1678893300163682
0.013350374243695173,0.9978458285375716,0.02,1.1422781304816032e-05,1.792618384180514e-10,4.481611872230078e-11,0.9999188390811897,7.257888423255617,1.1678892588123153
0.013350457359370516,0.9978458116898127,0.02,1.1422775344259465e-05,1.6939564174737548e-10,4.234953857884868e-11,0.9999188441500813,7.257888383478024,1.1678891896583063
0.013350538097471831,0.997845795316881,0.02,1.1422769550677526e-05,1.600731321563266e-10,4.001884818894024e-11,0.9999188490778416,7.257888345022795,1.1678891224948267
0.013350616526375647,0.9978457794053495,0.02,1.142276391939961e-05,1.5126434163278344e-10,3.781658691363992e-11,0.9999188538683716,7.257888307844768,1.1678890572641067
0.013350692712478796,0.9978457639421738,0.02,1.1422758445885403e-05,1.4294074740633234e-10,3.57356951600252e-11,0.9999188585254677,7.257888271900364,1.1678889939100685
0.013350766720257257,0.9978457489146779,0.02,1.1422753125721256e-05,1.3507611633646008e-10,3.376946599572649e-11,0.9999188630528218,7.257888237147528,1.1678889323782786
0.01335083861232178,0.9978457343105475,0.02,1.1422747954616672e-05,1.2764430973190927e-10,3.1911544022029224e-11,0.9999188674540251,7.257888203545674,1.1678888726158978
0.013350908449472343,0.9978457201178167,0.02,1.1422742928400885e-05,1.2062195239215271e-10,3.0155943120484614e-11,0.9999188717325712,7.257888171055637,1.1678888145716333
0.013350976290750716,0.9978457063248589,0.02,1.1422738043019537e-05,1.1398680880542298e-10,2.849707302761549e-11,0.9999188758918576,7.257888139639614,1.1678887581956936
0.013351042193491591,0.9978456929203785,0.02,1.1422733294531423e-05,1.077169602203111e-10,2.6929508012018344e-11,0.9999188799351897,7.257888109261126,1.1678887034397447
0.013351106213373654,0.9978456798933996,0.02,1.1422728679105379e-05,1.0179227129676143e-10,2.544835529092021e-11,0.9999188838657815,7.257888079884959,1.1678886502568657
0.013351168404465541,0.9978456672332574,0.02,1.1422724193017185e-05,9.619370649479076e-11,2.4048732132044032e-11,0.9999188876867603,7.2578880514771305,1.1678885986015077
0.01335122881927453,0.9978456549295902,0.02,1.1422719832646621e-05,9.090362136043682e-11,2.2726165792523152e-11,0.999918891401166,7.257888024004837,1.1678885484294537
0.013351287508790888,0.9978456429723295,0.02,1.1422715594474562e-05,8.590480633525158e-11,2.1476443508148742e-11,0.999918895011956,7.257887997436415,1.167888499697778
0.013351344522532504,0.9978456313516928,0.02,1.1422711475080163e-05,8.118093203114544e-11,2.0295474181439258e-11,0.9999188985220073,7.257887971741304,1.1678884523648088
0.013351399908588246,0.9978456200581742,0.02,1.142270747113813e-05,7.671761542590986e-11,1.9179564503237465e-11,0.9999189019341163,7.257887946889999,1.167888406390092
0.01335145371365809,0.9978456090825383,0.02,1.1422703579416065e-05,7.249949242280158e-11,1.8125025949857582e-11,0.9999189052510037,7.257887922854022,1.167888361734353
0.013351505983094758,0.9978455984158102,0.02,1.1422699796771866e-05,6.851381237535585e-11,1.7128595355484145e-11,0.9999189084753148,7.257887899605881,1.1678883183594642
0.013351556760942407,0.9978455880492704,0.02,1.1422696120151233e-05,6.474745114512963e-11,1.6186981392256136e-11,0.9999189116096229,7.257887877119033,1.16788827622841
0.0133516060899746,0.9978455779744455,0.02,1.1422692546585204e-05,6.118836495762843e-11,1.5297234688910117e-11,0.9999189146564296,7.257887855367855,1.1678882353052542
0.013351654011731329,0.9978455681831028,0.02,1.1422689073187795e-05,5.782512198991011e-11,1.4456395677044166e-11,0.999918917618168,7.25788783432761,1.1678881955551086
0.013351700566554603,0.9978455586672426,0.02,1.1422685697153683e-05,5.4646737217477296e-11,1.3661843183953897e-11,0.9999189204972044,7.257887813974413,1.1678881569441004
0.013351745793623637,0.9978455494190915,0.02,1.1422682415755955e-05,5.1643476813091716e-11,1.2911017662737594e-11,0.999918923295839,7.257887794285206,1.1678881194393453
0.013351789730988217,0.9978455404310961,0.02,1.1422679226343932e-05,4.880554167482686e-11,1.2201432369107706e-11,0.9999189260163096,7.257887775237722,1.1678880830089167
0.01335183241560206,0.9978455316959182,0.02,1.1422676126341033e-05,4.6123362493806773e-11,1.1530945087363334e-11,0.9999189286607916,7.2578877568104625,1.1678880476218156
0.013351873883353294,0.9978455232064255,0.02,1.142267311324273e-05,4.358893915755882e-11,1.089733275888798e-11,0.9999189312314005,7.257887738982669,1.1678880132479474
0.013351914169097034,0.9978455149556887,0.02,1.1422670184614517e-05,4.119372845006062e-11,1.0298554139522607e-11,0.999918933730193,7.257887721734296,1.167887979858092
0.013351953306684095,0.997845506936974,0.02,1.1422667338089978e-05,3.893070962723814e-11,9.732726342179298e-12,0.9999189361591696,7.257887705045986,1.1678879474238797
0.013351991328990898,0.997845499143739,0.02,1.1422664571368875e-05,3.679163416303113e-11,9.19800813012716e-12,0.9999189385202755,7.257887688899048,1.1678879159177655
0.013352028267946958,0.9978454915696254,0.02,1.1422661882215303e-05,3.4770478745377056e-11,8.692705768674802e-12,0.9999189408154011,7.2578876732754285,1.1678878853130052
0.013352064154563192,0.9978454842084552,0.02,1.1422659268455911e-05,3.286065644458445e-11,8.215171420193414e-12,0.9999189430463857,7.257887658157694,1.167887855583632
0.01335209901895762,0.9978454770542255,0.02,1.1422656727978141e-05,3.105533098606151e-11,7.763881107729152e-12,0.9999189452150169,7.257887643529009,1.1678878267044335
0.013352132890382284,0.9978454701011031,0.02,1.1422654258728542e-05,2.934958078704157e-11,7.337419461858816e-12,0.9999189473230331,7.25788762937311,1.1678877986509293
0.013352165797246462,0.9978454633434194,0.02,1.1422651858711112e-05,2.773745855793965e-11,6.934420701856069e-12,0.9999189493721244,7.257887615674294,1.16788777139935
0.01335219776714397,0.9978454567756659,0.02,1.1422649525985709e-05,2.6214251536239178e-11,6.553552090888048e-12,0.999918951363934,7.25788760241739,1.1678877449266158
0.013352228826873647,0.997845450392491,0.02,1.1422647258666472e-05,2.477447250936485e-11,6.193693139427586e-12,0.9999189533000598,7.257887589587745,1.167887719210317
0.013352259002464617,0.997845444188693,0.02,1.142264505492033e-05,2.3414124016442233e-11,5.85351442236859e-12,0.9999189551820555,7.257887577171207,1.1678876942286935
0.013352288319197658,0.9978454381592181,0.02,1.1422642912965515e-05,2.2128236706228656e-11,5.532093292886992e-12,0.9999189570114309,7.257887565154103,1.1678876699606175
0.01335231680162674,0.9978454322991551,0.02,1.1422640831070124e-05,2.0913149956912425e-11,5.228322992547916e-12,0.9999189587896545,7.257887553523228,1.1678876463855719
0.013352344473599953,0.9978454266037318,0.02,1.1422638807550741e-05,1.976489518646629e-11,4.941254805791323e-12,0.9999189605181542,7.257887542265824,1.1678876234836357
0.013352371358281379,0.9978454210683106,0.02,1.1422636840771071e-05,1.8679545827285376e-11,4.669944619728331e-12,0.9999189621983178,7.257887531369565,1.1678876012354644
0.013352397478167688,0.9978454156883845,0.02,1.142263492914064e-05,1.765422314250135e-11,4.4135195353548174e-12,0.9999189638314945,7.257887520822546,1.167887579622274
0.013352422855111623,0.9978454104595753,0.02,1.1422633071113493e-05,1.668500543786046e-11,4.17123093767281e-12,0.9999189654189969,7.257887510613263,1.167887558625825
0.013352447510336596,0.997845405377627,0.02,1.1422631265186967e-05,1.5768885973722415e-11,3.942309418057802e-12,0.9999189669620998,7.257887500730602,1.1678875382284049
0.01335247146445745,0.997845400438404,0.02,1.1422629509900477e-05,1.4903260912626783e-11,3.725844094841015e-12,0.9999189684620436,7.257887491163824,1.1678875184128144
0.0133524947374975,0.9978453956378881,0.02,1.1422627803834347e-05,1.4085467244450225e-11,3.5213228922954223e-12,0.9999189699200336,7.2578874819025545,1.1678874991623522
0.01335251734890519,0.9978453909721747,0.02,1.1422626145608647e-05,1.331215807758504e-11,3.3280486486776607e-12,0.9999189713372416,7.257887472936769,1.1678874804607997
0.013352539317570522,0.997845386437469,0.02,1.1422624533882104e-05,1.258150854540318e-11,3.1453982943470797e-12,0.9999189727148075,7.257887464256781,1.1678874622924074
0.013352560661841428,0.9978453820300829,0.02,1.1422622967351016e-05,1.1890949697454907e-11,2.9727374336016798e-12,0.9999189740538382,7.257887455853229,1.1678874446418805
0.013352581399540042,0.9978453777464332,0.02,1.1422621444748194e-05,1.1238459364022e-11,2.809599161499204e-12,0.9999189753554107,7.257887447717068,1.167887427494368
0.013352601547977183,0.9978453735830375,0.02,1.1422619964841945e-05,1.0621707905020422e-11,2.655428198722172e-12,0.9999189766205724,7.257887439839557,1.167887410835446
0.013352621123966957,0.9978453695365122,0.02,1.1422618526435087e-05,1.00388493436435e-11,2.5097035641303174e-12,0.9999189778503403,7.257887432212248,1.1678873946511084
0.013352640143841299,0.9978453656035684,0.02,1.1422617128363972e-05,9.487742214687994e-12,2.3719344749953925e-12,0.9999189790457038,7.257887424826979,1.167887378927753
0.013352658623464575,0.9978453617810102,0.02,1.1422615769497561e-05,8.967178374335399e-12,2.2418002690023813e-12,0.999918980207625,7.257887417675858,1.1678873636521714
0.013352676578245848,0.9978453580657326,0.02,1.14226144487365e-05,8.475157857227401e-12,2.118785367770967e-12,0.9999189813370384,7.25788741075126,1.1678873488115349
0.013352694023152367,0.9978453544547169,0.02,1.1422613165012244e-05,8.010182854500445e-12,2.0025667149203007e-12,0.999918982434853,7.257887404045816,1.167887334393386
0.01335271097272367,0.997845350945031,0.02,1.1422611917286188e-05,7.570515498545193e-12,1.8926686184809745e-12,0.9999189835019523,7.257887397552399,1.1678873203856268
0.013352727441081458,0.9978453475338244,0.02,1.1422610704548831e-05,7.155398169979926e-12,1.7888228756412533e-12,0.9999189845391951,7.257887391264126,1.1678873067765074
0.013352743441943427,0.9978453442183277,0.02,1.1422609525818971e-05,6.762666059982187e-12,1.690670891138329e-12,0.9999189855474165,7.257887385174341,1.1678872935546174
0.013352758988634528,0.997845340995849,0.02,1.142260838014289e-05,6.391937486744444e-12,1.5979385254852104e-12,0.999918986527428,7.2578873792766085,1.1678872807088752
0.013352774094097852,0.997845337863773,0.02,1.1422607266593616e-05,6.0410664079091724e-12,1.5102825229343011e-12,0.9999189874800187,7.257887373564709,1.1678872682285177
0.01335278877090651,0.9978453348195575,0.02,1.1422606184270147e-05,5.709766064919002e-12,1.427456785341966e-12,0.9999189884059552,7.257887368032631,1.1678872561030942
0.013352803031272842,0.9978453318607325,0.02,1.1422605132296746e-05,5.396575199255553e-12,1.3491665126516443e-12,0.9999189893059836,7.257887362674562,1.1678872443224515
0.013352816887060026,0.9978453289848971,0.02,1.142260410982222e-05,5.100573656952428e-12,1.2751720650349036e-12,0.9999189901808284,7.257887357484882,1.1678872328767325
0.013352830349792122,0.9978453261897188,0.02,1.1422603116019229e-05,4.820886834536985e-12,1.2051973026835078e-12,0.9999189910311937,7.257887352458157,1.1678872217563612
0.013352843430662953,0.99784532347293,0.02,1.1422602150083642e-05,4.5562815226329255e-12,1.1390952367209545e-12,0.9999189918577649,7.2578873475891355,1.1678872109520388
0.01335285614054632,0.9978453208323274,0.02,1.1422601211233856e-05,4.306588619688538e-12,1.0766266374680462e-12,0.9999189926612075,7.257887342872738,1.1678872004547332
0.013352868490004777,0.9978453182657702,0.02,1.1422600298710192e-05,4.07026635392448e-12,1.0175830825750308e-12,0.9999189934421686,7.257887338304055,1.1678871902556722
0.013352880489299113,0.997845315771177,0.02,1.1422599411774265e-05,3.847324703627098e-12,9.617583317813773e-13,0.9999189942012776,7.257887333878337,1.1678871803463367
0.013352892148396467,0.9978453133465264,0.02,1.142259854970839e-05,3.636143705129289e-12,9.090026272797309e-13,0.999918994939145,7.257887329590994,1.1678871707184513
0.013352903476979261,0.9978453109898524,0.02,1.1422597711815013e-05,3.4365144047203263e-12,8.592165831805272e-13,0.999918995656366,7.257887325437584,1.1678871613639799
0.013352914484452638,0.9978453086992449,0.02,1.142259689741613e-05,3.2483924229559723e-12,8.120619564109773e-13,0.999918996353518,7.257887321413815,1.1678871522751164
0.013352925179953457,0.997845306472849,0.02,1.1422596105852756e-05,3.0702967143105627e-12,7.675782553008937e-13,0.9999189970311629,7.257887317515535,1.1678871434442792
0.013352935572356839,0.9978453043088598,0.02,1.1422595336484381e-05,2.9017761922880098e-12,7.254919148038243e-13,0.9999189976898462,7.2578873137387285,1.167887134864105
0.013352945670285443,0.9978453022055246,0.02,1.1422594588688462e-05,2.742661676139022e-12,6.856803190722167e-13,0.999918998330099,7.257887310079512,1.1678871265274409
0.013352955482114182,0.9978453001611401,0.02,1.1422593861859904e-05,2.5921500183550873e-12,6.48096695846696e-13,0.999918998952437,7.257887306534129,1.167887118427341
0.013352965015979545,0.9978452981740498,0.02,1.1422593155410589e-05,2.4502682013427936e-12,6.125745964099504e-13,0.9999189995573614,7.257887303098948,1.1678871105570572
0.013352974279785546,0.9978452962426453,0.02,1.1422592468768892e-05,2.315986828820079e-12,5.789657652502753e-13,0.9999190001453597,7.257887299770456,1.167887102910036
0.013352983281210429,0.997845294365363,0.02,1.1422591801379218e-05,2.1890071104177256e-12,5.472116974115744e-13,0.9999190007169056,7.257887296545253,1.167887095479912
0.013352992027713062,0.9978452925406827,0.02,1.1422591152701557e-05,2.069027026387229e-12,5.172678064493154e-13,0.9999190012724599,7.257887293420055,1.1678870882605015
0.013353000526539427,0.9978452907671279,0.02,1.142259052221104e-05,1.955474534655553e-12,4.888948595807192e-13,0.9999190018124693,7.257887290391678,1.1678870812457998
0.013353008784728726,0.9978452890432625,0.02,1.1422589909397525e-05,1.848264872463612e-12,4.620770367482688e-13,0.9999190023373702,7.2578872874570495,1.1678870744299725
0.0133530168091196,0.9978452873676923,0.02,1.1422589313765178e-05,1.7469703251248546e-12,4.367727109843013e-13,0.9999190028475844,7.257887284613194,1.1678870678073539
0.013353024606354846,0.9978452857390606,0.02,1.1422588734832065e-05,1.6515130657830147e-12,4.128179996677447e-13,0.9999190033435239,7.257887281857231,1.16788706137244
0.013353032182888358,0.9978452841560513,0.02,1.142258817212978e-05,1.5607686841012914e-12,3.901987164360268e-13,0.9999190038255877,7.257887279186377,1.1678870551198848
0.013353039544988954,0.9978452826173828,0.02,1.1422587625203052e-05,1.4752270229917907e-12,3.68819433948505e-13,0.999919004294164,7.257887276597939,1.1678870490444953
0.013353046698748094,0.9978452811218105,0.02,1.1422587093609383e-05,1.394448294782371e-12,3.4857426717077674e-13,0.9999190047496306,7.25788727408931,1.1678870431412274
0.01335305365008238,0.9978452796681256,0.02,1.1422586576918682e-05,1.3178077847355801e-12,3.295092514733313e-13,0.999919005192355,7.2578872716579665,1.1678870374051813
0.013353060404740047,0.997845278255152,0.02,1.1422586074712925e-05,1.2458684739880246e-12,3.114487318171625e-13,0.9999190056226934,7.257887269301471,1.1678870318315977
0.01335306696830535,0.9978452768817481,0.02,1.1422585586585822e-05,1.177396300161522e-12,2.943731034758136e-13,0.9999190060409925,7.257887267017462,1.1678870264158534
0.013353073346203281,0.9978452755468029,0.02,1.1422585112142472e-05,1.1129161978696802e-12,2.7820681131883906e-13,0.9999190064475896,7.257887264803653,1.1678870211534578
0.013353079543704627,0.9978452742492375,0.02,1.1422584650999053e-05,1.0521787465747725e-12,2.6298322668742906e-13,0.9999190068428115,7.257887262657837,1.1678870160400483
0.013353085565929457,0.997845272988004,0.02,1.1422584202782516e-05,9.942738073632707e-13,2.485763974069096e-13,0.9999190072269778,7.257887260577872,1.1678870110713875
0.013353091417851626,0.9978452717620822,0.02,1.1422583767130274e-05,9.398493777642954e-13,2.349549736463936e-13,0.9999190076003973,7.2578872585616905,1.1678870062433588
0.013353097104304823,0.9978452705704818,0.02,1.142258334368991e-05,8.883526624638931e-13,2.2209611782267117e-13,0.9999190079633706,7.2578872566072885,1.1678870015519638
0.013353102629983293,0.9978452694122402,0.02,1.14225829321189e-05,8.397484424012174e-13,2.0990193760349174e-13,0.9999190083161906,7.257887254712727,1.1678869969933183
0.013353107999448222,0.9978452682864221,0.02,1.1422582532084327e-05,7.937228463809944e-13,1.9841497234666006e-13,0.9999190086591419,7.257887252876129,1.1678869925636493
0.013353113217130952,0.9978452671921177,0.02,1.142258214326261e-05,7.500393796412118e-13,1.875060340263552e-13,0.9999190089924994,7.257887251095681,1.1678869882592904
0.013353118287336596,0.9978452661284435,0.02,1.142258176533925e-05,7.090376835737055e-13,1.772480296866405e-13,0.999919009316533,7.257887249369625,1.1678869840766823
0.013353123214247364,0.9978452650945405,0.02,1.1422581398008572e-05,6.701380383870465e-13,1.6753380345914246e-13,0.9999190096315032,7.257887247696259,1.1678869800123652
0.013353128001927395,0.9978452640895734,0.02,1.142258104097348e-05,6.337356457323603e-13,1.5834926089759849e-13,0.9999190099376636,7.257887246073938,1.1678869760629789
0.013353132654323807,0.9978452631127318,0.02,1.1422580693945206e-05,5.988047640299071e-13,1.4968149459301223e-13,0.9999190102352609,7.257887244501068,1.1678869722252598
0.013353137175271923,0.9978452621632267,0.02,1.1422580356643089e-05,5.660364861180101e-13,1.4145905728154122e-13,0.9999190105245349,7.257887242976106,1.1678869684960362
0.013353141568498261,0.9978452612402913,0.02,1.1422580028794345e-05,5.350711697084945e-13,1.3371603584042093e-13,0.9999190108057185,7.257887241497559,1.1678869648722285
0.013353145837623148,0.9978452603431818,0.02,1.1422579710133836e-05,5.05525753871991e-13,1.2638713946460827e-13,0.9999190110790381,7.257887240063982,1.1678869613508436
0.013353149986163215,0.9978452594711732,0.02,1.1422579400403869e-05,4.780966791165437e-13,1.1946757384339704e-13,0.9999190113447142,7.257887238673977,1.1678869579289748
0.013353154017536173,0.9978452586235625,0.02,1.1422579099353979e-05,4.5169786575496516e-13,1.1291811130439364e-13,0.9999190116029603,7.2578872373261865,1.1678869546037969
0.013353157935061477,0.9978452577996657,0.02,1.1422578806740728e-05,4.270298335464163e-13,1.0673958544713217e-13,0.9999190118539841,7.257887236019302,1.1678869513725674
0.013353161741965103,0.997845256998818,0.02,1.142257852232751e-05,4.036726703409839e-13,1.0089453634209071e-13,0.9999190120979888,7.257887234752052,1.1678869482326202
0.013353165441380488,0.997845256220374,0.02,1.1422578245884355e-05,3.815626835623737e-13,9.538054539091313e-14,0.9999190123351701,7.257887233523208,1.1678869451813663
0.013353169036352253,0.9978452554637053,0.02,1.142257797718775e-05,3.607459598629641e-13,9.016917783818082e-14,0.9999190125657188,7.25788723233158,1.1678869422162899
0.013353172529838975,0.9978452547282021,0.02,1.1422577716020447e-05,3.409536939060443e-13,8.519071964633034e-14,0.9999190127898212,7.257887231176016,1.1678869393349476
0.013353175924714245,0.9978452540132711,0.02,1.1422577462171302e-05,3.2232112292565077e-13,8.055879408634436e-14,0.9999190130076571,7.2578872300554,1.1678869365349644
0.013353179223770606,0.9978452533183362,0.02,1.1422577215435085e-05,3.0466600865006704e-13,7.61080538947624e-14,0.9999190132194024,7.257887228968651,1.1678869338140345
0.013353182429720722,0.9978452526428369,0.02,1.1422576975612333e-05,2.877862989136128e-13,7.198871391277122e-14,0.9999190134252274,7.257887227914725,1.1678869311699165
0.013353185545200763,0.9978452519862288,0.02,1.142257674250917e-05,2.720798421203806e-13,6.802975098688576e-14,0.9999190136252976,7.257887226892606,1.167886928600434
0.013353188572771735,0.9978452513479824,0.02,1.1422576515937176e-05,2.572261950192506e-13,6.431097927810292e-14,0.9999190138197742,7.257887225901316,1.1678869261034714
0.013353191514921814,0.9978452507275841,0.02,1.1422576295713196e-05,2.4316238034663507e-13,6.078753412796307e-14,0.9999190140088137,7.2578872249399025,1.1678869236769744
0.013353194374068234,0.9978452501245333,0.02,1.142257608165923e-05,2.298394711170727e-13,5.741411601426937e-14,0.9999190141925682,7.2578872240074475,1.1678869213189462
0.013353197152560503,0.9978452495383444,0.02,1.142257587360227e-05,2.172927615457318e-13,5.4300938605915454e-14,0.9999190143711859,7.25788722310306,1.167886919027448
0.013353199852680075,0.997845248968545,0.02,1.1422575671374155e-05,2.0540280896900378e-13,5.128066339733076e-14,0.9999190145448104,7.257887222225875,1.167886916800595
0.013353202476644954,0.9978452484146764,0.02,1.1422575474811447e-05,1.9417678600232897e-13,4.8560037512238445e-14,0.999919014713581,7.25788722137506,1.1678869146365567
0.013353205026609027,0.997845247876292,0.02,1.1422575283755298e-05,1.8353545274657895e-13,4.5825614724367335e-14,0.9999190148776342,7.2578872205498035,1.1678869125335543
0.013353207504666176,0.9978452473529588,0.02,1.1422575098051302e-05,1.7334853319850797e-13,4.335052318653102e-14,0.9999190150371018,7.257887219749322,1.1678869104898604
0.013353209912849773,0.9978452468442547,0.02,1.1422574917549404e-05,1.6406856831234462e-13,4.0956315875347397e-14,0.9999190151921118,7.257887218972857,1.1678869085037957
0.013353212253135904,0.9978452463497708,0.02,1.142257474210375e-05,1.548885708104816e-13,3.87381547446216e-14,0.9999190153427893,7.257887218219672,1.1678869065737294
0.013353214527444812,0.9978452458691086,0.02,1.142257457157257e-05,1.4644130799392986e-13,3.664018962480267e-14,0.9999190154892551,7.2578872174890545,1.1678869046980764
0.013353216737641838,0.9978452454018809,0.02,1.1422574405818086e-05,1.384248130107312e-13,3.460782952037276e-14,0.9999190156316276,7.257887216780316,1.1678869028752974
0.013353218885539975,0.9978452449477121,0.02,1.1422574244706377e-05,1.308866785576967e-13,3.269421478118434e-14,0.9999190157700207,7.257887216092786,1.1678869011038964
0.01335322097289976,0.9978452445062362,0.02,1.1422574088107283e-05,1.2376354199109988e-13,3.095234055794104e-14,0.9999190159045466,7.257887215425818,1.1678868993824199
0.013353223001433157,0.9978452440770983,0.02,1.142257393589429e-05,1.1677232196513153e-13,2.923266198439323e-14,0.9999190160353125,7.257887214778784,1.1678868977094556
0.013353224972802502,0.9978452436599528,0.02,1.1422573787944441e-05,1.1065183911006383e-13,2.7649269572764375e-14,0.9999190161624242,7.257887214151078,1.1678868960836322
0.01335322688862306,0.9978452432544641,0.02,1.1422573644138227e-05,1.0441075648151585e-13,2.6134277278544177e-14,0.9999190162859838,7.2578872135421095,1.167886894503616
0.01335322875046524,0.997845242860306,0.02,1.1422573504359483e-05,9.872351350560547e-14,2.4701892073509844e-14,0.9999190164060906,7.257887212951309,1.1678868929681125
0.013353230559853824,0.9978452424771616,0.02,1.142257336849531e-05,9.337680296710405e-14,2.3333959161358823e-14,0.9999190165228413,7.257887212378122,1.1678868914758627
0.01335323231827068,0.9978452421047219,0.02,1.1422573236435978e-05,8.827774755776138e-14,2.20810820133773e-14,0.9999190166363296,7.257887211822016,1.167886890025644
0.013353234027156269,0.9978452417426884,0.02,1.1422573108074834e-05,8.321571414536328e-14,2.0837203412555164e-14,0.9999190167466472,7.25788721128247,1.1678868886162688
0.01335323568790936,0.9978452413907695,0.02,1.1422572983308214e-05,7.87242423479201e-14,1.9732665591181098e-14,0.9999190168538821,7.257887210758982,1.1678868872465826
0.013353237301889753,0.9978452410486818,0.02,1.1422572862035364e-05,7.4676569955945e-14,1.8642404241299304e-14,0.999919016958121,7.257887210251065,1.1678868859154643
0.01335323887041806,0.9978452407161508,0.02,1.1422572744158356e-05,7.059390528296007e-14,1.757754355165801e-14,0.9999190170594477,7.2578872097582465,1.1678868846218238
0.013353240394777977,0.9978452403929091,0.02,1.1422572629582008e-05,6.654919986211075e-14,1.6618362134414692e-14,0.999919017157944,7.257887209280069,1.1678868833646023
0.013353241876216948,0.9978452400786963,0.02,1.1422572518213813e-05,6.295514967184759e-14,1.5743746938970317e-14,0.9999190172536879,7.257887208816091,1.167886882142772
0.013353243315946894,0.9978452397732603,0.02,1.1422572409963851e-05,5.949937009611501e-14,1.4847782273954495e-14,0.9999190173467575,7.25788720836588,1.167886880955332
0.013353244715144597,0.9978452394763555,0.02,1.1422572304744731e-05,5.620434342088873e-14,1.4088150308038885e-14,0.999919017437227,7.257887207929023,1.167886879801312
0.01335324607495525,0.9978452391877431,0.02,1.1422572202471508e-05,5.32378635245927e-14,1.3267936182480638e-14,0.9999190175251694,7.257887207505115,1.1678868786797685
0.013353247396489853,0.9978452389071916,0.02,1.1422572103061627e-05,5.014050718457042e-14,1.256880435876839e-14,0.9999190176106554,7.2578872070937654,1.1678868775897842
0.013353248680829044,0.9978452386344747,0.02,1.1422572006434841e-05,4.7586563002135626e-14,1.1838179228037407e-14,0.9999190176937536,7.257887206694595,1.1678868765304677
0.013353249929022537,0.9978452383693744,0.02,1.1422571912513153e-05,4.481741461793853e-14,1.1192831905363218e-14,0.9999190177745303,7.257887206307236,1.1678868755009544
0.013353251142090017,0.9978452381116767,0.02,1.1422571821220765e-05,4.2573955219524354e-14,1.0594699561535453e-14,0.9999190178530512,7.257887205931335,1.1678868745004027
0.013353252321023024,0.9978452378611754,0.02,1.1422571732483991e-05,4.0113776674451936e-14,1.0041775596595172e-14,0.9999190179293789,7.257887205566545,1.167886873527995
0.013353253466784787,0.9978452376176685,0.02,1.1422571646231224e-05,3.811786691319862e-14,9.47403893826258e-15,0.9999190180035749,7.2578872052125325,1.1678868725829374
0.013353254580310447,0.9978452373809609,0.02,1.1422571562392857e-05,3.584514225183285e-14,8.985416896350777e-15,0.9999190180756988,7.257887204868973,1.1678868716644584
0.013353255662510166,0.9978452371508625,0.02,1.1422571480901235e-05,3.3864563877914705e-14,8.476513716339189e-15,0.9999190181458086,7.257887204535552,1.1678868707718082
0.013353256714266515,0.9978452369271882,0.02,1.1422571401690607e-05,3.208406609792176e-14,8.014083969261567e-15,0.9999190182139606,7.257887204211967,1.1678868699042577
0.013353257736439028,0.9978452367097586,0.02,1.1422571324697058e-05,3.036338269100842e-14,7.541325726177481e-15,0.999919018280209,7.257887203897921,1.1678868690611
0.013353258729861484,0.9978452364983994,0.02,1.1422571249858472e-05,2.853762452769647e-14,7.15970709663488e-15,0.9999190183446078,7.257887203593128,1.167886868241646
0.013353259695345066,0.9978452362929402,0.02,1.1422571177114471e-05,2.722006469056126e-14,6.7697854034657625e-15,0.9999190184072084,7.257887203297312,1.1678868674452278
0.013353260633677033,0.9978452360932168,0.02,1.1422571106406375e-05,2.5587143795026678e-14,6.3970531338847884e-15,0.9999190184680609,7.257887203010203,1.1678868666711961
0.013353261545623218,0.9978452358990683,0.02,1.1422571037677146e-05,2.4389285666343795e-14,6.033232021899434e-15,0.9999190185272143,7.25788720273154,1.1678868659189197
0.013353262431927415,0.9978452357103393,0.02,1.1422570970871342e-05,2.2844405901433694e-14,5.71285725058099e-15,0.9999190185847162,7.257887202461072,1.1678868651877854
0.013353263293312434,0.997845235526878,0.02,1.142257090593508e-05,2.162460549509439e-14,5.38239416011002e-15,0.9999190186406125,7.257887202198553,1.1678868644771967
0.013353264130480824,0.9978452353485376,0.02,1.142257084281599e-05,2.0509300029594608e-14,5.107946213332141e-15,0.9999190186949484,7.2578872019437455,1.167886863786575
0.013353264944114707,0.9978452351751744,0.02,1.1422570781463166e-05,1.9352399702620174e-14,4.80446230964899e-15,0.9999190187477675,7.25788720169642,1.167886863115358
0.013353265734877773,0.9978452350066497,0.02,1.1422570721827132e-05,1.8131801308526496e-14,4.563697720310677e-15,0.9999190187991113,7.257887201456351,1.1678868624629986
0.01335326650341434,0.9978452348428279,0.02,1.1422570663859795e-05,1.7343872624611345e-14,4.304799989017477e-15,0.9999190188490225,7.257887201223325,1.1678868618289648
0.013353267250350687,0.9978452346835782,0.02,1.142257060751442e-05,1.64816238918212e-14,4.047464590970333e-15,0.9999190188975403,7.257887200997131,1.1678868612127415
0.013353267976295213,0.9978452345287727,0.02,1.1422570552745572e-05,1.5416633010568937e-14,3.869669816458431e-15,0.9999190189447036,7.2578872007775646,1.1678868606138262
0.013353268681839836,0.997845234378287,0.02,1.1422570499509098e-05,1.4556664682378704e-14,3.673028613877631e-15,0.9999190189905505,7.25788720056443,1.1678868600317316
0.013353269367558374,0.9978452342319999,0.02,1.1422570447762073e-05,1.3830841246595265e-14,3.4578145996853147e-15,0.9999190190351175,7.257887200357534,1.167886859465984
0.013353270034010323,0.9978452340897949,0.02,1.1422570397462788e-05,1.3323435096401914e-14,3.2859760665599146e-15,0.9999190190784409,7.257887200156693,1.1678868589161229
0.013353270681737583,0.9978452339515579,0.02,1.1422570348570691e-05,1.2361607413400934e-14,3.081210088380285e-15,0.9999190191205551,7.2578871999617265,1.1678868583817013
0.013353271311267678,0.9978452338171776,0.02,1.1422570301046376e-05,1.1492463875433532e-14,2.868126746275708e-15,0.9999190191614936,7.257887199772459,1.1678868578622845
0.013353271923113363,0.9978452336865465,0.02,1.1422570254851535e-05,1.1131387502576223e-14,2.7618123472326217e-15,0.9999190192012897,7.257887199588723,1.1678868573574497
0.01335327251777213,0.99784523355956,0.02,1.142257020994894e-05,1.026307743344839e-14,2.5786675120345624e-15,0.9999190192399752,7.257887199410353,1.1678868568667864
0.013353273095728202,0.9978452334361161,0.02,1.1422570166302408e-05,9.81719836191708e-15,2.4265434257042496e-15,0.999919019277581,7.2578871992371905,1.167886856389896
0.01335327365745187,0.9978452333161161,0.02,1.1422570123876759e-05,9.292788326401342e-15,2.3168900347772056e-15,0.9999190193141374,7.257887199069081,1.167886855926391
0.013353274203400045,0.9978452331994633,0.02,1.142257008263781e-05,8.76631125669752e-15,2.21065866502208e-15,0.9999190193496738,7.257887198905876,1.1678868554758945
0.01335327473401643,0.9978452330860647,0.02,1.1422570042552327e-05,8.353670748151662e-15,2.080395754184259e-15,0.9999190193842183,7.2578871987474285,1.1678868550380401
0.01335327524973312,0.9978452329758292,0.02,1.142257000358802e-05,7.931582507731203e-15,1.9593328309052657e-15,0.9999190194177989,7.2578871985935995,1.1678868546124728
0.013353275750969118,0.9978452328686684,0.02,1.1422569965713493e-05,7.474992376191158e-15,1.8358101626181395e-15,0.9999190194504426,7.257887198444251,1.1678868541988465
0.013353276238132428,0.9978452327644968,0.02,1.1422569928898236e-05,7.125819349069807e-15,1.755175361732611e-15,0.9999190194821758,7.257887198299251,1.1678868537968254
0.013353276711618511,0.9978452326632304,0.02,1.1422569893112592e-05,6.548994190994937e-15,1.6421529111131383e-15,0.9999190195130232,7.257887198158472,1.1678868534060831
0.013353277171812727,0.9978452325647884,0.02,1.142256985832773e-05,6.161719385209712e-15,1.5837376211886402e-15,0.9999190195430101,7.257887198021788,1.1678868530263018
0.013353277619088666,0.9978452324690922,0.02,1.142256982451564e-05,5.858360083878133e-15,1.4777475675219517e-15,0.9999190195721601,7.257887197889079,1.1678868526571742
0.013353278053809647,0.9978452323760643,0.02,1.1422569791649083e-05,5.568716950016024e-15,1.3941691232446935e-15,0.9999190196004971,7.257887197760228,1.1678868522984
0.01335327847632961,0.997845232285631,0.02,1.1422569759701594e-05,5.3220650279857275e-15,1.3006543904416189e-15,0.9999190196280437,7.25788719763512,1.1678868519496883
0.013353278886990783,0.9978452321977196,0.02,1.1422569728647441e-05,5.056976844078664e-15,1.2434169155467096e-15,0.9999190196548217,7.2578871975136465,1.1678868516107563
0.013353279286127617,0.9978452321122595,0.02,1.1422569698461623e-05,4.791099518286697e-15,1.2021401900103927e-15,0.9999190196808527,7.2578871973957,1.1678868512813287
0.013353279674063856,0.9978452320291825,0.02,1.1422569669119826e-05,4.5780709322299485e-15,1.1041092843277113e-15,0.9999190197061576,7.257887197281176,1.1678868509611386
0.013353280051114191,0.9978452319484219,0.02,1.1422569640598434e-05,4.356193554273454e-15,1.0703163422073893e-15,0.9999190197307565,7.257887197169974,1.1678868506499265
0.013353280417585434,0.9978452318699134,0.02,1.1422569612874475e-05,3.917129551844254e-15,9.871412369870762e-16,0.9999190197546692,7.257887197061997,1.1678868503474396
0.013353280773774623,0.9978452317935936,0.02,1.1422569585925637e-05,3.913125693277032e-15,9.244968521776416e-16,0.9999190197779152,7.2578871969571495,1.167886850053433
0.013353281119971083,0.997845231719402,0.02,1.1422569559730224e-05,3.502321504184345e-15,9.22857545639684e-16,0.9999190198005128,7.25788719685534,1.1678868497676682
0.013353281456455424,0.9978452316472786,0.02,1.1422569534267146e-05,3.351708205133422e-15,8.167456069097357e-16,0.9999190198224799,7.25788719675648,1.1678868494899137
0.013353281783500925,0.9978452315771658,0.02,1.142256950951591e-05,3.4006086620852348e-15,8.010842623980969e-16,0.9999190198438346,7.257887196660482,1.1678868492199448
0.01335328210137321,0.997845231509008,0.02,1.1422569485456595e-05,3.036555245523832e-15,7.747728165393761e-16,0.9999190198645935,7.257887196567262,1.167886848957542
0.01335328241032957,0.99784523144275,0.02,1.1422569462069837e-05,3.0932237738061035e-15,7.232825741357166e-16,0.9999190198847735,7.257887196476739,1.1678868487024936
0.01335328271062075,0.9978452313783392,0.02,1.1422569439336816e-05,2.701748082062781e-15,6.674438229859408e-16,0.9999190199043909,7.257887196388833,1.1678868484545923
0.013353283002490723,0.9978452313157237,0.02,1.1422569417239236e-05,2.8495437801949925e-15,6.139760434073684e-16,0.999919019923461,7.25788719630347,1.167886848213638
0.013353283286175743,0.997845231254854,0.02,1.1422569395759322e-05,2.4675816237847695e-15,5.640919064764326e-16,0.9999190199419994,7.257887196220572,1.1678868479794349
0.013353283561905571,0.9978452311956808,0.02,1.1422569374879782e-05,2.131289832010815e-15,6.024509848397208e-16,0.9999190199600209,7.257887196140071,1.1678868477517939
0.013353283829904583,0.9978452311381567,0.02,1.1422569354583823e-05,2.371113258556888e-15,5.771812795944989e-16,0.9999190199775398,7.257887196061893,1.1678868475305302
0.013353284090389383,0.9978452310822366,0.02,1.142256933485512e-05,2.0050079394223473e-15,5.163163286139205e-16,0.9999190199945703,7.257887195985972,1.167886847315465
0.01335328434357097,0.9978452310278744,0.02,1.1422569315677792e-05,2.1056521166960078e-15,4.721039690689501e-16,0.999919020011126,7.257887195912242,1.1678868471064252
0.013353284589654957,0.9978452309750276,0.02,1.142256929703642e-05,1.7657780232375873e-15,4.25591735160401e-16,0.9999190200272203,7.257887195840639,1.1678868469032402
0.013353284828840573,0.9978452309236535,0.02,1.1422569278916006e-05,1.7156102945680705e-15,4.657105357419459e-16,0.9999190200428656,7.2578871957711,1.1678868467057464
0.01335328506132144,0.9978452308737114,0.02,1.142256926130198e-05,1.6939322432147177e-15,4.388739921148588e-16,0.9999190200580745,7.257887195703566,1.1678868465137837
0.013353285287285854,0.9978452308251607,0.02,1.1422569244180171e-05,1.568847716896797e-15,3.493655948713506e-16,0.9999190200728597,7.257887195637978,1.1678868463271974
0.013353285506917112,0.9978452307779633,0.02,1.1422569227536814e-05,1.5692390179942876e-15,3.4419776941536725e-16,0.9999190200872325,7.25788719557428,1.167886846145836
0.01335328572039296,0.9978452307320808,0.02,1.1422569211358522e-05,1.5156419234093984e-15,3.4130517599212916e-16,0.9999190201012048,7.257887195512415,1.1678868459695533
0.01335328592788626,0.9978452306874774,0.02,1.1422569195632285e-05,1.211123411167388e-15,3.071874591886714e-16,0.9999190201147876,7.257887195452332,1.1678868457982063
0.013353286129564768,0.9978452306441165,0.02,1.1422569180345459e-05,1.174201442279149e-15,3.4204807000219033e-16,0.9999190201279916,7.257887195393978,1.1678868456316571
0.013353286325592018,0.9978452306019638,0.02,1.1422569165485755e-05,1.3497008840626262e-15,2.667526551404111e-16,0.9999190201408276,7.257887195337302,1.1678868454697706
0.01335328651612655,0.9978452305609861,0.02,1.1422569151041224e-05,8.4598252382930905e-16,2.735085537385596e-16,0.9999190201533057,7.257887195282256,1.1678868453124163
0.013353286701322797,0.9978452305211495,0.02,1.1422569137000257e-05,1.0595277532481779e-15,2.487442203822388e-16,0.9999190201654361,7.257887195228793,1.1678868451594673
0.013353286881330473,0.9978452304824229,0.02,1.1422569123351565e-05,1.2594345627305316e-15,2.506745416741969e-16,0.9999190201772284,7.257887195176867,1.1678868450107989
0.013353287056295071,0.9978452304447756,0.02,1.142256911008418e-05,9.791746571988555e-16,2.6043969542346764e-16,0.9999190201886922,7.257887195126432,1.1678868448662922
0.013353287226358201,0.9978452304081771,0.02,1.1422569097187432e-05,7.13980704188407e-16,2.0731548148660878e-16,0.999919020199836,7.257887195077445,1.1678868447258302
0.013353287391657864,0.997845230372598,0.02,1.142256908465096e-05,7.952030384349373e-16,1.7201906612127048e-16,0.9999190202106698,7.257887195029865,1.167886844589299
0.01335328755232712,0.9978452303380101,0.02,1.142256907246469e-05,8.983012533772991e-16,1.8549683693287738e-16,0.9999190202212013,7.257887194983652,1.1678868444565893
0.013353287708496087,0.9978452303043859,0.02,1.1422569060618828e-05,6.83487438264323e-16,1.9932459861500343e-16,0.9999190202314393,7.257887194938763,1.1678868443275927
0.01335328786029133,0.9978452302716981,0.02,1.1422569049103852e-05,7.067040424550971e-16,1.9784474597766767e-16,0.9999190202413921,7.257887194895163,1.1678868442022063
0.013353288007835473,0.9978452302399212,0.02,1.1422569037910516e-05,8.98471505345336e-16,1.3225726061378033e-16,0.9999190202510677,7.257887194852813,1.1678868440803278
0.013353288151247589,0.9978452302090295,0.02,1.142256902702982e-05,6.784689055706182e-16,1.3820534284581688e-16,0.9999190202604733,7.257887194811677,1.1678868439618597
0.01335328829064375,0.9978452301789978,0.02,1.1422569016453029e-05,6.27625912557537e-16,1.1536434224265146e-16,0.9999190202696171,7.25788719477172,1.1678868438467058
0.013353288426136534,0.9978452301498033,0.02,1.1422569006171641e-05,4.740679495808039e-16,1.0650371623177295e-16,0.999919020278506,7.257887194732908,1.1678868437347738
0.013353288557835463,0.9978452301214213,0.02,1.1422568996177398e-05,6.750747436349354e-16,1.2540963109781973e-16,0.9999190202871471,7.257887194695208,1.1678868436259728
0.013353288685847287,0.9978452300938302,0.02,1.1422568986462272e-05,6.916800614917409e-16,1.1136272130238392e-16,0.9999190202955475,7.257887194658587,1.1678868435202154
0.013353288810275032,0.9978452300670078,0.02,1.142256897701846e-05,4.433243730130971e-16,1.133027151791361e-16,0.9999190203037138,7.257887194623014,1.167886843417416
0.013353288931219343,0.9978452300409317,0.02,1.1422568967838379e-05,6.746152476997944e-16,1.0873189471575857e-16,0.9999190203116527,7.25788719458846,1.167886843317492
0.013353289048777861,0.9978452300155825,0.02,1.1422568958914655e-05,4.4044459003260803e-16,1.2342031295812888e-16,0.9999190203193704,7.257887194554894,1.1678868432203628
0.01335328916304579,0.9978452299909388,0.02,1.1422568950240121e-05,6.318151631863427e-16,1.2372744134555828e-16,0.9999190203268729,7.257887194522288,1.16788684312595
0.013353289274114832,0.9978452299669817,0.02,1.142256894180781e-05,3.2981744188167147e-16,1.6603240583982568e-16,0.9999190203341666,7.257887194490615,1.1678868430341776
0.013353289382075528,0.9978452299436918,0.02,1.1422568933610955e-05,3.841046501496864e-16,6.943086582579288e-17,0.9999190203412569,7.257887194459847,1.1678868429449716
0.013353289487014253,0.9978452299210503,0.02,1.1422568925642974e-05,4.495731021554758e-16,7.745445717657738e-17,0.9999190203481498,7.257887194429958,1.16788684285826
0.01335328958901627,0.9978452298990395,0.02,1.1422568917897467e-05,4.2796460180238774e-16,1.0008383178842966e-16,0.9999190203548508,7.257887194400923,1.1678868427739726
0.013353289688163628,0.9978452298776415,0.02,1.1422568910368217e-05,2.2243051135736205e-16,9.83311913735898e-17,0.9999190203613649,7.257887194372717,1.1678868426920421
0.013353289784536315,0.9978452298568392,0.02,1.1422568903049183e-05,4.969969354211726e-16,4.107124265352167e-17,0.9999190203676976,7.257887194345318,1.1678868426124023
0.013353289878212271,0.9978452298366164,0.02,1.1422568895934482e-05,2.9154071141631443e-16,6.416829810097744e-17,0.9999190203738542,7.2578871943187,1.1678868425349889
0.013353289969267157,0.997845229816956,0.02,1.1422568889018416e-05,4.773642961682813e-16,5.635603671424436e-17,0.9999190203798388,7.257887194292842,1.1678868424597397
0.013353290057774525,0.9978452297978438,0.02,1.1422568882295424e-05,2.5632299246349077e-16,8.214634095097481e-17,0.9999190203856567,7.257887194267721,1.1678868423865938
0.013353290143805208,0.9978452297792635,0.02,1.142256887576011e-05,2.7925300276704816e-16,7.229228886050208e-17,0.9999190203913129,7.257887194243318,1.1678868423154927
0.013353290227429149,0.9978452297612006,0.02,1.1422568869407237e-05,2.135499375241203e-16,5.213788310236638e-17,0.9999190203968114,7.2578871942196095,1.1678868422463786
0.013353290308713683,0.9978452297436405,0.02,1.1422568863231697e-05,1.3157987749877577e-16,6.506508534169134e-17,0.9999190204021569,7.257887194196578,1.1678868421791968
0.013353290387724204,0.9978452297265692,0.02,1.1422568857228543e-05,3.932050586044475e-16,4.646087271335198e-17,0.9999190204073534,7.257887194174203,1.1678868421138924
0.013353290464524603,0.9978452297099734,0.02,1.1422568851392955e-05,1.2079316582596454e-16,3.4303620191906907e-17,0.9999190204124053,7.257887194152465,1.1678868420504132
0.013353290539176665,0.9978452296938393,0.02,1.1422568845720252e-05,1.4568578817444982e-16,3.4380489672641153e-17,0.9999190204173163,7.257887194131347,1.1678868419887078
0.013353290611740898,0.9978452296781545,0.02,1.1422568840205883e-05,1.1709046676257047e-16,2.2007781236098636e-17,0.9999190204220904,7.25788719411083,1.1678868419287265
0.013353290682275476,0.9978452296629063,0.02,1.1422568834845421e-05,2.0561710339616936e-16,6.063314441895719e-17,0.9999190204267322,7.257887194090897,1.1678868418704216
0.013353290750837243,0.9978452296480825,0.02,1.1422568829634573e-05,1.8177709308917861e-16,1.1922662807255326e-17,0.9999190204312438,7.257887194071532,1.1678868418137456
0.013353290817481656,0.9978452296336718,0.02,1.142256882456915e-05,-1.5412398922821823e-17,6.051095846874969e-17,0.9999190204356305,7.257887194052718,1.167886841758653
0.01335329088226217,0.9978452296196616,0.02,1.1422568819645096e-05,2.3930272565625266e-16,1.6250783024687634e-17,0.9999190204398947,7.25788719403444,1.1678868417051003
0.013353290945231522,0.9978452296060416,0.02,1.142256881485846e-05,2.4901295916234325e-16,1.0519719251925642e-17,0.9999190204440407,7.257887194016681,1.1678868416530432
0.013353291006439783,0.997845229592801,0.02,1.1422568810205404e-05,4.9275059030494667e-17,5.301994234057499e-17,0.9999190204480705,7.257887193999428,1.1678868416024406
0.01335329106593669,0.9978452295799286,0.02,1.1422568805682193e-05,2.4083796470474253e-16,1.6625888442772388e-17,0.9999190204519884,7.257887193982666,1.1678868415532515
0.013353291123769984,0.9978452295674147,0.02,1.1422568801285203e-05,1.0155652161034737e-16,1.9917121425552378e-17,0.9999190204557971,7.257887193966379,1.1678868415054364
0.013353291179986515,0.9978452295552488,0.02,1.1422568797010909e-05,7.873476205541055e-17,3.433937543577603e-17,0.9999190204594999,7.257887193950556,1.1678868414589572
0.013353291234631415,0.9978452295434219,0.02,1.1422568792855882e-05,1.5435903259927517e-16,-1.3321702612931036e-17,0.9999190204630996,7.257887193935183,1.1678868414137762
0.013353291287748426,0.9978452295319239,0.02,1.1422568788816793e-05,9.164856340012548e-17,1.7645817492590392e-17,0.9999190204665991,7.257887193920245,1.1678868413698569
0.013353291339380624,0.997845229520746,0.02,1.1422568784890401e-05,1.8796592691058297e-16,2.0037224871019598e-17,0.999919020470001,7.2578871939057334,1.1678868413271641
0.013353291389569255,0.9978452295098793,0.02,1.142256878107356e-05,-7.713897752198486e-17,-8.466729582517173e-18,0.9999190204733083,7.257887193891633,1.1678868412856636
0.013353291438355341,0.9978452294993148,0.02,1.142256877736321e-05,1.043275281689366e-17,-1.082779775968613e-17,0.9999190204765235,7.257887193877933,1.1678868412453223
0.013353291485777796,0.9978452294890443,0.02,1.1422568773756378e-05,4.0099651660557e-17,2.3461253713682187e-17,0.9999190204796495,7.257887193864622,1.1678868412061072
0.0133532915318747,0.9978452294790596,0.02,1.1422568770250172e-05,1.9226940456453732e-17,2.904182130562144e-17,0.9999190204826881,7.257887193851689,1.1678868411679877
0.01335329157668319,0.9978452294693528,0.02,1.142256876684178e-05,8.057837196830865e-17,-5.0645336809844325e-18,0.9999190204856421,7.257887193839122,1.1678868411309322
0.013353291620239405,0.9978452294599162,0.02,1.1422568763528479e-05,7.612957005446216e-17,3.537280634793758e-17,0.9999190204885139,7.257887193826912,1.1678868410949115
0.013353291662578426,0.9978452294507423,0.02,1.1422568760307602e-05,-8.184217966040264e-17,-1.117959759665675e-17,0.999919020491306,7.257887193815049,1.1678868410598964
0.013353291703734338,0.9978452294418233,0.02,1.1422568757176576e-05,1.8578059524495425e-16,4.879608048453675e-17,0.9999190204940203,7.257887193803522,1.167886841025859
0.013353291743740059,0.9978452294331528,0.02,1.1422568754132888e-05,1.4139793337732719e-16,3.789242473090916e-18,0.9999190204966588,7.257887193792322,1.1678868409927716
0.013353291782628007,0.9978452294247234,0.02,1.1422568751174104e-05,3.366299959411301e-18,1.757906711908466e-17,0.9999190204992239,7.257887193781439,1.1678868409606082
0.01335329182042938,0.9978452294165285,0.02,1.1422568748297848e-05,2.584719636475359e-16,1.811804641277094e-17,0.9999190205017177,7.257887193770864,1.1678868409293426
0.013353291857174376,0.9978452294085618,0.02,1.1422568745501819e-05,3.465018997265951e-17,3.2357149193690396e-17,0.999919020504142,7.25788719376059,1.1678868408989498
0.013353291892892916,0.9978452294008164,0.02,1.1422568742783777e-05,2.2911804306429274e-16,9.991839778556937e-18,0.9999190205064992,7.257887193750606,1.1678868408694052
0.013353291927613475,0.9978452293932869,0.02,1.1422568740141544e-05,7.332486033200719e-17,1.6290575362310412e-17,0.9999190205087902,7.257887193740905,1.1678868408406853
0.013353291961364366,0.997845229385967,0.02,1.1422568737573004e-05,-1.7316363789941406e-16,1.4067979843396338e-18,0.9999190205110178,7.25788719373148,1.167886840812767
0.01335329199417179,0.9978452293788502,0.02,1.1422568735076099e-05,5.633420700428878e-17,4.091751522088296e-18,0.9999190205131834,7.25788719372232,1.1678868407856278
0.01335329202606328,0.9978452293719318,0.02,1.1422568732648834e-05,-1.024721808733391e-16,8.216943125833453e-18,0.9999190205152887,7.257887193713421,1.167886840759246
0.013353292057063704,0.9978452293652056,0.02,1.1422568730289258e-05,1.3205349009825066e-16,1.281950031211614e-17,0.9999190205173354,7.257887193704772,1.167886840733601
0.013353292087198043,0.997845229358667,0.02,1.1422568727995483e-05,-7.736288910994837e-17,4.703483392750752e-18,0.9999190205193251,7.257887193696369,1.1678868407086709
0.013353292116490945,0.9978452293523097,0.02,1.1422568725765675e-05,2.3439284649642785e-16,1.4274639610332774e-17,0.9999190205212596,7.2578871936882035,1.1678868406844372
0.013353292144965612,0.9978452293461297,0.02,1.1422568723598048e-05,-1.1553877591887753e-17,1.991932534489695e-17,0.9999190205231401,7.257887193680269,1.167886840660879
0.013353292172645137,0.9978452293401215,0.02,1.1422568721490864e-05,-8.440496428269454e-18,-8.440375582351839e-19,0.9999190205249683,7.257887193672559,1.1678868406379785
0.013353292199551448,0.9978452293342803,0.02,1.1422568719442439e-05,6.42645356538631e-17,1.1371768713552952e-17,0.9999190205267456,7.257887193665067,1.1678868406157172
0.01335329222570647,0.9978452293286016,0.02,1.142256871745113e-05,8.642463948557698e-17,4.501439952791912e-18,0.9999190205284734,7.257887193657787,1.1678868405940765
0.013353292251131077,0.997845229323081,0.02,1.1422568715515347e-05,1.0606184467205204e-16,-2.0725053286757355e-18,0.9999190205301535,7.257887193650712,1.16788684057304
0.013353292275845752,0.9978452293177138,0.02,1.1422568713633536e-05,1.4091806512107228e-16,3.2720952106358106e-17,0.9999190205317863,7.257887193643838,1.1678868405525904
0.013353292299870256,0.9978452293124959,0.02,1.1422568711804194e-05,1.6827306472149592e-16,1.3630130798370784e-17,0.999919020533374,7.257887193637157,1.167886840532711
0.013353292323223964,0.9978452293074234,0.02,1.1422568710025855e-05,1.7113217247767059e-16,1.1856142868173675e-17,0.9999190205349173,7.257887193630666,1.1678868405133864
0.013353292345925527,0.9978452293024916,0.02,1.1422568708297096e-05,1.6919563456151765e-16,-1.6472367960383185e-17,0.9999190205364179,7.257887193624358,1.1678868404946008
0.013353292367993486,0.9978452292976975,0.02,1.1422568706616534e-05,-4.060524978335567e-17,2.8629222672577104e-17,0.9999190205378765,7.257887193618227,1.1678868404763394
0.013353292389444993,0.9978452292930363,0.02,1.1422568704982826e-05,8.04367426208152e-18,2.4778166556198446e-18,0.9999190205392946,7.257887193612271,1.1678868404585871
0.013353292410297868,0.9978452292885048,0.02,1.1422568703394659e-05,1.723523336745505e-17,2.5621093895879916e-17,0.9999190205406736,7.257887193606482,1.16788684044133
0.01335329243056832,0.9978452292840994,0.02,1.1422568701850767e-05,3.8233068305410095e-17,-1.3815633211017978e-17,0.9999190205420139,7.257887193600857,1.1678868404245546
0.013353292450273169,0.9978452292798164,0.02,1.1422568700349913e-05,5.908194595452387e-17,-5.421124186171442e-18,0.9999190205433168,7.257887193595391,1.1678868404082468
0.013353292469428124,0.9978452292756526,0.02,1.1422568698890899e-05,1.1046155375258563e-16,-1.2145999194500382e-17,0.9999190205445835,7.257887193590078,1.1678868403923937
0.013353292488048174,0.9978452292716047,0.02,1.1422568697472552e-05,-6.415373519855253e-17,4.411345237005529e-18,0.9999190205458153,7.257887193584916,1.1678868403769826
0.013353292506148473,0.997845229267669,0.02,1.142256869609374e-05,2.0002174894265435e-16,-3.393064002053565e-18,0.9999190205470125,7.2578871935799,1.1678868403620015
0.013353292523743565,0.9978452292638432,0.02,1.1422568694753361e-05,-4.7580906643913266e-18,-1.0185113656456643e-20,0.9999190205481765,7.257887193575025,1.1678868403474383
0.01335329254084755,0.9978452292601236,0.02,1.1422568693450343e-05,2.1078665347203109e-16,-1.2718319902706081e-17,0.999919020549308,7.257887193570287,1.1678868403332812
0.013353292557474084,0.9978452292565076,0.02,1.1422568692183643e-05,-7.057346788010281e-18,7.223383230388099e-18,0.9999190205504082,7.257887193565683,1.1678868403195186
0.0133532925736366,0.9978452292529921,0.02,1.1422568690952247e-05,8.414650079185802e-17,1.6827250117885423e-17,0.9999190205514775,7.257887193561209,1.16788684030614
0.013353292589348198,0.9978452292495741,0.02,1.1422568689755174e-05,4.6051240621402895e-17,5.690590743043264e-18,0.9999190205525175,7.2578871935568605,1.1678868402931342
0.013353292604621259,0.9978452292462513,0.02,1.142256868859146e-05,5.709228202748759e-17,-1.6352883162003624e-17,0.9999190205535283,7.2578871935526355,1.1678868402804912
0.013353292619468105,0.9978452292430211,0.02,1.1422568687460182e-05,-1.135188142271598e-16,-2.65030199838593e-19,0.9999190205545109,7.2578871935485285,1.1678868402682003
0.013353292633900948,0.9978452292398803,0.02,1.1422568686360428e-05,1.4074890342878153e-16,-4.7070602768157964e-18,0.9999190205554663,7.257887193544538,1.1678868402562528
0.013353292647930726,0.9978452292368272,0.02,1.1422568685291322e-05,-8.978065712468516e-17,-1.498669583601948e-17,0.9999190205563953,7.25788719354066,1.167886840244638
0.013353292661568927,0.9978452292338589,0.02,1.1422568684252011e-05,-1.8010961407202717e-17,-7.367337491777748e-18,0.9999190205572983,7.257887193536891,1.167886840233347
0.013353292674826767,0.9978452292309731,0.02,1.142256868324166e-05,7.681606994058798e-18,1.5865705847383324e-17,0.999919020558176,7.257887193533228,1.1678868402223708
0.013353292687714846,0.9978452292281674,0.02,1.1422568682259466e-05,1.278761775985393e-17,2.967490822673954e-17,0.9999190205590294,7.257887193529669,1.1678868402117004
0.013353292700243324,0.9978452292254396,0.02,1.1422568681304641e-05,3.219891603846175e-16,-2.9152068532198573e-17,0.9999190205598592,7.2578871935262095,1.1678868402013276
0.013353292712422027,0.9978452292227881,0.02,1.1422568680376418e-05,8.927970687804963e-17,-5.5579206469255165e-18,0.9999190205606661,7.257887193522847,1.1678868401912441
0.013353292724261279,0.9978452292202102,0.02,1.1422568679474064e-05,-1.3482033074263053e-16,4.411458948490361e-18,0.9999190205614502,7.25788719351958,1.1678868401814413
0.013353292735770017,0.9978452292177038,0.02,1.1422568678596851e-05,9.705111029881111e-17,-9.714147388707066e-20,0.9999190205622124,7.257887193516404,1.167886840171912
0.013353292746957623,0.9978452292152672,0.02,1.1422568677744077e-05,-7.077637934271695e-17,1.905527950902798e-17,0.9999190205629539,7.2578871935133185,1.1678868401626483
0.013353292757833535,0.9978452292128982,0.02,1.1422568676915067e-05,9.283477198648616e-18,-1.66557792410548e-17,0.9999190205636742,7.257887193510319,1.1678868401536426
0.013353292768405856,0.9978452292105954,0.02,1.1422568676109151e-05,-4.828647125955023e-17,1.5781379617770248e-17,0.999919020564375,7.257887193507404,1.167886840144888
0.01335329277868319,0.9978452292083564,0.02,1.1422568675325691e-05,-1.6155699050129424e-16,-4.977264859739775e-18,0.9999190205650559,7.257887193504572,1.1678868401363773
0.013353292788674032,0.9978452292061794,0.02,1.1422568674564056e-05,7.199109487358229e-17,-7.354376263050335e-18,0.999919020565718,7.257887193501818,1.1678868401281042
0.013353292798386207,0.997845229204063,0.02,1.1422568673823641e-05,8.361199154342789e-17,-9.526846087640943e-18,0.9999190205663616,7.257887193499143,1.167886840120061
0.013353292807827322,0.9978452292020058,0.02,1.1422568673103853e-05,-7.729756301221048e-17,-1.820261441176743e-18,0.9999190205669877,7.2578871934965425,1.1678868401122422
0.013353292817005424,0.9978452292000056,0.02,1.1422568672404116e-05,-6.093668430301887e-17,6.651814545681484e-19,0.9999190205675959,7.257887193494015,1.1678868401046414
0.013353292825927177,0.9978452291980608,0.02,1.1422568671723872e-05,7.28754629279769e-18,2.183266082548073e-18,0.9999190205681874,7.257887193491559,1.1678868400972524
0.013353292834600516,0.9978452291961701,0.02,1.1422568671062578e-05,2.1219909446958486e-16,-7.085444604460325e-18,0.9999190205687626,7.2578871934891716,1.1678868400900688
0.013353292843031772,0.9978452291943323,0.02,1.1422568670419707e-05,2.932211755664205e-17,6.675320172025711e-18,0.9999190205693216,7.257887193486852,1.167886840083086
0.013353292851227772,0.9978452291925453,0.02,1.1422568669794737e-05,1.5735662915665136e-17,1.3169271340000458e-18,0.9999190205698649,7.257887193484597,1.1678868400762976
0.013353292859195509,0.9978452291908081,0.02,1.1422568669187181e-05,6.644636171513111e-17,1.1174021368583551e-17,0.9999190205703934,7.257887193482405,1.167886840069698
0.013353292866941036,0.9978452291891189,0.02,1.1422568668596547e-05,4.261743820036329e-17,1.596413462109868e-18,0.9999190205709073,7.257887193480276,1.1678868400632825
0.013353292874470624,0.9978452291874771,0.02,1.1422568668022365e-05,-8.130780181736763e-17,-3.129726953687163e-17,0.9999190205714068,7.257887193478205,1.167886840057046
0.013353292881789991,0.9978452291858804,0.02,1.1422568667464175e-05,1.0906792755967574e-16,6.448015721834055e-18,0.999919020571892,7.2578871934761935,1.1678868400509828
0.013353292888905632,0.9978452291843286,0.02,1.1422568666921529e-05,-9.393684119557933e-17,-8.760813906835625e-18,0.9999190205723643,7.257887193474239,1.1678868400450888
0.01335329289582271,0.9978452291828195,0.02,1.1422568666393998e-05,1.1935251728451377e-16,-2.92705065270506e-18,0.999919020572823,7.257887193472338,1.167886840039359
0.01335329290254672,0.9978452291813527,0.02,1.142256866588116e-05,-2.711093040933873e-17,2.0109313050711658e-17,0.9999190205732692,7.2578871934704905,1.1678868400337885
0.013353292909083825,0.9978452291799265,0.02,1.1422568665382607e-05,1.9987988846280318e-16,-3.798404067061612e-19,0.999919020573703,7.2578871934686955,1.1678868400283733
0.013353292915438075,0.9978452291785401,0.02,1.1422568664897935e-05,-3.8618085285937795e-17,-6.67978106659633e-18,0.9999190205741249,7.257887193466951,1.1678868400231088
0.013353292921615412,0.9978452291771922,0.02,1.1422568664426764e-05,-1.7074981008774963e-16,2.7665862184868478e-18,0.9999190205745349,7.257887193465255,1.1678868400179911
0.013353292927620775,0.9978452291758817,0.02,1.1422568663968713e-05,-1.407510712106731e-16,2.6048059954999482e-17,0.9999190205749333,7.257887193463606,1.1678868400130162
0.01335329293345855,0.9978452291746072,0.02,1.1422568663523417e-05,1.3682295145876078e-16,-1.4138864148948532e-17,0.9999190205753206,7.257887193462005,1.1678868400081794
0.013353292939133676,0.9978452291733688,0.02,1.1422568663090519e-05,-1.1792859849680127e-16,7.111857450771423e-18,0.9999190205756975,7.257887193460448,1.1678868400034776
0.013353292944650486,0.9978452291721643,0.02,1.1422568662669681e-05,1.8582301099881444e-16,-1.9189001617326183e-17,0.9999190205760637,7.257887193458934,1.1678868399989069
0.013353292950013695,0.9978452291709936,0.02,1.1422568662260559e-05,-4.003232708153449e-17,-1.1616128083474151e-17,0.9999190205764197,7.257887193457464,1.167886839994463
0.01335329295522747,0.9978452291698553,0.02,1.142256866186283e-05,2.374257964946906e-17,-2.1606074817193995e-17,0.9999190205767657,7.257887193456034,1.1678868399901434
0.013353292960295693,0.9978452291687485,0.02,1.1422568661476176e-05,-2.580723119549664e-19,2.5861382836022538e-17,0.9999190205771026,7.2578871934546445,1.1678868399859434
0.01335329296522303,0.9978452291676728,0.02,1.1422568661100285e-05,-1.4036910987410225e-16,1.1078579330802622e-17,0.9999190205774298,7.257887193453294,1.1678868399818612
0.013353292970012698,0.9978452291666268,0.02,1.1422568660734863e-05,-1.13119681596887e-16,4.1957077525324534e-19,0.9999190205777477,7.257887193451982,1.1678868399778923
0.013353292974669084,0.9978452291656097,0.02,1.1422568660379614e-05,1.447257964961081e-16,1.6644593637907176e-17,0.9999190205780571,7.257887193450705,1.167886839974034
0.013353292979195408,0.9978452291646213,0.02,1.1422568660034256e-05,-3.5669033218676564e-17,-1.459166889248327e-17,0.9999190205783576,7.2578871934494655,1.167886839970283
0.013353292983595832,0.9978452291636599,0.02,1.1422568659698515e-05,3.3063401364437456e-17,2.561863550217471e-18,0.9999190205786503,7.25788719344826,1.1678868399666364
0.013353292987873688,0.9978452291627258,0.02,1.1422568659372119e-05,-2.4700703066080333e-16,-7.376991901216592e-18,0.9999190205789343,7.257887193447089,1.1678868399630915
0.013353292992031918,0.9978452291618168,0.02,1.1422568659054814e-05,9.558302464173104e-17,-3.033414311704255e-17,0.9999190205792106,7.25788719344595,1.1678868399596452
0.01335329299607485,0.9978452291609339,0.02,1.1422568658746338e-05,-1.7376343590613224e-16,-2.1949502056404563e-17,0.9999190205794791,7.2578871934448435,1.1678868399562947
0.013353293000004762,0.9978452291600749,0.02,1.1422568658446453e-05,1.3615945984694237e-16,-1.4212558359576587e-17,0.9999190205797405,7.257887193443768,1.167886839953038
0.013353293003825317,0.9978452291592402,0.02,1.1422568658154914e-05,-9.930786622506156e-17,-2.884303093113605e-17,0.9999190205799942,7.2578871934427225,1.1678868399498714
0.013353293007539457,0.9978452291584281,0.02,1.1422568657871495e-05,1.7826210660686734e-16,1.380837247163258e-17,0.9999190205802408,7.257887193441706,1.1678868399467932
0.01335329301115007,0.9978452291576391,0.02,1.1422568657595964e-05,1.6016714073684748e-16,1.0670080590999424e-17,0.9999190205804809,7.257887193440719,1.167886839943801
0.013353293014660095,0.9978452291568719,0.02,1.1422568657328101e-05,1.9525343232256382e-17,-9.037835241566801e-18,0.9999190205807142,7.257887193439759,1.1678868399408915
0.013353293018072365,0.9978452291561261,0.02,1.1422568657067695e-05,5.500214220981625e-17,1.3150211143826805e-17,0.999919020580941,7.257887193438825,1.1678868399380633
0.013353293021389379,0.9978452291554012,0.02,1.142256865681454e-05,-1.6321301415909872e-16,1.2092829583767058e-17,0.9999190205811616,7.257887193437918,1.1678868399353137
0.013353293024614077,0.997845229154696,0.02,1.1422568656568428e-05,1.6848044084622988e-16,-3.16649162285989e-18,0.9999190205813757,7.257887193437036,1.167886839932641
0.013353293027749014,0.9978452291540107,0.02,1.1422568656329168e-05,-3.329426746047631e-17,3.12079533563692e-17,0.9999190205815843,7.257887193436179,1.1678868399300424
0.013353293030796798,0.9978452291533438,0.02,1.142256865609657e-05,1.7488967656703277e-16,-4.7328074582531134e-17,0.9999190205817869,7.257887193435346,1.167886839927516
0.013353293033759484,0.9978452291526964,0.02,1.1422568655870442e-05,-2.2955824645921207e-17,2.2024855956464092e-17,0.999919020581984,7.257887193434537,1.16788683992506
0.013353293036639402,0.9978452291520665,0.02,1.1422568655650612e-05,7.41250915940737e-18,1.736643728916822e-18,0.9999190205821753,7.25788719343375,1.1678868399226727
0.01335329303943944,0.9978452291514539,0.02,1.1422568655436899e-05,2.177081121922339e-17,5.072840640670409e-18,0.9999190205823618,7.257887193432985,1.1678868399203517
0.013353293042161485,0.9978452291508588,0.02,1.1422568655229132e-05,8.660295546938459e-17,2.24652064715946e-17,0.9999190205825425,7.257887193432241,1.1678868399180953
0.013353293044807368,0.99784522915028,0.02,1.142256865502715e-05,-1.1123554018940296e-16,-2.8686167013791476e-17,0.9999190205827186,7.257887193431519,1.1678868399159017
0.013353293047379977,0.9978452291497171,0.02,1.142256865483079e-05,4.960947261020163e-17,1.1214974646118113e-17,0.99991902058289,7.2578871934308165,1.167886839913769
0.013353293049880643,0.9978452291491702,0.02,1.1422568654639892e-05,-1.0496968328370202e-16,-1.2384108715677319e-17,0.999919020583056,7.257887193430133,1.1678868399116955
0.013353293052311699,0.9978452291486382,0.02,1.1422568654454307e-05,-4.129825169037472e-17,1.2065958862290755e-17,0.9999190205832177,7.25788719342947,1.1678868399096802
0.013353293054675253,0.997845229148121,0.02,1.142256865427389e-05,2.169435422373382e-18,2.3599361355065766e-17,0.9999190205833752,7.257887193428825,1.1678868399077205
0.013353293056972748,0.9978452291476183,0.02,1.142256865409849e-05,5.98976886172969e-18,-2.274113368629006e-17,0.9999190205835278,7.257887193428198,1.1678868399058155
0.013353293059206517,0.9978452291471295,0.02,1.142256865392797e-05,5.309244611390137e-17,2.5440903233229754e-17,0.9999190205836763,7.257887193427589,1.1678868399039637
0.013353293061377947,0.9978452291466544,0.02,1.1422568653762201e-05,-1.0774494522771609e-16,3.3229124379680124e-18,0.9999190205838211,7.257887193426996,1.1678868399021634
0.01335329306348898,0.9978452291461922,0.02,1.142256865360104e-05,1.3830755450388155e-16,-2.588051692753611e-17,0.9999190205839616,7.25788719342642,1.1678868399004132
0.013353293065541061,0.997845229145743,0.02,1.1422568653444364e-05,1.0434194323544524e-16,-8.523139682185903e-18,0.9999190205840979,7.25788719342586,1.1678868398987117
0.013353293067536132,0.9978452291453062,0.02,1.1422568653292049e-05,1.5883991207644446e-16,1.2374796986809857e-17,0.9999190205842308,7.257887193425316,1.1678868398970572
0.013353293069475525,0.9978452291448818,0.02,1.142256865314397e-05,-1.0359003736079777e-17,1.2243596217914977e-17,0.9999190205843599,7.2578871934247875,1.1678868398954492
0.013353293071361017,0.9978452291444687,0.02,1.1422568653000015e-05,1.7789301087565263e-16,-8.818108974245307e-18,0.9999190205844855,7.257887193424273,1.1678868398938855
0.01335329307319394,0.9978452291440677,0.02,1.1422568652860065e-05,1.335712218626135e-17,-7.778473249446436e-18,0.9999190205846077,7.257887193423773,1.1678868398923656
0.013353293074975958,0.9978452291436776,0.02,1.1422568652724008e-05,2.1588613528832664e-17,-2.9255142673070258e-18,0.9999190205847261,7.257887193423287,1.1678868398908882
0.013353293076708128,0.9978452291432981,0.02,1.1422568652591735e-05,2.281862472782336e-17,8.911464818900525e-18,0.9999190205848413,7.257887193422816,1.1678868398894515
0.013353293078392336,0.9978452291429292,0.02,1.1422568652463142e-05,6.593374639947631e-17,-6.2467037284487686e-18,0.9999190205849535,7.2578871934223566,1.1678868398880546
0.013353293080029638,0.9978452291425709,0.02,1.1422568652338129e-05,-1.3490006122138375e-16,2.8097349852323155e-18,0.9999190205850628,7.257887193421911,1.167886839886697
0.013353293081621087,0.9978452291422222,0.02,1.1422568652216595e-05,1.837070595109604e-16,1.6147465865583682e-17,0.9999190205851687,7.257887193421477,1.1678868398853772
0.01335329308316846,0.9978452291418833,0.02,1.1422568652098439e-05,-7.889358282682165e-17,-1.2555282338207796e-17,0.9999190205852717,7.257887193421055,1.1678868398840936
0.01335329308467259,0.9978452291415537,0.02,1.1422568651983571e-05,1.581343993954715e-16,4.734371488931948e-18,0.9999190205853719,7.257887193420646,1.1678868398828464
0.01335329308613492,0.9978452291412334,0.02,1.14225686518719e-05,-4.612763459930072e-17,3.092367780114671e-17,0.9999190205854692,7.257887193420247,1.1678868398816333
0.013353293087556617,0.9978452291409219,0.02,1.1422568651763336e-05,8.436410340220375e-17,-2.7694223640097172e-17,0.9999190205855639,7.25788719341986,1.1678868398804543
0.013353293088938734,0.9978452291406191,0.02,1.142256865165779e-05,4.6828743299606614e-17,-1.3859347283010705e-18,0.9999190205856561,7.257887193419484,1.1678868398793083
0.013353293090282381,0.997845229140325,0.02,1.142256865155518e-05,-1.7414290473102878e-16,3.118391143668367e-17,0.9999190205857452,7.257887193419118,1.1678868398781936
0.013353293091588392,0.9978452291400385,0.02,1.1422568651455427e-05,1.3317256916511703e-16,9.297297586112517e-18,0.9999190205858326,7.257887193418762,1.16788683987711
0.01335329309285832,0.9978452291397601,0.02,1.1422568651358449e-05,1.2794823065536706e-16,-8.34059316149137e-18,0.999919020585917,7.257887193418417,1.167886839876057
0.013353293094092722,0.9978452291394896,0.02,1.1422568651264165e-05,1.7049819820501272e-16,-1.9344373043159563e-17,0.9999190205859991,7.257887193418081,1.1678868398750333
0.013353293095292929,0.9978452291392267,0.02,1.1422568651172508e-05,-5.741912864296145e-17,-3.213487541485791e-17,0.9999190205860792,7.257887193417754,1.1678868398740376
0.013353293096459773,0.9978452291389709,0.02,1.1422568651083397e-05,-1.4920772151987812e-17,-3.0844543962761007e-18,0.999919020586157,7.257887193417437,1.1678868398730695
0.013353293097593977,0.9978452291387223,0.02,1.1422568650996769e-05,-1.8603062424004086e-17,-1.1313335597485588e-17,0.9999190205862325,7.257887193417128,1.1678868398721287
0.013353293098696595,0.9978452291384806,0.02,1.1422568650912547e-05,4.916561003320865e-17,-7.91498998461687e-18,0.999919020586306,7.257887193416828,1.1678868398712139
0.013353293099768793,0.9978452291382457,0.02,1.142256865083067e-05,4.8632706647693447e-17,1.1665309652506482e-17,0.9999190205863775,7.257887193416536,1.167886839870325
0.013353293100810848,0.9978452291380171,0.02,1.1422568650751067e-05,9.78946573954886e-17,1.2209684027770263e-18,0.9999190205864469,7.257887193416253,1.16788683986946
0.013353293101824204,0.997845229137795,0.02,1.1422568650673678e-05,-9.00486512160561e-17,-9.016142763621341e-18,0.9999190205865144,7.257887193415978,1.1678868398686197
0.013353293102808972,0.997845229137579,0.02,1.1422568650598447e-05,1.5365626808371575e-16,1.2148857767926961e-17,0.99991902058658,7.257887193415709,1.1678868398678028
0.013353293103766428,0.9978452291373691,0.02,1.1422568650525304e-05,-6.373875433219607e-17,-7.517182922584786e-18,0.9999190205866437,7.257887193415449,1.1678868398670081
0.013353293104697406,0.9978452291371648,0.02,1.1422568650454195e-05,1.9421394187297562e-16,3.679315916326054e-19,0.9999190205867061,7.257887193415196,1.167886839866236
0.01335329310560246,0.9978452291369665,0.02,1.1422568650385064e-05,1.0134869447507795e-17,-4.033427289606342e-17,0.9999190205867663,7.25788719341495,1.1678868398654854
0.0133532931064822,0.9978452291367735,0.02,1.1422568650317859e-05,-4.339435101477973e-18,1.403919114938126e-17,0.9999190205868251,7.257887193414711,1.1678868398647553
0.013353293107337516,0.9978452291365857,0.02,1.1422568650252518e-05,2.8085908649073783e-16,7.98878156991266e-18,0.9999190205868821,7.257887193414478,1.1678868398640456
0.013353293108169073,0.9978452291364035,0.02,1.1422568650188998e-05,3.067805316477456e-17,1.415319298914845e-18,0.9999190205869372,7.257887193414252,1.1678868398633557
0.013353293108977482,0.9978452291362263,0.02,1.1422568650127244e-05,5.372863256316965e-17,4.634855158099708e-18,0.9999190205869913,7.2578871934140325,1.1678868398626852
0.013353293109763187,0.9978452291360537,0.02,1.1422568650067205e-05,1.3039110114022974e-16,-1.3738427001939247e-17,0.9999190205870436,7.257887193413819,1.167886839862033
0.013353293110527409,0.9978452291358864,0.02,1.1422568650008837e-05,-1.0269201535914917e-16,6.57935653749574e-18,0.9999190205870947,7.2578871934136115,1.167886839861399
0.013353293111270204,0.9978452291357233,0.02,1.1422568649952093e-05,-9.43010457076656e-17,3.0446406502658725e-17,0.9999190205871444,7.25788719341341,1.1678868398607827
0.013353293111992348,0.9978452291355647,0.02,1.1422568649896926e-05,1.3839671993071734e-16,-2.3881635566183228e-17,0.9999190205871923,7.257887193413214,1.1678868398601834
0.013353293112694342,0.9978452291354107,0.02,1.1422568649843293e-05,-2.3175352767943078e-17,2.4851564900315704e-17,0.999919020587239,7.257887193413023,1.1678868398596007
0.013353293113376852,0.9978452291352611,0.02,1.1422568649791151e-05,-1.2405503294703367e-17,-6.192089253309061e-18,0.9999190205872848,7.257887193412837,1.1678868398590347
0.013353293114040321,0.9978452291351152,0.02,1.1422568649740462e-05,1.8812697116448325e-16,1.653225919998054e-17,0.9999190205873292,7.257887193412657,1.167886839858484
0.01335329311468536,0.997845229134974,0.02,1.1422568649691181e-05,3.092771685299197e-17,-3.053391069879292e-18,0.9999190205873723,7.257887193412482,1.1678868398579487
0.013353293115312415,0.9978452291348365,0.02,1.1422568649643266e-05,-1.661817905451679e-16,3.0895740822858194e-17,0.999919020587414,7.257887193412312,1.1678868398574285
0.013353293115921816,0.9978452291347023,0.02,1.1422568649596686e-05,9.572741212119506e-17,1.6304035263211282e-17,0.999919020587455,7.257887193412146,1.1678868398569224
0.01335329311651473,0.9978452291345724,0.02,1.1422568649551404e-05,9.183283843184001e-17,-1.740992535263782e-17,0.9999190205874943,7.257887193411985,1.1678868398564306
0.013353293117090825,0.997845229134446,0.02,1.1422568649507378e-05,-1.659269509923717e-17,-1.687079535678174e-17,0.9999190205875326,7.257887193411829,1.1678868398559525
0.0133532931176511,0.9978452291343228,0.02,1.1422568649464576e-05,1.139110828206212e-16,-3.998989344110525e-18,0.9999190205875701,7.257887193411677,1.1678868398554874
0.01335329311819572,0.9978452291342031,0.02,1.1422568649422967e-05,2.112846049256054e-16,1.6061226930649783e-17,0.9999190205876063,7.257887193411529,1.1678868398550355
0.013353293118725185,0.9978452291340871,0.02,1.1422568649382514e-05,-4.088652237730215e-17,1.1260893010857987e-17,0.9999190205876418,7.257887193411385,1.1678868398545963
0.013353293119239718,0.9978452291339742,0.02,1.1422568649343183e-05,3.527175862508324e-17,1.524975030365588e-17,0.9999190205876758,7.257887193411245,1.167886839854169
0.01335329311974015,0.9978452291338642,0.02,1.1422568649304948e-05,9.48069577245041e-18,7.854169057624749e-18,0.9999190205877095,7.2578871934111095,1.1678868398537536
0.013353293120226595,0.9978452291337575,0.02,1.1422568649267775e-05,-1.9491110362444317e-16,-2.972425630222086e-17,0.9999190205877417,7.257887193410978,1.16788683985335
0.013353293120699605,0.9978452291336534,0.02,1.1422568649231634e-05,7.389357077488648e-17,1.5521616686170078e-17,0.9999190205877733,7.257887193410849,1.1678868398529572
0.01335329312115957,0.9978452291335526,0.02,1.1422568649196502e-05,-8.589862990406616e-17,-1.1966326682551905e-17,0.999919020587804,7.257887193410725,1.1678868398525757
0.013353293121606546,0.9978452291334542,0.02,1.142256864916234e-05,1.4335232534642179e-16,7.422909006202398e-18,0.9999190205878339,7.257887193410603,1.1678868398522047
0.013353293122041088,0.997845229133359,0.02,1.1422568649129134e-05,-5.131024523341802e-19,-3.2617548429735857e-17,0.999919020587863,7.257887193410485,1.167886839851844
0.013353293122463361,0.9978452291332659,0.02,1.1422568649096849e-05,2.0854008685754026e-16,-8.072323982483547e-18,0.999919020587891,7.257887193410371,1.1678868398514932
0.01335329312287431,0.997845229133176,0.02,1.1422568649065461e-05,-7.725572745446417e-18,8.968784472517159e-18,0.9999190205879186,7.25788719341026,1.1678868398511524
0.013353293123273657,0.9978452291330884,0.02,1.1422568649034946e-05,-1.9594782402145114e-16,-1.7199979948577675e-17,0.9999190205879455,7.257887193410151,1.1678868398508209
0.013353293123661736,0.9978452291330029,0.02,1.1422568649005278e-05,3.940139125571624e-17,2.89028315797141e-17,0.9999190205879707,7.2578871934100455,1.1678868398504987
0.0133532931240391,0.9978452291329202,0.02,1.1422568648976436e-05,-1.0091962236080445e-16,-1.3762818803675808e-17,0.9999190205879961,7.257887193409943,1.1678868398501854
0.013353293124405974,0.9978452291328392,0.02,1.1422568648948398e-05,1.3163877946549953e-16,-2.9074032698325904e-17,0.9999190205880207,7.257887193409844,1.167886839849881
0.013353293124762744,0.9978452291327611,0.02,1.1422568648921135e-05,-1.4851658892149e-16,-2.6832337263624592e-17,0.9999190205880442,7.257887193409747,1.167886839849585
0.013353293125109578,0.9978452291326849,0.02,1.1422568648894633e-05,-4.896197273899404e-17,1.7964751815716346e-17,0.9999190205880678,7.257887193409653,1.167886839849297
0.013353293125446641,0.9978452291326106,0.02,1.1422568648868865e-05,-1.7216504747922407e-17,1.9225495837414645e-17,0.9999190205880902,7.2578871934095615,1.1678868398490168
0.013353293125774768,0.9978452291325386,0.02,1.1422568648843816e-05,1.8242511605114945e-16,4.572930960144004e-17,0.9999190205881122,7.257887193409473,1.1678868398487448
0.013353293126093124,0.9978452291324686,0.02,1.142256864881946e-05,8.901580304617375e-18,2.7405581790806742e-17,0.9999190205881334,7.2578871934093865,1.1678868398484803
0.013353293126402876,0.9978452291324008,0.02,1.1422568648795784e-05,-1.487943113935723e-16,-6.439623553659256e-19,0.999919020588154,7.257887193409303,1.167886839848223
0.013353293126704135,0.9978452291323345,0.02,1.1422568648772765e-05,-1.346641491870912e-16,1.794982425366684e-17,0.9999190205881744,7.257887193409221,1.1678868398479731
0.013353293126996957,0.9978452291322701,0.02,1.1422568648750387e-05,1.4727592049146926e-16,-1.3628385041059107e-17,0.9999190205881938,7.257887193409141,1.16788683984773
0.013353293127281396,0.9978452291322075,0.02,1.142256864872863e-05,-9.377901938208278e-17,-2.342195497468342e-17,0.9999190205882126,7.257887193409064,1.1678868398474935
0.013353293127558286,0.9978452291321465,0.02,1.1422568648707476e-05,1.472305789448525e-16,-1.2314351704021205e-17,0.9999190205882312,7.2578871934089895,1.167886839847264
0.013353293127827404,0.9978452291320876,0.02,1.1422568648686914e-05,-3.420336365236429e-17,1.119164581811876e-17,0.9999190205882492,7.257887193408917,1.1678868398470406
0.013353293128088861,0.99784522913203,0.02,1.142256864866692e-05,2.2662108357198617e-17,2.810255376470628e-17,0.9999190205882664,7.257887193408846,1.1678868398468234
0.013353293128343269,0.9978452291319743,0.02,1.1422568648647482e-05,8.011961406245092e-18,3.580563380039587e-17,0.9999190205882836,7.257887193408776,1.1678868398466125
0.013353293128590182,0.9978452291319196,0.02,1.1422568648628583e-05,7.406296784974081e-17,-1.356026864511179e-17,0.9999190205883004,7.25788719340871,1.1678868398464068
0.01335329312883099,0.997845229131867,0.02,1.1422568648610213e-05,-1.6770287630194414e-16,-8.952398479471236e-18,0.9999190205883162,7.257887193408645,1.1678868398462072
0.013353293129064359,0.9978452291318155,0.02,1.142256864859235e-05,1.8370718325604912e-16,-1.6153021232488988e-17,0.9999190205883316,7.257887193408582,1.1678868398460134
0.01335329312929151,0.9978452291317654,0.02,1.1422568648574987e-05,1.3045923323211094e-16,-8.575954743840862e-18,0.9999190205883467,7.25788719340852,1.1678868398458249
0.0133532931295125,0.9978452291317171,0.02,1.1422568648558104e-05,-6.671355897186654e-17,-1.840192562276714e-17,0.9999190205883618,7.25788719340846,1.1678868398456415
0.013353293129727162,0.9978452291316698,0.02,1.1422568648541691e-05,1.773085741226273e-17,2.5719514640834036e-17,0.9999190205883762,7.2578871934084015,1.1678868398454632
0.013353293129935995,0.9978452291316238,0.02,1.1422568648525733e-05,2.22496800942799e-19,-2.5746533333128138e-17,0.9999190205883901,7.2578871934083455,1.1678868398452895
0.013353293130138888,0.9978452291315794,0.02,1.142256864851022e-05,-2.2415993755698306e-16,-6.01383737630185e-18,0.9999190205884038,7.2578871934082905,1.1678868398451212
0.013353293130336286,0.9978452291315358,0.02,1.1422568648495137e-05,5.777197351035272e-17,-7.721833808500269e-18,0.9999190205884168,7.257887193408237,1.1678868398449571
0.013353293130527799,0.9978452291314939,0.02,1.1422568648480475e-05,-1.0069594202192483e-16,-1.3949961451561028e-17,0.9999190205884295,7.257887193408185,1.167886839844798
0.013353293130714539,0.9978452291314526,0.02,1.1422568648466219e-05,1.8156212763685055e-16,3.539079269797749e-17,0.999919020588442,7.257887193408135,1.1678868398446431
0.013353293130895727,0.9978452291314129,0.02,1.1422568648452357e-05,-4.9924947134093306e-17,-1.0411136252358396e-18,0.999919020588454,7.257887193408085,1.1678868398444926
0.013353293131071975,0.9978452291313742,0.02,1.1422568648438882e-05,-3.0225166485526634e-17,4.116466471139998e-19,0.9999190205884663,7.257887193408037,1.1678868398443463
0.013353293131243227,0.9978452291313362,0.02,1.1422568648425785e-05,-6.700828062673006e-17,5.655753339367481e-18,0.9999190205884775,7.257887193407991,1.1678868398442037
0.013353293131410093,0.9978452291312997,0.02,1.1422568648413046e-05,1.088596242313103e-16,-4.2829888482003606e-18,0.9999190205884885,7.257887193407946,1.1678868398440654
0.01335329313157202,0.9978452291312639,0.02,1.1422568648400664e-05,6.228401454323215e-17,-3.4776022421369965e-18,0.9999190205884998,7.257887193407902,1.167886839843931
0.013353293131729671,0.9978452291312296,0.02,1.1422568648388626e-05,-1.621060790237015e-16,-2.4759019700940672e-18,0.9999190205885098,7.25788719340786,1.1678868398438003
0.013353293131882604,0.9978452291311957,0.02,1.1422568648376923e-05,3.2014470522238034e-17,2.0054042801989032e-17,0.9999190205885201,7.257887193407818,1.167886839843673
0.013353293132031485,0.997845229131163,0.02,1.1422568648365544e-05,-7.150041086185855e-17,-3.569737010244054e-17,0.9999190205885304,7.257887193407778,1.1678868398435494
0.013353293132176036,0.9978452291311309,0.02,1.1422568648354482e-05,1.713339323727978e-16,1.5179354408421078e-17,0.9999190205885397,7.257887193407739,1.1678868398434297
0.013353293132316868,0.9978452291311002,0.02,1.1422568648343728e-05,-5.505536010398666e-19,1.2254497536897914e-17,0.9999190205885492,7.257887193407701,1.1678868398433127
0.013353293132453481,0.99784522913107,0.02,1.142256864833327e-05,1.551159563498317e-17,-8.311285331670352e-19,0.9999190205885583,7.257887193407663,1.1678868398431987
0.013353293132586597,0.9978452291310408,0.02,1.1422568648323104e-05,2.512499226433036e-17,-5.09066214927533e-18,0.9999190205885675,7.257887193407628,1.1678868398430884
0.013353293132715771,0.9978452291310123,0.02,1.1422568648313221e-05,7.339557315813125e-17,-2.0492099755408233e-18,0.9999190205885758,7.257887193407592,1.1678868398429814
0.013353293132841504,0.9978452291309846,0.02,1.1422568648303613e-05,8.74499370082524e-17,-2.0325214483045398e-17,0.9999190205885846,7.257887193407559,1.1678868398428768
